tick,force_value,force_target
1.0,0.0,
2.0,0.0,
3.0,-0.13450503336584926,-7.79215309889439e-05
4.0,-0.13450503336584926,
5.0,0.5821693972753539,0.018289174576517034
6.0,0.5821693972753539,
7.0,-0.985223441726863,-0.0999326844015887
8.0,-0.985223441726863,
9.0,0.02239018382064044,0.09952401034002745
10.0,0.02239018382064044,
11.0,0.1299359444532102,0.09132231630313797
12.0,0.1299359444532102,
13.0,1.4126159316267126,0.055966616913005
14.0,1.4126159316267126,
15.0,-0.38619394315445543,-0.25011635666700427
16.0,-0.38619394315445543,
17.0,-0.3473457909837844,-0.1762262146895735
18.0,-0.3473457909837844,
19.0,-2.214452524585985,-0.09918705107497605
20.0,-2.214452524585985,
21.0,0.6752638285484067,0.38125934907424464
22.0,0.6752638285484067,
23.0,-0.07068363746910389,0.2557877802736025
24.0,-0.07068363746910389,
25.0,-0.6517425580937992,0.2873384706047306
26.0,-0.6517425580937992,
27.0,0.5888039016545514,0.4575714638995083
28.0,0.5888039016545514,
29.0,0.4449224024330351,0.35563481112798
30.0,0.4449224024330351,
31.0,0.34412828224155906,0.27305946913954104
32.0,0.34412828224155906,
33.0,1.114605249305134,0.200184425531866
34.0,1.114605249305134,
35.0,0.9381147791600685,-0.03483042675470416
36.0,0.9381147791600685,
37.0,0.8310909681731982,-0.25463824953543557
38.0,0.8310909681731982,
39.0,-1.7488411506308807,-0.47974579500603065
40.0,-1.7488411506308807,
41.0,-1.2269649780159866,-0.13447292368880948
42.0,-1.2269649780159866,
43.0,-0.47372601637503503,0.13609472912979997
44.0,-0.47372601637503503,
45.0,-0.5877219196687093,0.24280579826512483
46.0,-0.5877219196687093,
47.0,-0.6763775656612224,0.3895186543258594
48.0,-0.6763775656612224,
49.0,-0.725065759305312,0.5748957148835212
50.0,-0.725065759305312,
51.0,0.86452612949219,0.7868477231147133
52.0,0.86452612949219,
53.0,-0.6774133162305203,0.6484976575590136
54.0,-0.6774133162305203,
55.0,1.409181730113985,0.8481024728764526
56.0,1.409181730113985,
57.0,0.6664557813046936,0.5867157807731952
58.0,0.6664557813046936,
59.0,-0.1395318186203614,0.45900555686464556
60.0,-0.1395318186203614,
61.0,0.2669347155385574,0.5002145281155638
62.0,0.2669347155385574,
63.0,1.6817950160967403,1.673820822713109
64.0,1.6817950160967403,
65.0,0.5724233845902409,0.11262017880404684
66.0,0.5724233845902409,
67.0,-0.7568394268874181,-0.027272074732011875
68.0,-0.7568394268874181,
69.0,0.3034983038952611,0.1269576787437927
70.0,0.3034983038952611,
71.0,-0.7894332600862211,0.05566893609297452
72.0,-0.7894332600862211,
73.0,-1.1191374779442376,0.23364362033453778
74.0,-1.1191374779442376,
75.0,0.5298106096378241,0.4883826479073387
76.0,0.5298106096378241,
77.0,0.21003391623190767,0.3930505205882032
78.0,0.21003391623190767,
79.0,3.0305735939869805,0.3756162645027752
80.0,3.0305735939869805,
81.0,-0.12396926415479484,-0.3040304194223049
82.0,-0.12396926415479484,
83.0,0.1113731113917753,-0.3328675976027142
84.0,0.1113731113917753,
85.0,0.24886781527007396,-0.41399804838483867
86.0,0.24886781527007396,
87.0,-2.585722209743822,-0.5353230960034274
88.0,-2.585722209743822,
89.0,-0.5939170516833538,-0.005282465372143774
90.0,-0.5939170516833538,
91.0,-0.22063408311408123,0.12906894574344802
92.0,-0.22063408311408123,
93.0,1.9724449320627946,0.1653075197173304
94.0,1.9724449320627946,
95.0,1.368645945251575,-0.26901700436510767
96.0,1.368645945251575,
97.0,0.5406221519481038,-0.6236084406870273
98.0,0.5406221519481038,
99.0,-1.1075814279201701,-0.8248390534620151
100.0,-1.1075814279201701,
101.0,-0.7204343469690687,-0.6605712191254325
102.0,-0.7204343469690687,
103.0,1.1947302559525554,-0.5554236243974044
104.0,1.1947302559525554,
105.0,-0.15270311972928075,-0.8802437770631122
106.0,-0.15270311972928075,
107.0,2.5715358440746656,-0.928719597693048
108.0,2.5715358440746656,
109.0,-0.9260302708465736,-1.6249712496162525
110.0,-0.9260302708465736,
111.0,-1.4661569278387205,-1.5690792940655842
112.0,-1.4661569278387205,
113.0,0.34023641166779606,-1.2666161968740244
114.0,0.34023641166779606,
115.0,-1.8719374648848923,-1.5205279045495808
116.0,-1.8719374648848923,
117.0,0.19324586655934417,-1.2047461866436366
118.0,0.19324586655934417,
119.0,-1.8297403824935863,-1.3106176172078419
120.0,-1.8297403824935863,
121.0,0.5173723582782686,-0.993523801836707
122.0,0.5173723582782686,
123.0,-1.600364862348877,-1.1745888817960717
124.0,-1.600364862348877,
125.0,-1.3621475331248543,-0.8797022923410007
126.0,-1.3621475331248543,
127.0,-1.0502906250932424,-0.5927481070593701
128.0,-1.0502906250932424,
129.0,0.9023042267753003,-0.3432099591341098
130.0,0.9023042267753003,
131.0,-0.11760315465378296,-0.5172529313370435
132.0,-0.11760315465378296,
133.0,-0.960973023786236,-0.4796821656303205
134.0,-0.960973023786236,
135.0,-1.413138055595284,-0.23636203433161107
136.0,-1.413138055595284,
137.0,0.5633965988142069,0.1255594951803003
138.0,0.5633965988142069,
139.0,0.17909708970673296,0.08082922830912809
140.0,0.17909708970673296,
141.0,0.5320269927850736,0.11438317604410964
142.0,0.5320269927850736,
143.0,-0.9613791592265037,0.06483938188892457
144.0,-0.9613791592265037,
145.0,0.6433365779597708,0.35486825415338874
146.0,0.6433365779597708,
147.0,0.004682273720926888,0.299957263897046
148.0,0.004682273720926888,
149.0,-0.3791711420142342,0.38297344065305694
150.0,-0.3791711420142342,
151.0,1.295474697764188,0.5540770070160899
152.0,1.295474697764188,
153.0,0.30433576538721435,0.3263899357731037
154.0,0.30433576538721435,
155.0,2.1035538286366675,0.31554854569421154
156.0,2.1035538286366675,
157.0,-1.3846165623460318,-0.5544884391877769
158.0,-1.3846165623460318,
159.0,-2.5364423904075384,-0.17351085381598763
160.0,-2.5364423904075384,
161.0,2.0972718232414316,0.3906113835659859
162.0,2.0972718232414316,
163.0,-0.4276226604174793,-0.04266637501417139
164.0,-0.4276226604174793,
165.0,-1.9668828676235095,0.05891677348414126
166.0,-1.9668828676235095,
167.0,2.3460612844240263,0.5269635623430191
168.0,2.3460612844240263,
169.0,-0.15800665137588057,0.05802941684111093
170.0,-0.15800665137588057,
171.0,0.26302949169058043,0.10190016871083721
172.0,0.26302949169058043,
173.0,1.5086228250334144,0.05727334494848807
174.0,1.5086228250334144,
175.0,-0.16584740565224593,-0.255965594756294
176.0,-0.16584740565224593,
177.0,-0.849118343430928,-0.22283452842324758
178.0,-0.849118343430928,
179.0,0.9945477598017927,-0.022905291487480328
180.0,0.9945477598017927,
181.0,-0.12281795530102696,-0.22111075017922044
182.0,-0.12281795530102696,
183.0,-0.5926409931952348,-0.1923610269157514
184.0,-0.5926409931952348,
185.0,0.7754770365588481,-0.05149636633742727
186.0,0.7754770365588481,
187.0,-1.5665238304917328,-0.21366933777297326
188.0,-1.5665238304917328,
189.0,-0.6291648789511437,0.13124034687821107
190.0,-0.6291648789511437,
191.0,0.07066895128349424,0.2933091515701086
192.0,0.07066895128349424,
193.0,0.6470455183266419,0.3084655276781496
194.0,0.6470455183266419,
195.0,-0.7668833359450589,0.17290798635786822
196.0,-0.7668833359450589,
197.0,-0.1893596576659916,0.43400761744282634
198.0,-0.1893596576659916,
199.0,0.7484372216677316,0.5186200328754941
200.0,0.7484372216677316,
201.0,0.7375449805660738,0.3914756180344963
202.0,0.7375449805660738,
203.0,0.03683357455782332,0.2612712935734027
204.0,0.03683357455782332,
205.0,-0.09296565256867745,0.2921508035443492
206.0,-0.09296565256867745,
207.0,-0.31166734997922557,0.34835864453549464
208.0,-0.31166734997922557,
209.0,0.5253095766615018,0.436590875715132
210.0,0.5253095766615018,
211.0,0.5253095766615018,
212.0,-1.8925137107901207,0.3499664365035615
213.0,0.5135954767592282,0.5909207130757338
214.0,0.5135954767592282,
215.0,-0.6127902914976228,0.4584570130203741
216.0,-0.6127902914976228,
217.0,-0.6127902914976228,
218.0,-0.14038441821944603,0.687906785969096
219.0,0.5594820687078697,0.8107985266030419
220.0,0.5594820687078697,
221.0,-2.027820551897985,0.7329148534896662
222.0,-2.027820551897985,
223.0,1.4321027019974533,1.2303098959129586
224.0,1.4321027019974533,
225.0,0.7203462547653516,0.9916660467681933
226.0,0.7203462547653516,
227.0,1.9848533692985957,0.8958244233487538
228.0,1.9848533692985957,
229.0,0.02984515249641162,0.507632592889445
230.0,0.02984515249641162,
231.0,0.27675929343674244,0.5198180553340039
232.0,0.27675929343674244,
233.0,0.12503953466211193,0.47477202800935414
234.0,0.12503953466211193,
235.0,-0.30206859573774125,0.4590633213813262
236.0,-0.30206859573774125,
237.0,0.4603281153325322,0.5408528250440556
238.0,0.4603281153325322,
239.0,0.3138040561797886,0.4542233190516958
240.0,0.3138040561797886,
241.0,3.0471690622114123,0.38910936675390073
242.0,3.0471690622114123,
243.0,-0.9903981883247462,-0.33138716581548255
244.0,-0.9903981883247462,
245.0,2.406349405580756,-0.19234588159973454
246.0,2.406349405580756,
247.0,-2.066401212476559,-0.8451801410739908
248.0,-2.066401212476559,
249.0,-1.8013825974072981,-0.5151459275950865
250.0,-1.8013825974072981,
251.0,-0.17254928697605432,-0.18861365239714423
252.0,-0.17254928697605432,
253.0,0.15242175643325456,-0.1936250244859914
254.0,0.15242175643325456,
255.0,-1.7679643161237282,-0.2713531197319219
256.0,-1.7679643161237282,
257.0,0.727820002115363,0.0949279749726808
258.0,0.727820002115363,
259.0,0.5146262251069887,-0.07239696480739788
260.0,0.5146262251069887,
261.0,-0.15300342766129438,-0.21311073959851168
262.0,-0.15300342766129438,
263.0,1.3363305900903475,-0.21223390962197186
264.0,1.3363305900903475,
265.0,0.9221006394073772,-0.5508640611289366
266.0,0.9221006394073772,
267.0,0.27752815910218276,-0.8438030125615783
268.0,0.27752815910218276,
269.0,-1.2481119736319362,-1.0122848795708337
270.0,-1.2481119736319362,
271.0,-2.273915418061031,-0.8362436442561578
272.0,-2.273915418061031,
273.0,-1.7411225119180607,-0.3970781076793071
274.0,-1.7411225119180607,
275.0,-0.8412070453827405,-0.03999317132471458
276.0,-0.8412070453827405,
277.0,-0.23874645759106305,0.1480426353365769
278.0,-0.23874645759106305,
279.0,-0.5764594430348179,0.21874920615936677
280.0,-0.5764594430348179,
281.0,2.8506403223273558,0.3753589225826408
282.0,2.8506403223273558,
283.0,-1.2072099617642889,-0.23235121524880425
284.0,-1.2072099617642889,
285.0,-1.1554376654304683,0.010050526315271924
286.0,-1.1554376654304683,
287.0,0.5637355263861937,0.2715323984043967
288.0,0.5637355263861937,
289.0,-0.5887518472635804,0.16387801750784758
290.0,-0.5887518472635804,
291.0,-0.8427354313664857,0.30609180233685107
292.0,-0.8427354313664857,
293.0,2.2608138676802465,0.5590793088341286
294.0,2.2608138676802465,
295.0,-0.8075922728705879,-0.3880042375146211
296.0,-0.8075922728705879,
297.0,-2.3367879695900924,-0.17071018864990828
298.0,-2.3367879695900924,
299.0,2.266116893261998,0.6132451871224065
300.0,2.266116893261998,
301.0,-0.6033521524050095,0.17027601460089592
302.0,-0.6033521524050095,
303.0,-0.7333303778759053,0.3130865463435557
304.0,-0.7333303778759053,
305.0,2.101923578767567,0.5048100893259191
306.0,2.101923578767567,
307.0,0.7229625910160297,0.07820298317416559
308.0,0.7229625910160297,
309.0,-0.7042265680583839,-0.07996979264175341
310.0,-0.7042265680583839,
311.0,-1.423075740907188,0.07897061966019762
312.0,-1.423075740907188,
313.0,0.7456240553953226,0.3930524149403334
314.0,0.7456240553953226,
315.0,0.661775748850654,0.234749319509583
316.0,0.661775748850654,
317.0,1.4741528262729773,0.02176821372803911
318.0,1.4741528262729773,
319.0,0.23771652040362434,-0.2984134220036707
320.0,0.23771652040362434,
321.0,0.9608664134260743,-0.38773399228224537
322.0,0.9608664134260743,
323.0,-1.6234778710949165,-0.6551805362814034
324.0,-1.6234778710949165,
325.0,-0.3434114831546837,-0.3568886579582593
326.0,-0.3434114831546837,
327.0,1.0853914200464767,-0.30631010669115327
328.0,1.0853914200464767,
329.0,-0.6427054647696565,-0.5821450050718808
330.0,-0.6427054647696565,
331.0,-1.034780759003022,-0.4866976265112073
332.0,-1.034780759003022,
333.0,0.14529394172012078,-0.28036413650044345
334.0,0.14529394172012078,
335.0,0.9171079525999531,-0.3206119766500307
336.0,0.9171079525999531,
337.0,-0.09549712263986437,-0.5449625826750486
338.0,-0.09549712263986437,
339.0,-0.5221880330894394,-0.5592307835964461
340.0,-0.5221880330894394,
341.0,-0.976656556074176,-0.471537329179742
342.0,-0.976656556074176,
343.0,-0.19853857528259433,-0.27489964738831685
344.0,-0.19853857528259433,
345.0,-0.16535674716020227,-0.22850219627151547
346.0,-0.16535674716020227,
347.0,-0.16535674716020227,
348.0,-0.631275135805478,-0.19562782773867804
349.0,-0.17998821240374413,-0.11665489121549744
350.0,-0.17998821240374413,
351.0,-1.481142456269177,-0.07912237074429318
352.0,-1.481142456269177,
353.0,1.9770971417178556,0.26411998858753494
354.0,1.9770971417178556,
355.0,-1.239806560803539,-0.15248256249646774
356.0,-1.239806560803539,
357.0,0.3125172814517867,0.1258184028562963
358.0,0.3125172814517867,
359.0,1.6437218376901859,0.07636633563325601
360.0,1.6437218376901859,
361.0,0.6627421882334938,-0.2806600442083027
362.0,0.6627421882334938,
363.0,-0.12514399281175165,-0.4351591170685908
364.0,-0.12514399281175165,
365.0,-1.732254405790735,-0.423290177641353
366.0,-1.732254405790735,
367.0,0.44508445957925435,-0.07390554984274611
368.0,0.44508445957925435,
369.0,1.3642122943440365,-0.18046893410185816
370.0,1.3642122943440365,
371.0,-0.06397399163970569,-0.48566921145329317
372.0,-0.06397399163970569,
373.0,1.0973489962451177,-0.4905719610341078
374.0,1.0973489962451177,
375.0,-0.6894019272380466,-0.7621726317652489
376.0,-0.6894019272380466,
377.0,-1.3888499794043052,-0.6504087080025573
378.0,-1.3888499794043052,
379.0,-0.2882135270006024,-0.38093867629174294
380.0,-0.2882135270006024,
381.0,0.6538981285856453,-0.33975237526112595
382.0,0.6538981285856453,
383.0,0.47460469520995574,-0.5140428504438772
384.0,0.47460469520995574,
385.0,0.18555899629044004,-0.6310426011899353
386.0,0.18555899629044004,
387.0,-1.64073878809952,-0.6959024767171308
388.0,-1.64073878809952,
389.0,-1.4577980954002385,-0.36549004617290337
390.0,-1.4577980954002385,
391.0,-0.7077625249773197,-0.040728147212123034
392.0,-0.7077625249773197,
393.0,-0.5285942449550549,0.17418220333976642
394.0,-0.5285942449550549,
395.0,0.8336514089385978,0.4336378220495791
396.0,0.8336514089385978,
397.0,0.8336514089385978,
398.0,-0.2941505162993514,0.25962898230242715
399.0,0.7426499551341925,0.242083504367276
400.0,0.7426499551341925,
401.0,-1.6459448639990795,0.1227225646712733
402.0,-1.6459448639990795,
403.0,0.8514639916150739,0.5253446784918143
404.0,0.8514639916150739,
405.0,0.9901844349261945,0.3992002843866136
406.0,0.9901844349261945,
407.0,-1.264800196442187,0.21476026822099148
408.0,-1.264800196442187,
409.0,-0.4850168816931051,0.5243327954453796
410.0,-0.4850168816931051,
411.0,1.5413723842300127,0.6972708439677722
412.0,1.5413723842300127,
413.0,0.0665924966508813,0.4158067776001093
414.0,0.0665924966508813,
415.0,0.47523320744153663,0.4352104138515802
416.0,0.47523320744153663,
417.0,-0.4896607419898879,0.3578447708814623
418.0,-0.4896607419898879,
419.0,0.7219628058597938,0.49230764657845727
420.0,0.7219628058597938,
421.0,1.1540059963281155,0.35946321309267054
422.0,1.1540059963281155,
423.0,1.8604467933599471,0.13606407862729175
424.0,1.8604467933599471,
425.0,-0.866756693349644,-0.2842327422084745
426.0,-0.866756693349644,
427.0,-0.7204773523221087,-0.11825412523299739
428.0,-0.7204773523221087,
429.0,-1.4081683670550966,0.03767794351614895
430.0,-1.4081683670550966,
431.0,0.14988169143062494,0.35759787032928064
432.0,0.14988169143062494,
433.0,1.2335141333880597,0.3389413175561342
434.0,1.2335141333880597,
435.0,0.22762397925295813,0.09560766620684658
436.0,0.22762397925295813,
437.0,-1.1856824266122228,0.054338146981709246
438.0,-1.1856824266122228,
439.0,2.0516353851272946,0.3227911073391855
440.0,2.0516353851272946,
441.0,0.4824328689109899,-0.11554683123021414
442.0,0.4824328689109899,
443.0,-1.7879927030418061,-0.24499223102142853
444.0,-1.7879927030418061,
445.0,-0.34831207908045797,0.14309345095192222
446.0,-0.34831207908045797,
447.0,-1.096759787975218,0.24447134221774447
448.0,-1.096759787975218,
449.0,-0.9630073925340101,0.4980802056311473
450.0,-0.9630073925340101,
451.0,0.982611972648599,0.7579957015909964
452.0,0.982611972648599,
453.0,-0.6090999871352845,0.5880457742518286
454.0,-0.6090999871352845,
455.0,1.7073019380743826,0.7633011559507876
456.0,1.7073019380743826,
457.0,0.03598171296019259,0.4332621386938009
458.0,0.03598171296019259,
459.0,0.08132065786947901,0.4631404547370764
460.0,0.08132065786947901,
461.0,-0.49531506035784767,0.4844813911939094
462.0,-0.49531506035784767,
463.0,1.2053808607176828,0.6223534113285436
464.0,1.2053808607176828,
465.0,-0.7447813382078642,0.39714558913877085
466.0,-0.7447813382078642,
467.0,0.4326182240915657,0.595537709619863
468.0,0.4326182240915657,
469.0,-0.184317953109995,0.543281297344028
470.0,-0.184317953109995,
471.0,-1.0308689497635535,0.6261611078391377
472.0,-1.0308689497635535,
473.0,2.04769981854703,0.8826214513520798
474.0,2.04769981854703,
475.0,0.763363837836921,0.4839549477921623
476.0,0.763363837836921,
477.0,-0.7805322691518544,0.32846060560910373
478.0,-0.7805322691518544,
479.0,0.6618156302214264,0.5132442561315503
480.0,0.6618156302214264,
481.0,0.9562902477169797,0.3838877212054359
482.0,0.9562902477169797,
483.0,2.0235534042555083,0.17037024355099417
484.0,2.0235534042555083,
485.0,-0.31023901466666504,-0.31570325612671946
486.0,-0.31023901466666504,
487.0,-0.7546641871169473,-0.3199949101541031
488.0,-0.7546641871169473,
489.0,0.3966289440865578,-0.2176940669677796
490.0,0.3966289440865578,
491.0,-2.9657333672906963,-0.3674988454810322
492.0,-2.9657333672906963,
493.0,0.4715355988130324,0.25212606246367864
494.0,0.4715355988130324,
495.0,-0.3659097670318218,0.15562957702707275
496.0,-0.3659097670318218,
497.0,0.31559524701720365,0.24293427435706302
498.0,0.31559524701720365,
499.0,0.46734759444560214,0.18317015478088583
500.0,0.46734759444560214,
501.0,0.680737085327962,0.07721372101982926
502.0,0.680737085327962,
503.0,0.19325230780007152,-0.08793326412812852
504.0,0.19325230780007152,
505.0,-0.2715845058789743,-0.15950121404244189
506.0,-0.2715845058789743,
507.0,-0.22793697670992052,-0.12960785247189877
508.0,-0.22793697670992052,
509.0,-1.4908646782080623,-0.10267372896315519
510.0,-1.4908646782080623,
511.0,1.179685864610865,0.2061464682124755
512.0,1.179685864610865,
513.0,-2.268912911228011,-0.056409764846641564
514.0,-2.268912911228011,
515.0,0.8841334966278542,0.42371952000699964
516.0,0.8841334966278542,
517.0,0.8933218307538093,0.23205204549189362
518.0,0.8933218307538093,
519.0,-1.1463535100236362,0.04662415424217972
520.0,-1.1463535100236362,
521.0,0.06973683724516136,0.2902085155902525
522.0,0.06973683724516136,
523.0,1.1365128986019752,0.2721844681201466
524.0,1.1365128986019752,
525.0,0.32559871753590686,0.033136329466731174
526.0,0.32559871753590686,
527.0,0.7675838194313698,-0.046216845644366567
528.0,0.7675838194313698,
529.0,1.4912363445760637,-0.23756063759200052
530.0,1.4912363445760637,
531.0,-1.602418577911564,-0.6187115604657483
532.0,-1.602418577911564,
533.0,0.2584278633437195,-0.3230626009113573
534.0,0.2584278633437195,
535.0,-0.3036147565458207,-0.4192710989987932
536.0,-0.3036147565458207,
537.0,-0.4803227387764157,-0.3932806784374723
538.0,-0.4803227387764157,
539.0,-0.19968086604023166,-0.3169755030246758
540.0,-0.19968086604023166,
541.0,-0.7801239189771088,-0.2945061481347952
542.0,-0.7801239189771088,
543.0,-0.7659505080370328,-0.14677528513693
544.0,-0.7659505080370328,
545.0,-0.5079948596155798,0.002550980004198733
546.0,-0.5079948596155798,
547.0,-0.8604612972702489,0.11061323989749017
548.0,-0.8604612972702489,
549.0,0.1788695910781134,0.31397135263997855
550.0,0.1788695910781134,
551.0,1.5380747280839906,0.2994806835830095
552.0,1.5380747280839906,
553.0,0.19045407338452208,-0.034227932460122124
554.0,0.19045407338452208,
555.0,-0.9685374934088219,-0.09953696028311208
556.0,-0.9685374934088219,
557.0,-1.291823423245872,0.09843191203059798
558.0,-1.291823423245872,
559.0,-1.2028859407133863,0.39755207080671706
560.0,-1.2028859407133863,
561.0,0.9909738365339933,0.7119062899027973
562.0,0.9909738365339933,
563.0,-0.4697802708414833,0.5539980990318798
564.0,-0.4697802708414833,
565.0,1.9350032903390615,0.7120587997340473
566.0,1.9350032903390615,
567.0,-0.9757636259852296,0.32079650644539726
568.0,-0.9757636259852296,
569.0,2.4844590833559073,0.5541360680357039
570.0,2.4844590833559073,
571.0,-1.571172371441724,0.02238498456284077
572.0,-1.571172371441724,
573.0,-0.17896249457138935,0.37095285337067374
574.0,-0.17896249457138935,
575.0,0.26260502423935184,0.42281566266791626
576.0,0.26260502423935184,
577.0,2.3101711381400225,0.37613531916392745
578.0,2.3101711381400225,
579.0,-1.2005755366474045,-0.12014424721597017
580.0,-1.2005755366474045,
581.0,1.0100891385318524,0.138145884186629
582.0,1.0100891385318524,
583.0,0.7973065059520685,-0.08306692059092424
584.0,0.7973065059520685,
585.0,0.19812954851850584,-0.28941927722797556
586.0,0.19812954851850584,
587.0,-0.2076465880842125,-0.3765884848028995
588.0,-0.2076465880842125,
589.0,-1.1403671746022408,-0.37609866538423775
590.0,-1.1403671746022408,
591.0,0.4984159627826238,-0.15220162046840824
592.0,0.4984159627826238,
593.0,0.14293477732976,-0.27879571268617953
594.0,0.14293477732976,
595.0,-0.25656373603163357,-0.3393494023825323
596.0,-0.25656373603163357,
597.0,0.8137728915858883,-0.31036486347257985
598.0,0.8137728915858883,
599.0,-0.29494647981570316,-0.5250631906750745
600.0,-0.29494647981570316,
601.0,-1.2297596772109083,-0.5043757791107337
602.0,-1.2297596772109083,
603.0,-0.9909224786226746,-0.26056752729894006
604.0,-0.9909224786226746,
605.0,0.6708646917167648,-0.06726900408463832
606.0,0.6708646917167648,
607.0,-1.562203468802688,-0.23650422937854373
608.0,-1.562203468802688,
609.0,0.983828899951129,0.09525002101722269
610.0,0.983828899951129,
611.0,0.8067399131499788,-0.12668305265141078
612.0,0.8067399131499788,
613.0,-0.07741152275877589,-0.3197996641358131
614.0,-0.07741152275877589,
615.0,0.999614479451174,-0.31370054409422365
616.0,0.999614479451174,
617.0,-0.4363782087998817,-0.5551988601207527
618.0,-0.4363782087998817,
619.0,-0.09725920077184891,-0.49029439519458856
620.0,-0.09725920077184891,
621.0,-0.7898393887918944,-0.49309607206534284
622.0,-0.7898393887918944,
623.0,-0.5907891922684104,-0.3560780805742274
624.0,-0.5907891922684104,
625.0,-0.8860825005291411,-0.25280459668591204
626.0,-0.8860825005291411,
627.0,0.45192719300809514,-0.06763432195386332
628.0,0.45192719300809514,
629.0,0.30424026004759164,-0.17060523130403604
630.0,0.30424026004759164,
631.0,0.7198504146749591,-0.250531825895945
632.0,0.7198504146749591,
633.0,0.23781164674278288,-0.43437512152362245
634.0,0.23781164674278288,
635.0,0.4485836872793464,-0.5007253802364273
636.0,0.4485836872793464,
637.0,-0.402838583468377,-0.6217265382742756
638.0,-0.402838583468377,
639.0,-2.050075910445429,-0.5567749803622499
640.0,-2.050075910445429,
641.0,-1.5945641414808809,-0.1377755571782533
642.0,-1.5945641414808809,
643.0,-0.6113262246794253,0.2463216550098144
644.0,-0.6113262246794253,
645.0,-0.00964492412369139,0.4410162989201605
646.0,-0.00964492412369139,
647.0,1.9291481251192981,0.5144842740673936
648.0,1.9291481251192981,
649.0,0.044646018280908834,0.15406658628575887
650.0,0.044646018280908834,
651.0,-0.2422950716019872,0.1696016181808555
652.0,-0.2422950716019872,
653.0,0.028212627557221676,0.2518026879598272
654.0,0.028212627557221676,
655.0,-0.10407662863823403,0.27878479735077644
656.0,-0.10407662863823403,
657.0,0.46513447578373246,0.3361235877471942
658.0,0.46513447578373246,
659.0,-0.18829369638589988,0.2639562951202533
660.0,-0.18829369638589988,
661.0,-0.6214657893572914,0.3325231563909399
662.0,-0.6214657893572914,
663.0,-0.576069918309426,0.5122563028720986
664.0,-0.576069918309426,
665.0,0.7800883131352538,0.6971318812309151
666.0,0.7800883131352538,
667.0,0.3958815239996429,0.5852306684292018
668.0,0.3958815239996429,
669.0,0.41593307599789264,0.5427316714580822
670.0,0.41593307599789264,
671.0,-0.9124801136991765,0.48735628925307295
672.0,-0.9124801136991765,
673.0,2.2624513067177685,0.735388458556887
674.0,2.2624513067177685,
675.0,0.6437018432327211,0.27993135025254345
676.0,0.6437018432327211,
677.0,0.5430752043031231,0.15875686613595597
678.0,0.5430752043031231,
679.0,1.2196060820063879,0.04329023796138842
680.0,1.2196060820063879,
681.0,-1.4357952384861263,-0.23832135471482463
682.0,-1.4357952384861263,
683.0,-0.47005174101108704,0.06436487572283767
684.0,-0.47005174101108704,
685.0,-0.9968851110623281,0.17652765080425048
686.0,-0.9968851110623281,
687.0,-0.7696347308932703,0.415888271806567
688.0,-0.7696347308932703,
689.0,-0.2759884455719446,0.6124921697307586
690.0,-0.2759884455719446,
691.0,0.8196674283682884,0.7150822116921521
692.0,0.8196674283682884,
693.0,0.2778898472442731,0.5709422228909388
694.0,0.2778898472442731,
695.0,0.20106359732129087,0.5310399606038408
696.0,0.20106359732129087,
697.0,-2.406872917541104,0.5170215424455854
698.0,-2.406872917541104,
699.0,1.6835356042365417,1.094991567299678
700.0,1.6835356042365417,
701.0,-0.9858421117203666,0.7835151462397267
702.0,-0.9858421117203666,
703.0,0.3855603875289795,1.0499474953192887
704.0,0.3855603875289795,
705.0,0.24035432514749644,1.0268528778718538
706.0,0.24035432514749644,
707.0,1.0247551561978012,1.0288077009211722
708.0,1.0247551561978012,
709.0,0.6872270324860813,0.8566879460980626
710.0,0.6872270324860813,
711.0,-0.5389002915873092,0.7545328661803731
712.0,-0.5389002915873092,
713.0,0.3300463552394457,0.9220412392451117
714.0,0.3300463552394457,
715.0,0.1209843056089116,0.9060049833183835
716.0,0.1209843056089116,
717.0,0.4865751275133733,0.9329974878754121
718.0,0.4865751275133733,
719.0,1.0268366579094872,0.8745812635752952
720.0,1.0268366579094872,
721.0,1.8233997778953388,0.6795019197369705
722.0,1.8233997778953388,
723.0,-0.879746629975406,0.27347255139261106
724.0,-0.879746629975406,
725.0,-0.12826693591716287,0.44558860768805353
726.0,-0.12826693591716287,
727.0,1.565809112808837,0.4660033757273243
728.0,1.565809112808837,
729.0,0.8877312214758689,0.09311875026494265
730.0,0.8877312214758689,
731.0,1.4285629504233992,-0.1625455506390523
732.0,1.4285629504233992,
733.0,-0.695608077172978,-0.5729077733078229
734.0,-0.695608077172978,
735.0,-0.19150537615564478,-0.5352036143041201
736.0,-0.19150537615564478,
737.0,-0.7248502522130372,-0.6027859957505002
738.0,-0.7248502522130372,
739.0,-1.251399781918748,-0.5466602585221754
740.0,-1.251399781918748,
741.0,-0.04541979183443351,-0.35134061699726926
742.0,-0.04541979183443351,
743.0,-2.9415153609369318,-0.40726272739682523
744.0,-2.9415153609369318,
745.0,0.44173751717850407,0.19610996554030985
746.0,0.44173751717850407,
747.0,1.3132981929360945,0.10479685914626463
748.0,1.3132981929360945,
749.0,-1.0018712878892202,-0.20061851283852217
750.0,-1.0018712878892202,
751.0,-0.8054813576509859,-0.0028695981462039354
752.0,-0.8054813576509859,
753.0,-0.7721341406969211,0.1609022119428607
754.0,-0.7721341406969211,
755.0,1.9650568852498966,0.32219820802644294
756.0,1.9650568852498966,
757.0,1.035694670292863,-0.11288983828458021
758.0,1.035694670292863,
759.0,-0.02871239884472704,-0.37560705433373287
760.0,-0.02871239884472704,
761.0,-1.6511177037478395,-0.420834362626205
762.0,-1.6511177037478395,
763.0,1.2335439386335487,-0.0874838038597795
764.0,1.2335439386335487,
765.0,0.4671489157288188,-0.3810308622248332
766.0,0.4671489157288188,
767.0,-1.7420763146855576,-0.5332635349447324
768.0,-1.7420763146855576,
769.0,0.6055569610877062,-0.19994885233964596
770.0,0.6055569610877062,
771.0,-1.1210956421366087,-0.3517490190866113
772.0,-1.1210956421366087,
773.0,-0.9566580416270783,-0.14805191572564325
774.0,-0.9566580416270783,
775.0,0.16636919617257334,0.0398174585659814
776.0,0.16636919617257334,
777.0,0.564919701368096,-0.006729950982324651
778.0,0.564919701368096,
779.0,1.1428861508134758,-0.1510729650146717
780.0,1.1428861508134758,
781.0,0.7205543625372096,-0.4167409747267664
782.0,0.7205543625372096,
783.0,-1.586607860537704,-0.6152518657526936
784.0,-1.586607860537704,
785.0,-1.6228499151882874,-0.310861074987663
786.0,-1.6228499151882874,
787.0,0.7609838570537837,0.026776686751563084
788.0,0.7609838570537837,
789.0,1.5038283170949345,-0.14772284846301398
790.0,1.5038283170949345,
791.0,-0.9587174331071261,-0.5012097659816135
792.0,-0.9587174331071261,
793.0,2.4920881109687967,-0.3279311904396007
794.0,2.4920881109687967,
795.0,1.0777830191957456,-0.9151208868165255
796.0,1.0777830191957456,
797.0,0.0032062997763644407,-1.243195209373272
798.0,0.0032062997763644407,
799.0,-1.5503260376539938,-1.3556162790309596
800.0,-1.5503260376539938,
801.0,-2.185523012244267,-1.111480345576342
802.0,-2.185523012244267,
803.0,-1.7915455513319365,-0.691226565578134
804.0,-1.7915455513319365,
805.0,-1.8029338002949697,-0.3234723275387039
806.0,-1.8029338002949697,
807.0,0.6268624421962843,0.09255499480919527
808.0,0.6268624421962843,
809.0,0.15370712663710825,-0.004314684064007146
810.0,0.15370712663710825,
811.0,1.0516995840932841,-0.006167423701036956
812.0,1.0516995840932841,
813.0,0.7831010163302219,-0.2082981926271299
814.0,0.7831010163302219,
815.0,-0.38478841581141887,-0.38898862271486956
816.0,-0.38478841581141887,
817.0,-2.2199783615194306,-0.3191916751971393
818.0,-2.2199783615194306,
819.0,-0.3852043845594021,0.19194491835005367
820.0,-0.3852043845594021,
821.0,0.0050567336795360185,0.3353271866995966
822.0,0.0050567336795360185,
823.0,1.889879075439968,0.4024652395632229
824.0,1.889879075439968,
825.0,-0.3796408222535322,0.028852278893320094
826.0,-0.3796408222535322,
827.0,1.421763045068944,0.13615747984372484
828.0,1.421763045068944,
829.0,0.5673770909082383,-0.19768104173200057
830.0,0.5673770909082383,
831.0,-1.3707755173516771,-0.338674507605406
832.0,-1.3707755173516771,
833.0,-1.2689575420930992,-0.06975707848215384
834.0,-1.2689575420930992,
835.0,1.224434718137012,0.23701924938533137
836.0,1.224434718137012,
837.0,0.7370221499739056,-0.007824094054574515
838.0,0.7370221499739056,
839.0,-0.39264812170738217,-0.17105490693842437
840.0,-0.39264812170738217,
841.0,2.3468346522364882,-0.09237079045278579
842.0,2.3468346522364882,
843.0,-1.4399647893594194,-0.6081085065207363
844.0,-1.4399647893594194,
845.0,0.9247027098977685,-0.32076037096891086
846.0,0.9247027098977685,
847.0,-1.2034007150125645,-0.5542192319930527
848.0,-1.2034007150125645,
849.0,-1.2034007150125645,
850.0,-1.124596079151027,-0.1818363785838199
851.0,1.2897720325539472,0.09707044340185367
852.0,1.2897720325539472,
853.0,0.3240600444273985,-0.14434033723133144
854.0,0.3240600444273985,
855.0,-1.927209222641693,-0.22129948113640072
856.0,-1.927209222641693,
857.0,-0.18219922218183693,0.2258616529951929
858.0,-0.18219922218183693,
859.0,2.7228660897999957,0.3094991640975453
860.0,2.7228660897999957,
861.0,-0.9614010100671053,-0.25708082984910646
862.0,-0.9614010100671053,
863.0,-0.14239236855076237,-0.05582687457905722
864.0,-0.14239236855076237,
865.0,-0.2336409367614539,-0.02363214479119896
866.0,-0.2336409367614539,
867.0,-1.3134710836163235,0.03510256975746562
868.0,-1.3134710836163235,
869.0,-0.24271314708225822,0.3432744661973872
870.0,-0.24271314708225822,
871.0,0.5074067540969946,0.4478319948925358
872.0,0.5074067540969946,
873.0,0.13995015087882529,0.38420143236545146
874.0,0.13995015087882529,
875.0,0.6387445653253272,0.3945306917665663
876.0,0.6387445653253272,
877.0,-0.12076825641842631,0.288045512499852
878.0,-0.12076825641842631,
879.0,0.3326453886743326,0.33983721159541125
880.0,0.3326453886743326,
881.0,-0.4371607562787021,0.2908874271975702
882.0,-0.4371607562787021,
883.0,-0.1819146613769611,0.41464022779494325
884.0,-0.1819146613769611,
885.0,0.33458621616301265,0.48962434991559634
886.0,0.33458621616301265,
887.0,0.6347832084139522,0.44976258056046525
888.0,0.6347832084139522,
889.0,-1.1171363394488107,0.3304140757149288
890.0,-1.1171363394488107,
891.0,1.3529660651077302,0.59864772910177
892.0,1.3529660651077302,
893.0,1.3204532497790424,0.3446316364526072
894.0,1.3204532497790424,
895.0,1.3477920830365073,0.06669426062910855
896.0,1.3477920830365073,
897.0,-3.4055714747002566,-0.24263355294307098
898.0,-3.4055714747002566,
899.0,0.1884549109391973,0.5030178283457791
900.0,0.1884549109391973,
901.0,0.5376815029960335,0.48735088137068955
902.0,0.5376815029960335,
903.0,2.3965325553373997,0.4003580166659074
904.0,2.3965325553373997,
905.0,-0.1060912610956112,-0.12841385935938554
906.0,-0.1060912610956112,
907.0,-0.9115633571525811,-0.12962380550199715
908.0,-0.9115633571525811,
909.0,0.9682521258926824,0.05531429325072801
910.0,0.9682521258926824,
911.0,-0.32880954695108056,-0.17270154157342832
912.0,-0.32880954695108056,
913.0,-0.910341644891569,-0.1231513142043763
914.0,-0.910341644891569,
915.0,1.9346909052481678,0.07616352516703218
916.0,1.9346909052481678,
917.0,-0.26644625040298286,-0.3651305220447014
918.0,-0.26644625040298286,
919.0,-0.06702729369552168,-0.34915999713576995
920.0,-0.06702729369552168,
921.0,-0.4311116099456324,-0.3743477650058724
922.0,-0.4311116099456324,
923.0,-1.2548716513478788,-0.3136788216734927
924.0,-1.2548716513478788,
925.0,1.2221619126559513,-0.043625150376155136
926.0,1.2221619126559513,
927.0,-0.04063296274883871,-0.3151299323829061
928.0,-0.04063296274883871,
929.0,0.7376433407076507,-0.3312760399408531
930.0,0.7376433407076507,
931.0,1.1175018221378041,-0.5287780557232424
932.0,1.1175018221378041,
933.0,-1.9264377325949638,-0.8429604813117964
934.0,-1.9264377325949638,
935.0,0.914273139266454,-0.46945327212195403
936.0,0.914273139266454,
937.0,-1.544650156300801,-0.7092006729823963
938.0,-1.544650156300801,
939.0,-1.3000020195422273,-0.4131760549362586
940.0,-1.3000020195422273,
941.0,-1.202795253579756,-0.14936031823099938
942.0,-1.202795253579756,
943.0,-0.9204521330404736,0.12075645922425804
944.0,-0.9204521330404736,
945.0,0.6538063177947533,0.3599730774505243
946.0,0.6538063177947533,
947.0,-0.7695118419626639,0.25840933867270066
948.0,-0.7695118419626639,
949.0,1.2998385661270477,0.4681105197053199
950.0,1.2998385661270477,
951.0,-0.5644149760000686,0.2154177244946962
952.0,-0.5644149760000686,
953.0,0.48850938051323883,0.3667747090528273
954.0,0.48850938051323883,
955.0,0.8368794449875672,0.28912822302831276
956.0,0.8368794449875672,
957.0,0.3285490111039565,0.1220948947435549
958.0,0.3285490111039565,
959.0,1.0287770108034926,0.045431813766228374
960.0,1.0287770108034926,
961.0,-0.058776563018620456,-0.18028309672931764
962.0,-0.058776563018620456,
963.0,0.03515851727164079,-0.17340602282045847
964.0,0.03515851727164079,
965.0,-0.13019389488755323,-0.18642189752103044
966.0,-0.13019389488755323,
967.0,1.7375578553211108,-0.161508560811505
968.0,1.7375578553211108,
969.0,-0.44399069715757455,-0.5819771579815114
970.0,-0.44399069715757455,
971.0,-0.29715716264662895,-0.53033485422494
972.0,-0.29715716264662895,
973.0,-0.6123778350018347,-0.5019596395014131
974.0,-0.6123778350018347,
975.0,-0.002243129205939831,-0.39287505553611424
976.0,-0.002243129205939831,
977.0,-0.5586199605056549,-0.4089217505672567
978.0,-0.5586199605056549,
979.0,-1.0318439205733765,-0.29217979689362505
980.0,-1.0318439205733765,
981.0,-0.2668832801358786,-0.0842474186486728
982.0,-0.2668832801358786,
983.0,-1.0988916536263718,-0.027168635908524807
984.0,-1.0988916536263718,
985.0,1.1247151788034548,0.22740809488302083
986.0,1.1247151788034548,
987.0,2.761339617909881,-0.004528387414513335
988.0,2.761339617909881,
989.0,-0.6417371211419723,-0.6100716748240869
990.0,-0.6417371211419723,
991.0,-0.9318092387279538,-0.5014724570766139
992.0,-0.9318092387279538,
993.0,0.6240634214290575,-0.31079948181634603
994.0,0.6240634214290575,
995.0,0.49060481039084614,-0.45555973152740825
996.0,0.49060481039084614,
997.0,0.5272741612582368,-0.5838364565554364
998.0,0.5272741612582368,
999.0,-1.7682982972082606,-0.7410369750153933
1000.0,-1.7682982972082606,
1001.0,-0.7250367886246172,-0.3700784702737954
1002.0,-0.7250367886246172,
1003.0,-2.5994621395726174,-0.16625312228442346
1004.0,-2.5994621395726174,
1005.0,0.36393601968651207,0.6498034300966533
1006.0,0.36393601968651207,
1007.0,-0.296319081410262,0.6903763295518046
1008.0,-0.296319081410262,
1009.0,-0.296319081410262,
1010.0,0.014252301792708866,0.8915383778868304
1011.0,0.9481932103309029,1.0635774440521195
1012.0,0.9481932103309029,
1013.0,2.4769001118660574,0.9288218057757844
1014.0,2.4769001118660574,
1015.0,1.606286426522591,0.23376520106674403
1016.0,1.606286426522591,
1017.0,-0.36881496968545346,-0.2788133312418366
1018.0,-0.36881496968545346,
1019.0,1.066973352404514,-0.22943782987502237
1020.0,1.066973352404514,
1021.0,-1.373165049355153,-0.5000986510746439
1022.0,-1.373165049355153,
1023.0,0.38933547998963147,-0.2383706806024779
1024.0,0.38933547998963147,
1025.0,0.460961042053016,-0.3547817141453502
1026.0,0.460961042053016,
1027.0,-0.535383829993421,-0.4892476022688059
1028.0,-0.535383829993421,
1029.0,-1.0057159247709642,-0.4131347763683686
1030.0,-1.0057159247709642,
1031.0,-0.7578291584030711,-0.212664574115782
1032.0,-0.7578291584030711,
1033.0,-0.038526175672076356,-0.0447676916449228
1034.0,-0.038526175672076356,
1035.0,-0.6963599925179388,-0.022132301463342774
1036.0,-0.6963599925179388,
1037.0,-1.0183019497983188,0.1253711626503391
1038.0,-1.0183019497983188,
1039.0,-1.1554681263452784,0.3673667680964885
1040.0,-1.1554681263452784,
1041.0,1.4024785713185755,0.6684347039717065
1042.0,1.4024785713185755,
1043.0,-0.9490724888811954,0.4089114504473743
1044.0,-0.9490724888811954,
1045.0,-0.17221939164424982,0.653827556913888
1046.0,-0.17221939164424982,
1047.0,-0.3695138809719283,0.7499088359366493
1048.0,-0.3695138809719283,
1049.0,-0.046909586790589985,0.9014307042257981
1050.0,-0.046909586790589985,
1051.0,0.0037141160420162134,0.9899651334276682
1052.0,0.0037141160420162134,
1053.0,1.6433825179907795,1.070943671009426
1054.0,1.6433825179907795,
1055.0,1.9367016935518762,0.7673446157014853
1056.0,1.9367016935518762,
1057.0,0.44792180932532105,0.394704218730744
1058.0,0.44792180932532105,
1059.0,-1.4745654106713204,0.31134335178365946
1060.0,-1.4745654106713204,
1061.0,1.492335863311334,0.662481539236106
1062.0,1.492335863311334,
1063.0,0.17587132720768264,0.3691728467851547
1064.0,0.17587132720768264,
1065.0,0.9349391766567425,0.3436863235529448
1066.0,0.9349391766567425,
1067.0,-0.7216706050657776,0.1373247892861651
1068.0,-0.7216706050657776,
1069.0,-0.328120564851922,0.2917358940388828
1070.0,-0.328120564851922,
1071.0,0.32407092379982044,0.37419472263070863
1072.0,0.32407092379982044,
1073.0,0.0628100602714477,0.31487791936745935
1074.0,0.0628100602714477,
1075.0,-1.753784457393408,0.3092821575091156
1076.0,-1.753784457393408,
1077.0,1.15888351712489,0.7188531717924908
1078.0,1.15888351712489,
1079.0,-0.505969118263778,0.5088516691322991
1080.0,-0.505969118263778,
1081.0,0.9939550546830032,0.6560630259090299
1082.0,0.9939550546830032,
1083.0,0.563595106603122,0.4691469819994488
1084.0,0.563595106603122,
1085.0,-0.6289625491415447,0.3585148639579804
1086.0,-0.6289625491415447,
1087.0,2.072915454174666,0.5114169014239427
1088.0,2.072915454174666,
1089.0,-0.8335372248673429,0.052101253516154244
1090.0,-0.8335372248673429,
1091.0,-0.7617525063374142,0.21284680915294896
1092.0,-0.7617525063374142,
1093.0,0.7790836870832887,0.38180003078605174
1094.0,0.7790836870832887,
1095.0,0.8739191199462687,0.21526838369174062
1096.0,0.8739191199462687,
1097.0,1.8137761861950465,-0.0005526364002017559
1098.0,1.8137761861950465,
1099.0,1.151945722768797,-0.4509850611839177
1100.0,1.151945722768797,
1101.0,0.3957106751496504,-0.812212829378125
1102.0,0.3957106751496504,
1103.0,-1.1981602858300284,-1.0315218900681442
1104.0,-1.1981602858300284,
1105.0,-0.5130130918831945,-0.8984223099820303
1106.0,-0.5130130918831945,
1107.0,-1.6990513082045706,-0.8971921421954447
1108.0,-1.6990513082045706,
1109.0,0.43021027254616695,-0.60757628451159
1110.0,0.43021027254616695,
1111.0,-0.7774592422206819,-0.7731412105538498
1112.0,-0.7774592422206819,
1113.0,-2.23744482721287,-0.6723716554547812
1114.0,-2.23744482721287,
1115.0,-0.26692273589262655,-0.23649808887378343
1116.0,-0.26692273589262655,
1117.0,-3.0048805563689154,-0.2090294778641142
1118.0,-3.0048805563689154,
1119.0,-0.6380419572102407,0.47252213187640546
1120.0,-0.6380419572102407,
1121.0,0.912314838018518,0.6767195216197246
1122.0,0.912314838018518,
1123.0,-0.2729965152753995,0.5405213348271758
1124.0,-0.2729965152753995,
1125.0,-1.1705018353726844,0.6552633399706247
1126.0,-1.1705018353726844,
1127.0,1.6352556184297027,0.9976118624768091
1128.0,1.6352556184297027,
1129.0,1.4980006773133736,0.6836816103439101
1130.0,1.4980006773133736,
1131.0,-0.4203419817281494,0.10694866785836421
1132.0,-0.4203419817281494,
1133.0,-0.3947488103896377,0.28100523749881856
1134.0,-0.3947488103896377,
1135.0,-0.3947488103896377,
1136.0,1.5185137799962123,0.4113491537708509
1137.0,-0.017668775416765203,0.306257238874276
1138.0,-0.017668775416765203,
1139.0,-1.37818604806149,0.30750995870015435
1140.0,-1.37818604806149,
1141.0,-1.2477032838523658,0.6191468854656965
1142.0,-1.2477032838523658,
1143.0,-0.05614500052597693,0.9519709369595872
1144.0,-0.05614500052597693,
1145.0,2.9049873793753362,1.0372426109553774
1146.0,2.9049873793753362,
1147.0,-1.533328949872965,0.4541442665716983
1148.0,-1.533328949872965,
1149.0,2.2562710231860863,0.809441830662069
1150.0,2.2562710231860863,
1151.0,0.06081569258296965,0.33572409426313
1152.0,0.06081569258296965,
1153.0,1.1325671872947531,0.33228943111048603
1154.0,1.1325671872947531,
1155.0,0.43226239986544357,0.07904748942440287
1156.0,0.43226239986544357,
1157.0,0.17240414518174435,-0.04296790731210587
1158.0,0.17240414518174435,
1159.0,-0.051569780956730676,-0.1173729863666213
1160.0,-0.051569780956730676,
1161.0,-1.1033952331389676,-0.1461333017287194
1162.0,-1.1033952331389676,
1163.0,-0.9212891402756628,0.07024180665040147
1164.0,-0.9212891402756628,
1165.0,1.2940192327924114,0.27414199220430496
1166.0,1.2940192327924114,
1167.0,0.6364665738436324,-0.011304953534295725
1168.0,0.6364665738436324,
1169.0,-0.02869078025546043,-0.18006766481265268
1170.0,-0.02869078025546043,
1171.0,-1.308293521565684,-0.21155259872918397
1172.0,-1.308293521565684,
1173.0,0.15330387046845423,0.0551305687341187
1174.0,0.15330387046845423,
1175.0,0.15330387046845423,
1176.0,-0.1644267996045728,0.013400150269241629
1177.0,-0.6127463618186959,0.011411331447121309
1178.0,-0.6127463618186959,
1179.0,-0.08802653958962434,0.135598587170105
1180.0,-0.08802653958962434,
1181.0,1.4125296280543864,0.14034292334424356
1182.0,1.4125296280543864,
1183.0,-0.8765875455249864,-0.1766681343015013
1184.0,-0.8765875455249864,
1185.0,0.059508375189396,0.00469969716210944
1186.0,0.059508375189396,
1187.0,-0.934512927771058,-0.00994749439745865
1188.0,-0.934512927771058,
1189.0,1.1324102376594352,0.17309963059553918
1190.0,1.1324102376594352,
1191.0,-3.1348256322959385,-0.07675812163825735
1192.0,-3.1348256322959385,
1193.0,1.7168765751581991,0.6122661037387307
1194.0,1.7168765751581991,
1195.0,0.7587812955862601,0.2565568133129236
1196.0,0.7587812955862601,
1197.0,-0.03359675235327515,0.09251848605551659
1198.0,-0.03359675235327515,
1199.0,-1.5255198906510574,0.10192244581741025
1200.0,-1.5255198906510574,
1201.0,0.2172501276465027,0.43265576154546737
1202.0,0.2172501276465027,
1203.0,-0.4714410019541372,0.4024106168905034
1204.0,-0.4714410019541372,
1205.0,-0.21093933040631418,0.5293728759036332
1206.0,-0.21093933040631418,
1207.0,0.23274067305288249,0.6065396162167329
1208.0,0.23274067305288249,
1209.0,0.32394204372566354,0.5874696155111077
1210.0,0.32394204372566354,
1211.0,2.3559998920576835,0.5399732145791827
1212.0,2.3559998920576835,
1213.0,0.3135685045060078,0.05371908900141542
1214.0,0.3135685045060078,
1215.0,-0.1983620414732328,-0.03186464356879681
1216.0,-0.1983620414732328,
1217.0,-0.392825490925462,-0.005640821568294152
1218.0,-0.392825490925462,
1219.0,-0.48172251471042893,0.07211294077578712
1220.0,-0.48172251471042893,
1221.0,0.6669299494168885,0.18403019529218517
1222.0,0.6669299494168885,
1223.0,-0.8265631780658892,0.04342510878089789
1224.0,-0.8265631780658892,
1225.0,1.0354563541518398,0.2191640109249998
1226.0,1.0354563541518398,
1227.0,-0.5224294843697811,-0.003470281352531357
1228.0,-0.5224294843697811,
1229.0,-0.8755839080078459,0.10860702780348977
1230.0,-0.8755839080078459,
1231.0,0.2672789889743144,0.28388992023175763
1232.0,0.2672789889743144,
1233.0,-0.5510318242524946,0.21641580157203588
1234.0,-0.5510318242524946,
1235.0,-0.46570095482806373,0.33239204790105426
1236.0,-0.46570095482806373,
1237.0,-0.43525994713480576,0.4397095105906358
1238.0,-0.43525994713480576,
1239.0,1.1910615524324482,0.5556676869403924
1240.0,1.1910615524324482,
1241.0,0.30382509091929766,0.30667266817730465
1242.0,0.30382509091929766,
1243.0,-0.31867626327446835,0.25682902274783653
1244.0,-0.31867626327446835,
1245.0,-0.6200990615480111,0.31685948002462166
1246.0,-0.6200990615480111,
1247.0,0.2913441031095616,0.4546313022846189
1248.0,0.2913441031095616,
1249.0,2.3849697506905603,0.3967024244527826
1250.0,2.3849697506905603,
1251.0,-0.12868810266477357,-0.12651587146786913
1252.0,-0.12868810266477357,
1253.0,0.5633551316952725,-0.1300814884919712
1254.0,0.5633551316952725,
1255.0,-1.1086324913580956,-0.29241385649614204
1256.0,-1.1086324913580956,
1257.0,1.3574952532504507,-0.08663985604799551
1258.0,1.3574952532504507,
1259.0,0.2992495834610448,-0.42710785623047776
1260.0,0.2992495834610448,
1261.0,-1.3978842235495113,-0.5564343796570832
1262.0,-1.3978842235495113,
1263.0,0.7371363728619496,-0.2980885646467035
1264.0,0.7371363728619496,
1265.0,-2.577918122743427,-0.5010852113853193
1266.0,-2.577918122743427,
1267.0,-0.3269335049271568,0.020076143394118118
1268.0,-0.3269335049271568,
1269.0,-0.7837839212653018,0.08015104323226752
1270.0,-0.7837839212653018,
1271.0,0.36269520983090014,0.2548268346833884
1272.0,0.36269520983090014,
1273.0,1.6801784502343724,0.18255658047431034
1274.0,1.6801784502343724,
1275.0,-1.6576505849070624,-0.19496638561721796
1276.0,-1.6576505849070624,
1277.0,0.27080425913206396,0.13670027118509998
1278.0,0.27080425913206396,
1279.0,0.3030388435161272,0.06915077088823485
1280.0,0.3030388435161272,
1281.0,-0.0966378664691148,-0.013379534640467566
1282.0,-0.0966378664691148,
1283.0,0.6065191956890649,-0.013031363768806786
1284.0,0.6065191956890649,
1285.0,0.14156285879978953,-0.15868925532730582
1286.0,0.14156285879978953,
1287.0,-1.8221705320055153,-0.19798625497042527
1288.0,-1.8221705320055153,
1289.0,1.4756630914610693,0.1944848774995318
1290.0,1.4756630914610693,
1291.0,1.2394630937285025,-0.1265916002116082
1292.0,1.2394630937285025,
1293.0,-1.1963338598993216,-0.41075856825169155
1294.0,-1.1963338598993216,
1295.0,-1.3344818551765534,-0.17683757678388612
1296.0,-1.3344818551765534,
1297.0,-0.45752212738971254,0.0933953390496356
1298.0,-0.45752212738971254,
1299.0,0.4456224871043072,0.20350661821875038
1300.0,0.4456224871043072,
1301.0,0.7401440404809562,0.11291460641243523
1302.0,0.7401440404809562,
1303.0,-2.321207283686091,-0.05783989057731524
1304.0,-2.321207283686091,
1305.0,0.1811317941915725,0.466583567981528
1306.0,0.1811317941915725,
1307.0,0.6148287284131948,0.4686077478037711
1308.0,0.6148287284131948,
1309.0,0.7622065756201484,0.3650270026851592
1310.0,0.7622065756201484,
1311.0,-1.0661303290636117,0.21243111897915457
1312.0,-1.0661303290636117,
1313.0,0.5991817136064066,0.4647350010943314
1314.0,0.5991817136064066,
1315.0,-0.5765660634410851,0.36122533904849286
1316.0,-0.5765660634410851,
1317.0,-0.7818515729908031,0.5146215249567521
1318.0,-0.7818515729908031,
1319.0,1.012835808615448,0.7318578924032122
1320.0,1.012835808615448,
1321.0,0.5969178897078469,0.5493126443759772
1322.0,0.5969178897078469,
1323.0,-1.7921634496812369,0.44227313551753705
1324.0,-1.7921634496812369,
1325.0,0.9759964210529053,0.8848474688333354
1326.0,0.9759964210529053,
1327.0,1.039718538032492,0.7221569242522591
1328.0,1.039718538032492,
1329.0,-0.8981706256777638,0.5212480233940436
1330.0,-0.8981706256777638,
1331.0,0.6422294380600277,0.7429895038017194
1332.0,0.6422294380600277,
1333.0,1.00212675184832,0.6315902315119943
1334.0,1.00212675184832,
1335.0,1.2432852943340569,0.45768059319057747
1336.0,1.2432852943340569,
1337.0,-1.90190880738203,0.18756987271448655
1338.0,-1.90190880738203,
1339.0,1.0291906846837702,0.6084793192918236
1340.0,1.0291906846837702,
1341.0,0.7562367222087321,0.4255306351253233
1342.0,0.7562367222087321,
1343.0,1.4359901918798716,0.26859748326105026
1344.0,1.4359901918798716,
1345.0,-2.8591951087089766,-0.05797978786284119
1346.0,-2.8591951087089766,
1347.0,-0.09537859580397656,0.572729113033658
1348.0,-0.09537859580397656,
1349.0,2.380452631320572,0.6065781679948099
1350.0,2.380452631320572,
1351.0,0.7683376778839264,0.10139870445260346
1352.0,0.7683376778839264,
1353.0,0.887558258509644,-0.09877195486026835
1354.0,0.887558258509644,
1355.0,1.4450340601710836,-0.3488831207510521
1356.0,1.4450340601710836,
1357.0,-1.3327589161719693,-0.7536107615250405
1358.0,-1.3327589161719693,
1359.0,0.10493043380017242,-0.5566627226024736
1360.0,0.10493043380017242,
1361.0,0.4850442648136959,-0.6626386194761773
1362.0,0.4850442648136959,
1363.0,-1.1245288364126163,-0.8667284680628753
1364.0,-1.1245288364126163,
1365.0,-1.370315970858675,-0.716473378807652
1366.0,-1.370315970858675,
1367.0,-0.8295768521759219,-0.47244433167254174
1368.0,-0.8295768521759219,
1369.0,0.19445299162418073,-0.32355367149402103
1370.0,0.19445299162418073,
1371.0,-0.608189973764613,-0.389583688067379
1372.0,-0.608189973764613,
1373.0,-0.7750876774424226,-0.28826242825209125
1374.0,-0.7750876774424226,
1375.0,0.959348715632071,-0.15113211789545122
1376.0,0.959348715632071,
1377.0,0.631288443821836,-0.382964190928367
1378.0,0.631288443821836,
1379.0,-1.4881814943904104,-0.5518446460421406
1380.0,-1.4881814943904104,
1381.0,1.1567522927805505,-0.25947759465251585
1382.0,1.1567522927805505,
1383.0,-1.7800349573178376,-0.5473884493201276
1384.0,-1.7800349573178376,
1385.0,-0.19935820559654802,-0.19836401150439398
1386.0,-0.19935820559654802,
1387.0,0.5730351811776024,-0.17066134254735577
1388.0,0.5730351811776024,
1389.0,0.2238845989601163,-0.32024442435934325
1390.0,0.2238845989601163,
1391.0,1.0027906900994896,-0.403310104495191
1392.0,1.0027906900994896,
1393.0,-1.3529393010819968,-0.6525733737463668
1394.0,-1.3529393010819968,
1395.0,-0.731160557603826,-0.4117089414858703
1396.0,-0.731160557603826,
1397.0,0.058500671656485925,-0.2758870620030832
1398.0,0.058500671656485925,
1399.0,-0.948777857530775,-0.3076577351381943
1400.0,-0.948777857530775,
1401.0,0.1385047438913235,-0.11160894272002153
1402.0,0.1385047438913235,
1403.0,0.5393624411920802,-0.1404565315762487
1404.0,0.5393624411920802,
1405.0,-0.615348401321494,-0.2638395139823738
1406.0,-0.615348401321494,
1407.0,-1.4051867876081,-0.13433659047836066
1408.0,-1.4051867876081,
1409.0,-0.9534110056380105,0.19647833574800977
1410.0,-0.9534110056380105,
1411.0,0.06930310080227031,0.4553994174455789
1412.0,0.06930310080227031,
1413.0,1.9829141694877386,0.5078272476088621
1414.0,1.9829141694877386,
1415.0,0.4149899116143174,0.11914201493110177
1416.0,0.4149899116143174,
1417.0,2.688269408629031,0.03894929580961337
1418.0,2.688269408629031,
1419.0,-1.3992749284077846,-0.5490634356784596
1420.0,-1.3992749284077846,
1421.0,-0.5448433094562922,-0.2724230873577182
1422.0,-0.5448433094562922,
1423.0,1.1169358613066163,-0.17441371177566303
1424.0,1.1169358613066163,
1425.0,0.06996806781502407,-0.4267459069960992
1426.0,0.06996806781502407,
1427.0,-1.141922425803017,-0.4586958825631259
1428.0,-1.141922425803017,
1429.0,-1.7106856799646926,-0.24080709530024505
1430.0,-1.7106856799646926,
1431.0,-0.49285047339679755,0.13307303315954688
1432.0,-0.49285047339679755,
1433.0,-0.20161965782190883,0.27664357350995594
1434.0,-0.20161965782190883,
1435.0,0.6505704644895385,0.3650993917568204
1436.0,0.6505704644895385,
1437.0,0.9536691352076831,0.2631423534032151
1438.0,0.9536691352076831,
1439.0,1.286558021755515,0.072139961297501
1440.0,1.286558021755515,
1441.0,-0.01301559240501926,-0.20854276528728471
1442.0,-0.01301559240501926,
1443.0,-0.7267873951884416,-0.2028924534229633
1444.0,-0.7267873951884416,
1445.0,-0.7267873951884416,
1446.0,0.516108774686286,-0.043987556488440244
1447.0,0.2685484597459242,-0.03342532040766101
1448.0,0.2685484597459242,
1449.0,0.2685484597459242,
1450.0,0.9679845519194077,-0.13135809812840876
1451.0,-1.2823688237765403,-0.27630649223752346
1452.0,-1.2823688237765403,
1453.0,0.11849765995856643,-0.027299963243789
1454.0,0.11849765995856643,
1455.0,-1.3767791190975138,-0.05931901528178485
1456.0,-1.3767791190975138,
1457.0,0.40769939931631927,0.25699315941057965
1458.0,0.40769939931631927,
1459.0,-0.5540138447460562,0.19179247296010893
1460.0,-0.5540138447460562,
1461.0,1.919418627540733,0.33983601871955726
1462.0,1.919418627540733,
1463.0,0.6426340467114501,-0.05928001366251434
1464.0,0.6426340467114501,
1465.0,-0.190521420045022,-0.19450742821178435
1466.0,-0.190521420045022,
1467.0,-1.4922001550121449,-0.15218401469629994
1468.0,-1.4922001550121449,
1469.0,1.4357783206394634,0.1660404318858154
1470.0,1.4357783206394634,
1471.0,0.7296310766962704,-0.1389293429780678
1472.0,0.7296310766962704,
1473.0,0.42578412188277215,-0.2986551749400037
1474.0,0.42578412188277215,
1475.0,0.21246037560064934,-0.41361544199600275
1476.0,0.21246037560064934,
1477.0,0.01777114907154842,-0.49121372361750093
1478.0,0.01777114907154842,
1479.0,0.47407931498055755,-0.5279102549067163
1480.0,0.47407931498055755,
1481.0,-0.4965428651970389,-0.6742653398702385
1482.0,-0.4965428651970389,
1483.0,-0.6161783094392665,-0.6090660816579861
1484.0,-0.6161783094392665,
1485.0,-1.1304585003257408,-0.48924078612862043
1486.0,-1.1304585003257408,
1487.0,-0.4461830402632738,-0.14843497213507906
1488.0,-0.4461830402632738,
1489.0,0.2194251056762953,-0.0028991196282543985
1490.0,0.2194251056762953,
1491.0,0.2469985055934733,-0.04084652802983613
1492.0,0.2469985055934733,
1493.0,1.2822245241323245,-0.09351656142623777
1494.0,1.2822245241323245,
1495.0,-1.0394689262741768,-0.6643306067195538
1496.0,-1.0394689262741768,
1497.0,-0.24288637009812536,-0.46336058126299473
1498.0,-0.24288637009812536,
1499.0,-1.028982676190478,-0.41945114539380035
1500.0,-1.028982676190478,
1501.0,0.021199954230852802,-0.21661214610674778
1502.0,0.021199954230852802,
1503.0,-0.6247538804983412,-0.23196827197338316
1504.0,-0.6247538804983412,
1505.0,-1.9606417486485976,-0.1011640759957485
1506.0,-1.9606417486485976,
1507.0,2.3477355565372475,0.36201962866338144
1508.0,2.3477355565372475,
1509.0,-0.05293420951490811,-0.12448868380923317
1510.0,-0.05293420951490811,
1511.0,-0.8863184488517272,-0.11683472051331556
1512.0,-0.8863184488517272,
1513.0,-0.33786787140190894,0.08768923272094975
1514.0,-0.33786787140190894,
1515.0,-0.3073544037257406,0.18658056472056295
1516.0,-0.3073544037257406,
1517.0,0.6188431806608466,0.289859462792567
1518.0,0.6188431806608466,
1519.0,1.1957208777278763,0.18699059104284088
1520.0,1.1957208777278763,
1521.0,0.7545051787463528,-0.06716707693480392
1522.0,0.7545051787463528,
1523.0,-0.6374585878706558,-0.22256705292544687
1524.0,-0.6374585878706558,
1525.0,-1.92350034245999,-0.08814147142222628
1526.0,-1.92350034245999,
1527.0,0.418401680856227,0.3547657620627598
1528.0,0.418401680856227,
1529.0,0.9127004280821973,0.30007810665643153
1530.0,0.9127004280821973,
1531.0,0.19319414926161377,0.11130338739819717
1532.0,0.19319414926161377,
1533.0,0.8681337333006294,0.07091913021216018
1534.0,0.8681337333006294,
1535.0,0.7817247552170628,-0.22101861587195515
1536.0,0.7817247552170628,
1537.0,-0.36209269207168904,-0.3581583279923659
1538.0,-0.36209269207168904,
1539.0,0.41666829263528893,-0.2987806696100552
1540.0,0.41666829263528893,
1541.0,-1.8219044829107416,-0.47018770358716244
1542.0,-1.8219044829107416,
1543.0,-0.6606075489511632,-0.09608528814817589
1544.0,-0.6606075489511632,
1545.0,-0.03955631990926464,0.03933950663147884
1546.0,-0.03955631990926464,
1547.0,-0.41048696719314154,0.05108087914247267
1548.0,-0.41048696719314154,
1549.0,0.31965922561551685,0.14951538519141594
1550.0,0.31965922561551685,
1551.0,1.7353732200090781,0.0879503198062706
1552.0,1.7353732200090781,
1553.0,-1.6655146149007856,-0.2821561490665394
1554.0,-1.6655146149007856,
1555.0,-1.3445035508240804,0.0778207360484433
1556.0,-1.3445035508240804,
1557.0,-0.09240277382216788,0.39507142365742887
1558.0,-0.09240277382216788,
1559.0,0.5519409773608067,0.4579355068213964
1560.0,0.5519409773608067,
1561.0,-1.2317908686279369,0.37356914697374877
1562.0,-1.2317908686279369,
1563.0,2.2748500205776647,0.6884266251797666
1564.0,2.2748500205776647,
1565.0,1.5796893018116676,0.22667496623792477
1566.0,1.5796893018116676,
1567.0,0.0851535980205978,-0.09333792833499799
1568.0,0.0851535980205978,
1569.0,-0.9392928008154515,-0.1183271527609584
1570.0,-0.9392928008154515,
1571.0,-0.5183580966517505,0.09660473638952893
1572.0,-0.5183580966517505,
1573.0,0.8026810856811173,0.22195972389075927
1574.0,0.8026810856811173,
1575.0,-1.1559168137115363,0.06933803222331048
1576.0,-1.1559168137115363,
1577.0,-0.3689133166814246,0.3415742613651763
1578.0,-0.3689133166814246,
1579.0,0.7427375849097357,0.4439408765452416
1580.0,0.7427375849097357,
1581.0,0.3998951617348128,0.30031993302921983
1582.0,0.3998951617348128,
1583.0,0.6987998316836368,0.24377351005303466
1584.0,0.6987998316836368,
1585.0,0.9792495821035261,0.10903283819477427
1586.0,0.9792495821035261,
1587.0,-0.174250178425436,-0.10303346621865606
1588.0,-0.174250178425436,
1589.0,-0.18866693868972872,-0.07675976585004318
1590.0,-0.18866693868972872,
1591.0,1.538105500117619,-0.04235954493031491
1592.0,1.538105500117619,
1593.0,0.10807496416483231,-0.4109673220596046
1594.0,0.10807496416483231,
1595.0,-2.797228085148077,-0.48435722909262413
1596.0,-2.797228085148077,
1597.0,0.14772128128852005,0.10806998815148322
1598.0,0.14772128128852005,
1599.0,1.8747159149585402,0.0977830692588658
1600.0,1.8747159149585402,
1601.0,-0.8944187567789612,-0.31458004151043184
1602.0,-0.8944187567789612,
1603.0,1.1909420648776847,-0.1357514255084029
1604.0,1.1909420648776847,
1605.0,-0.7949137959085241,-0.42322557941672234
1606.0,-0.7949137959085241,
1607.0,1.0968260057267907,-0.27829376319109966
1608.0,1.0968260057267907,
1609.0,0.09051833219120953,-0.5540559642449017
1610.0,0.09051833219120953,
1611.0,-1.2665993969658158,-0.6255676162490571
1612.0,-1.2665993969658158,
1613.0,-1.9545309901972927,-0.3880196914871049
1614.0,-1.9545309901972927,
1615.0,0.2505059635504877,0.022221911251479654
1616.0,0.2505059635504877,
1617.0,0.7409865604633449,-0.03462359356554412
1618.0,0.7409865604633449,
1619.0,-0.2868438035707974,-0.20120204034971118
1620.0,-0.2868438035707974,
1621.0,2.3945803128588117,-0.16166356757839356
1622.0,2.3945803128588117,
1623.0,-3.3923489010537127,-0.7140242628197602
1624.0,-3.3923489010537127,
1625.0,0.6972737113562903,0.0019212830272845594
1626.0,0.6972737113562903,
1627.0,0.6331289609474268,-0.15603245074475847
1628.0,0.6331289609474268,
1629.0,0.3590457062355892,-0.3084737120577423
1630.0,0.3590457062355892,
1631.0,-1.7567815486581382,-0.39694202067788675
1632.0,-1.7567815486581382,
1633.0,0.9717923132886432,-0.033692977400113344
1634.0,0.9717923132886432,
1635.0,-1.1876207459733983,-0.2639511443655849
1636.0,-1.1876207459733983,
1637.0,0.46430980381503645,-0.022770216793553955
1638.0,0.46430980381503645,
1639.0,-2.0565175333094876,-0.13182561937614623
1640.0,-2.0565175333094876,
1641.0,-0.7477602402620036,0.3387852937015192
1642.0,-0.7477602402620036,
1643.0,0.2181515999802287,0.558382035336701
1644.0,0.2181515999802287,
1645.0,0.33066947572841765,0.5772790716367933
1646.0,0.33066947572841765,
1647.0,0.9695262806336369,0.566882963879566
1648.0,0.9695262806336369,
1649.0,0.9534443896597871,0.4017640022402935
1650.0,0.9534443896597871,
1651.0,0.5048355114360281,0.2145015949860754
1652.0,0.5048355114360281,
1653.0,0.03821597128148316,0.11835832681778795
1654.0,0.03821597128148316,
1655.0,-0.12521383122385618,0.12829818818802316
1656.0,-0.12521383122385618,
1657.0,-0.2466451431774301,0.15259971357439991
1658.0,-0.2466451431774301,
1659.0,2.1074789068097086,0.20737124923871497
1660.0,2.1074789068097086,
1661.0,-0.696457621795782,-0.248139106185582
1662.0,-0.696457621795782,
1663.0,0.01644592083714802,-0.10824951886592293
1664.0,0.01644592083714802,
1665.0,-2.4295842919990998,-0.11508797128945392
1666.0,-2.4295842919990998,
1667.0,0.911725825852991,0.4203780288294946
1668.0,0.911725825852991,
1669.0,-2.3505155416193255,0.24153581893836448
1670.0,-2.3505155416193255,
1671.0,0.3490872529657615,0.7983317980138473
1672.0,0.3490872529657615,
1673.0,2.7383325708769437,0.7918890171008759
1674.0,2.7383325708769437,
1675.0,-0.41354067892513857,0.23099700086190722
1676.0,-0.41354067892513857,
1677.0,2.8826996477774816,0.3411158295227385
1678.0,2.8826996477774816,
1679.0,0.9241198488510576,-0.30305319955032717
1680.0,0.9241198488510576,
1681.0,-0.593693775801371,-0.565458096605727
1682.0,-0.593693775801371,
1683.0,-0.6887017755827124,-0.499254943251342
1684.0,-0.6887017755827124,
1685.0,0.46715722111182845,-0.3986860132803898
1686.0,0.46715722111182845,
1687.0,-0.5810322061442691,-0.5499672863151326
1688.0,-0.5810322061442691,
1689.0,-1.2209644876922439,-0.4714622062754097
1690.0,-1.2209644876922439,
1691.0,1.0649277868909308,-0.23269568061254126
1692.0,1.0649277868909308,
1693.0,-0.015625262611836277,-0.4895278859873198
1694.0,-0.015625262611836277,
1695.0,-0.33559722732338493,-0.5261915320594786
1696.0,-0.33559722732338493,
1697.0,0.27492548146373297,-0.4894681112802052
1698.0,0.27492548146373297,
1699.0,0.26889535070990134,-0.5869465195227364
1700.0,0.26889535070990134,
1701.0,-0.8315074270252178,-0.6926917005275903
1702.0,-0.8315074270252178,
1703.0,-1.506329695706686,-0.5507983505859145
1704.0,-1.506329695706686,
1705.0,-0.9965745920471341,-0.2396737914335192
1706.0,-0.9965745920471341,
1707.0,-0.35182179736296354,-0.026528141842804942
1708.0,-0.35182179736296354,
1709.0,-0.013139514847147052,0.06287591171337303
1710.0,-0.013139514847147052,
1711.0,-1.5871726452781258,0.08342431132080641
1712.0,-1.5871726452781258,
1713.0,-1.5871726452781258,
1714.0,0.8651180420763179,0.5167209320982993
1715.0,0.5780677191178091,0.6685815106022499
1716.0,0.5780677191178091,
1717.0,0.15992873738642277,0.595705395436833
1718.0,0.15992873738642277,
1719.0,0.7064461256188426,0.6374636799140303
1720.0,0.7064461256188426,
1721.0,0.9706001494916143,0.5391863197966837
1722.0,0.9706001494916143,
1723.0,0.47827209862065634,0.36155048616594243
1724.0,0.47827209862065634,
1725.0,0.7504221266367228,0.2675407456771192
1726.0,0.7504221266367228,
1727.0,-1.491984373223222,0.12660332908039973
1728.0,-1.491984373223222,
1729.0,-0.9378845262932092,0.4544199148925097
1730.0,-0.9378845262932092,
1731.0,0.9414614707101351,0.7219814999957943
1732.0,0.9414614707101351,
1733.0,0.15090311886038693,0.574160816948652
1734.0,0.15090311886038693,
1735.0,1.3261870441453287,0.5726352316486146
1736.0,1.3261870441453287,
1737.0,1.355295436151417,0.30574710395785504
1738.0,1.355295436151417,
1739.0,0.14617536761912983,0.01681186182626182
1740.0,0.14617536761912983,
1741.0,0.552602082523081,-0.02874082470384831
1742.0,0.552602082523081,
1743.0,-1.2077511225060933,-0.17366224884369896
1744.0,-1.2077511225060933,
1745.0,-1.5537458302270815,0.0682199119091692
1746.0,-1.5537458302270815,
1747.0,-0.09832851424507666,0.42658806760750817
1748.0,-0.09832851424507666,
1749.0,-0.6931226695713147,0.46365114033548804
1750.0,-0.6931226695713147,
1751.0,1.4476501368235035,0.6424623394516902
1752.0,1.4476501368235035,
1753.0,0.14913527943201316,0.35621989038915713
1754.0,0.14913527943201316,
1755.0,-0.6874831786272403,0.3506388270169841
1756.0,-0.6874831786272403,
1757.0,0.511971936629635,0.5220303422390169
1758.0,0.511971936629635,
1759.0,1.2387297624166655,0.4465198234984261
1760.0,1.2387297624166655,
1761.0,0.1422043605746705,0.1936001548919879
1762.0,0.1422043605746705,
1763.0,0.4534138260903119,0.16302511154745103
1764.0,0.4534138260903119,
1765.0,0.24703504773385213,0.05468733467016906
1766.0,0.24703504773385213,
1767.0,1.9415526834364563,-0.015285574257468904
1768.0,1.9415526834364563,
1769.0,-1.314721289082898,-0.4901226990354264
1770.0,-1.314721289082898,
1771.0,-0.0009926283354932397,-0.263535007250846
1772.0,-0.0009926283354932397,
1773.0,0.04797871803830106,-0.3077241563017532
1774.0,0.04797871803830106,
1775.0,0.08535174114518052,-0.364690434336703
1776.0,0.08535174114518052,
1777.0,-1.7820227457603879,-0.4335881562503696
1778.0,-1.7820227457603879,
1779.0,1.1017470563300011,-0.07426459758483772
1780.0,1.1017470563300011,
1781.0,0.5776763845763516,-0.33749639688571076
1782.0,0.5776763845763516,
1783.0,-2.1889788324199406,-0.5064140330582558
1784.0,-2.1889788324199406,
1785.0,-2.4112776410730876,-0.059991457346568244
1786.0,-2.4112776410730876,
1787.0,0.725923587483465,0.4676473054739323
1788.0,0.725923587483465,
1789.0,-0.4193775818272655,0.3379308626660593
1790.0,-0.4193775818272655,
1791.0,1.2800070692189478,0.4577943725141749
1792.0,1.2800070692189478,
1793.0,0.05580849624311496,0.1970096065625278
1794.0,0.05580849624311496,
1795.0,1.8932291895670055,0.18107519254948035
1796.0,1.8932291895670055,
1797.0,0.9347925460948281,-0.22377445328749213
1798.0,0.9347925460948281,
1799.0,-0.31617206339425896,-0.4632037700239706
1800.0,-0.31617206339425896,
1801.0,0.3917567487727984,-0.4407341919293921
1802.0,0.3917567487727984,
1803.0,0.23822583496756855,-0.5746281094752466
1804.0,0.23822583496756855,
1805.0,-1.0004098583200502,-0.6871470474570187
1806.0,-1.0004098583200502,
1807.0,-1.0692189247714716,-0.5195421611138983
1808.0,-1.0692189247714716,
1809.0,0.2934490475481152,-0.3103709515678653
1810.0,0.2934490475481152,
1811.0,-1.111255995875464,-0.39067426453739185
1812.0,-1.111255995875464,
1813.0,0.1474151021422775,-0.18525651830632606
1814.0,0.1474151021422775,
1815.0,0.9061682862067144,-0.24138712113537536
1816.0,0.9061682862067144,
1817.0,-1.0524361120713999,-0.45269565260676387
1818.0,-1.0524361120713999,
1819.0,-0.9674000913951957,-0.2580859669981547
1820.0,-0.9674000913951957,
1821.0,-1.399195757541313,-0.058713738554094785
1822.0,-1.399195757541313,
1823.0,1.2512437680974968,0.2641464504922246
1824.0,1.2512437680974968,
1825.0,1.5174114580070561,0.009940016989440581
1826.0,1.5174114580070561,
1827.0,-1.2959786984048902,-0.324688136183667
1828.0,-1.2959786984048902,
1829.0,-0.7113176505282762,-0.06077726244803461
1830.0,-0.7113176505282762,
1831.0,0.037958964916630825,0.10245474740310323
1832.0,0.037958964916630825,
1833.0,0.43953782009232023,0.10883608996116734
1834.0,0.43953782009232023,
1835.0,-0.18091819548319857,0.020110537509047566
1836.0,-0.18091819548319857,
1837.0,0.6246904902088428,0.0631895390645072
1838.0,0.6246904902088428,
1839.0,-0.7288724515272339,-0.07830000971015039
1840.0,-0.7288724515272339,
1841.0,-0.24221080545024742,0.0788502003553232
1842.0,-0.24221080545024742,
1843.0,-0.4742658298904583,0.14235539818146958
1844.0,-0.4742658298904583,
1845.0,1.0086437507162458,0.2865541855292524
1846.0,1.0086437507162458,
1847.0,0.18518577200690756,-0.12060480114182237
1848.0,0.18518577200690756,
1849.0,0.18518577200690756,
1850.0,-0.33636925853070787,-0.17277786062620648
1851.0,-0.5293977193240277,-0.15511150354910197
1852.0,-0.5293977193240277,
1853.0,-0.18664992495534216,-0.05476120339067653
1854.0,-0.18664992495534216,
1855.0,0.4467501148184535,-0.02623453212134419
1856.0,0.4467501148184535,
1857.0,0.4467501148184535,
1858.0,-1.0774417157796803,-0.13415057288354876
1859.0,-1.7477358636492375,-0.07539578529925603
1860.0,-1.7477358636492375,
1861.0,0.04410747754045308,0.3236321432155409
1862.0,0.04410747754045308,
1863.0,-1.1682670370906947,0.34500232529361385
1864.0,-1.1682670370906947,
1865.0,1.212357377733804,0.8591289734887289
1866.0,1.212357377733804,
1867.0,1.7106532870170537,0.6877825182855848
1868.0,1.7106532870170537,
1869.0,0.38507510098807074,0.3624441410069821
1870.0,0.38507510098807074,
1871.0,0.58821653093426,0.29115980512891027
1872.0,0.58821653093426,
1873.0,0.14810555686377933,0.18706004284958622
1874.0,0.14810555686377933,
1875.0,-0.008216826445415631,0.1771892450555202
1876.0,-0.008216826445415631,
1877.0,1.7751452925828124,0.201950738428058
1878.0,1.7751452925828124,
1879.0,0.6746402289971586,-0.18963722813757689
1880.0,0.6746402289971586,
1881.0,1.1889573873301473,-0.36726586483637425
1882.0,1.1889573873301473,
1883.0,-2.113308541981338,-0.6952047913999109
1884.0,-2.113308541981338,
1885.0,-0.09869496904566125,-0.28652344272463326
1886.0,-0.09869496904566125,
1887.0,0.37708065198058816,-0.2878462001419547
1888.0,0.37708065198058816,
1889.0,1.1178506306809446,-0.39806597424899826
1890.0,1.1178506306809446,
1891.0,-1.4012805993977935,-0.686733203071298
1892.0,-1.4012805993977935,
1893.0,-1.093018341014498,-0.42098358356567633
1894.0,-1.093018341014498,
1895.0,-0.4579375165528274,-0.19806813023391312
1896.0,-0.4579375165528274,
1897.0,0.0996550847526603,-0.11845581389303689
1898.0,0.0996550847526603,
1899.0,-0.3119470495401916,-0.1603129314192579
1900.0,-0.3119470495401916,
1901.0,1.7726991294754235,-0.11054718332037272
1902.0,1.7726991294754235,
1903.0,-0.7717687614449482,-0.5030768183530127
1904.0,-0.7717687614449482,
1905.0,-1.3557997818586254,-0.3575325975177085
1906.0,-1.3557997818586254,
1907.0,2.393660755308318,-0.07764455021494798
1908.0,2.393660755308318,
1909.0,-1.4149919973918323,-0.6086148916324035
1910.0,-1.4149919973918323,
1911.0,0.3260262270158797,-0.32404962318238606
1912.0,0.3260262270158797,
1913.0,0.9140822896456673,-0.4035751982174351
1914.0,0.9140822896456673,
1915.0,-2.1134586714003265,-0.628618844915016
1916.0,-2.1134586714003265,
1917.0,-1.6100090709435995,-0.18860656573339818
1918.0,-1.6100090709435995,
1919.0,0.2371714541544698,0.17620198653180807
1920.0,0.2371714541544698,
1921.0,-1.3802609113199413,0.15571265683069013
1922.0,-1.3802609113199413,
1923.0,0.041442090944385446,0.5081705158428349
1924.0,0.041442090944385446,
1925.0,-0.3557959092410301,0.5676244590313857
1926.0,-0.3557959092410301,
1927.0,-0.07067204589803655,0.7272455794424402
1928.0,-0.07067204589803655,
1929.0,0.7611110872233369,0.8283831281937131
1930.0,0.7611110872233369,
1931.0,1.8575192239674787,0.7425606912833222
1932.0,1.8575192239674787,
1933.0,2.8667119692003253,0.3827928003036191
1934.0,2.8667119692003253,
1935.0,-3.5012496249850167,-0.2323061281958294
1936.0,-3.5012496249850167,
1937.0,0.8835003267135484,0.5439291571613779
1938.0,0.8835003267135484,
1939.0,0.5664449430868124,0.3825888619131631
1940.0,0.5664449430868124,
1941.0,-0.4288602285449585,0.2716170787975924
1942.0,-0.4288602285449585,
1943.0,-0.17041140754827072,0.3768746830352652
1944.0,-0.17041140754827072,
1945.0,-0.031843768915493675,0.43448045819345904
1946.0,-0.031843768915493675,
1947.0,1.7670968824712399,0.4617056870023291
1948.0,1.7670968824712399,
1949.0,-1.5090109953390023,0.10745580314822956
1950.0,-1.5090109953390023,
1951.0,3.166203942648431,0.4539336944238622
1952.0,3.166203942648431,
1953.0,-1.1993454650060693,-0.2384304918462461
1954.0,-1.1993454650060693,
1955.0,-1.1563222280097218,0.005084157172777548
1956.0,-1.1563222280097218,
1957.0,0.10686342822356332,0.26830997238338494
1958.0,0.10686342822356332,
1959.0,-0.9095159961607859,0.2722994002512001
1960.0,-0.9095159961607859,
1961.0,-1.4334389168295083,0.47927340357494136
1962.0,-1.4334389168295083,
1963.0,1.0461390953247136,0.8443086858941007
1964.0,1.0461390953247136,
1965.0,1.1873734731556906,0.6579854914846994
1966.0,1.1873734731556906,
1967.0,-0.7575961084036714,0.4379030024944538
1968.0,-0.7575961084036714,
1969.0,1.6746369579326275,0.6140733413451566
1970.0,1.6746369579326275,
1971.0,-0.291903868056931,0.27861725454470987
1972.0,-0.291903868056931,
1973.0,0.10050171926131668,0.36054473502768347
1974.0,0.10050171926131668,
1975.0,-0.7937603192765186,0.35910918102341216
1976.0,-0.7937603192765186,
1977.0,0.10069422419066698,0.5647815642305727
1978.0,0.10069422419066698,
1979.0,1.4878703368079549,0.5870109236844048
1980.0,1.4878703368079549,
1981.0,1.126073242349655,0.28441203993962305
1982.0,1.126073242349655,
1983.0,-1.1633808290530814,0.027171917363968845
1984.0,-1.1633808290530814,
1985.0,-0.4684190761929773,0.2813561484264715
1986.0,-0.4684190761929773,
1987.0,-0.7282762440298064,0.39534742022542246
1988.0,-0.7282762440298064,
1989.0,0.6732320320740338,0.5731967024275393
1990.0,0.6732320320740338,
1991.0,0.5658863741852685,0.4598102677499437
1992.0,0.5658863741852685,
1993.0,0.9951859657640357,0.35585130823224365
1994.0,0.9951859657640357,
1995.0,0.16143857983496784,0.13144502220253318
1996.0,0.16143857983496784,
1997.0,-0.8730021420070468,0.08053004350161674
1998.0,-0.8730021420070468,
1999.0,1.0605585921044607,0.26404158638567654
2000.0,1.0605585921044607,
2001.0,-0.7673532305667852,0.012248836992021062
2002.0,-0.7673532305667852,
2003.0,0.3894697758265662,0.40755114402190823
2004.0,0.3894697758265662,
2005.0,2.072304118775133,0.35199617890499524
2006.0,2.072304118775133,
2007.0,1.0268825987914325,-0.11985406090450956
2008.0,1.0268825987914325,
2009.0,-2.4831097050125295,-0.4002704575849041
2010.0,-2.4831097050125295,
2011.0,1.5251618467272265,0.11723014269764725
2012.0,1.5251618467272265,
2013.0,-1.0780370895036082,-0.24152202916802956
2014.0,-1.0780370895036082,
2015.0,0.586155237820322,-0.03235233403906701
2016.0,0.586155237820322,
2017.0,-1.431431449885473,-0.18335959151974723
2018.0,-1.431431449885473,
2019.0,1.2406594454187234,0.113788428651074
2020.0,1.2406594454187234,
2021.0,0.22724425042781948,-0.1711320192376068
2022.0,0.22724425042781948,
2023.0,-1.219457919670193,-0.24952456305728243
2024.0,-1.219457919670193,
2025.0,0.9502560978491694,0.0071329703288871005
2026.0,0.9502560978491694,
2027.0,-0.9277902853689695,-0.20860884477308572
2028.0,-0.9277902853689695,
2029.0,-0.657178318944949,-0.01780598470197184
2030.0,-0.657178318944949,
2031.0,-1.3940124528551454,0.10612384202484948
2032.0,-1.3940124528551454,
2033.0,-0.7466078595443322,0.41852296565933567
2034.0,-0.7466078595443322,
2035.0,1.40635640708859,0.6194458780781866
2036.0,1.40635640708859,
2037.0,0.6440489769640371,0.3355614522078414
2038.0,0.6440489769640371,
2039.0,0.1976453924713064,0.1936025261381558
2040.0,0.1976453924713064,
2041.0,-0.8883110781694956,0.1377793205762212
2042.0,-0.8883110781694956,
2043.0,1.2379743577920974,0.3299853345532864
2044.0,1.2379743577920974,
2045.0,-0.44742595939338325,0.06078465409429637
2046.0,-0.44742595939338325,
2047.0,0.7751742635319164,0.15278006002550937
2048.0,0.7751742635319164,
2049.0,-0.3182864513931825,-0.012512890870576332
2050.0,-0.3182864513931825,
2051.0,0.1028445538333283,0.056541393611412166
2052.0,0.1028445538333283,
2053.0,-0.6124809754866851,0.037500794037294755
2054.0,-0.6124809754866851,
2055.0,-0.00375435674538957,0.16289818104244855
2056.0,-0.00375435674538957,
2057.0,-0.08374417761223649,0.15111503683377522
2058.0,-0.08374417761223649,
2059.0,0.812147174119941,0.15641296272451136
2060.0,0.812147174119941,
2061.0,1.6187768022550837,-0.01481594468465064
2062.0,1.6187768022550837,
2063.0,-0.43403412960389853,-0.40448484715037836
2064.0,-0.43403412960389853,
2065.0,0.39578348392759366,-0.35409211838448784
2066.0,0.39578348392759366,
2067.0,-0.6679422547536171,-0.488384569643717
2068.0,-0.6679422547536171,
2069.0,0.3993196367189661,-0.38831661276897056
2070.0,0.3993196367189661,
2071.0,-0.34339588870594706,-0.5204154144607294
2072.0,-0.34339588870594706,
2073.0,-2.0082458506762317,-0.4890135850063432
2074.0,-2.0082458506762317,
2075.0,1.352546441703879,-0.08597496974789098
2076.0,1.352546441703879,
2077.0,-1.9842255917221632,-0.4078626947794308
2078.0,-1.9842255917221632,
2079.0,1.7254030445703006,-0.007840774077026769
2080.0,1.7254030445703006,
2081.0,-1.4024365980557343,-0.4018808889059804
2082.0,-1.4024365980557343,
2083.0,0.5132019691849588,-0.1286178761332757
2084.0,0.5132019691849588,
2085.0,0.46036657850883644,-0.2648836630274104
2086.0,0.46036657850883644,
2087.0,-0.3374533549229658,-0.3940191367204903
2088.0,-0.3374533549229658,
2089.0,-2.7237170356391878,-0.34806663451480874
2090.0,-2.7237170356391878,
2091.0,-0.06041817162758639,0.24369743801853838
2092.0,-0.06041817162758639,
2093.0,0.6642148394417389,0.29163480668469255
2094.0,0.6642148394417389,
2095.0,0.08277792657926952,0.17346061248092481
2096.0,0.08277792657926952,
2097.0,-0.30883122588045275,0.17407124242180116
2098.0,-0.30883122588045275,
2099.0,0.37614131120958744,0.26761820902447564
2100.0,0.37614131120958744,
2101.0,2.4824047316204787,0.20986799890362295
2102.0,2.4824047316204787,
2103.0,0.9556869699282784,-0.30669571604631396
2104.0,0.9556869699282784,
2105.0,-1.5139237248837984,-0.5475878172119877
2106.0,-1.5139237248837984,
2107.0,-0.13655803445817993,-0.23789948432094726
2108.0,-0.13655803445817993,
2109.0,1.2068868835943392,-0.2393923289190394
2110.0,1.2068868835943392,
2111.0,-1.7007481728724558,-0.5222354563631953
2112.0,-1.7007481728724558,
2113.0,-0.2042531356880995,-0.17154532316905463
2114.0,-0.2042531356880995,
2115.0,-0.48869995938190025,-0.14270852474088158
2116.0,-0.48869995938190025,
2117.0,1.1541178273631263,-0.042594050340977296
2118.0,1.1541178273631263,
2119.0,-0.45760901042792246,-0.3044137260841631
2120.0,-0.45760901042792246,
2121.0,0.00991654852302773,-0.23054181085151448
2122.0,0.00991654852302773,
2123.0,-0.14219078068549215,-0.2569804847633248
2124.0,-0.14219078068549215,
2125.0,0.35221687763429704,-0.25081420621145173
2126.0,0.35221687763429704,
2127.0,-1.054026354230474,-0.35021207873953697
2128.0,-1.054026354230474,
2129.0,0.8114900120415058,-0.13854842954089386
2130.0,0.8114900120415058,
2131.0,-0.6747287929050663,-0.33667376031253643
2132.0,-0.6747287929050663,
2133.0,-1.482527396213816,-0.21363514463635863
2134.0,-1.482527396213816,
2135.0,-0.5382561039798945,0.11802743980825059
2136.0,-0.5382561039798945,
2137.0,1.8314251291722092,0.26858005706141497
2138.0,1.8314251291722092,
2139.0,-0.9692306301994555,-0.1181092874731347
2140.0,-0.9692306301994555,
2141.0,1.153633012697776,0.09783472060289844
2142.0,1.153633012697776,
2143.0,1.0894745432437918,-0.1519170235312205
2144.0,1.0894745432437918,
2145.0,-0.5865839993819317,-0.39385300007501567
2146.0,-0.5865839993819317,
