tick,tick_dt,input_force,output_ang_vel,output_speed,output_angle,output_position
1.0,0.0,0.0,0.0,0.0,0.0,0.0
2.0,0.0033820389999164036,0.0,2.7150258933851858e-06,-2.111099900239777e-08,0.0,0.0
3.0,0.005110415000672219,0.0,2.7368921068212757e-09,3.1639770429105604e-10,1.3874909052769148e-08,-1.0788596598102983e-10
4.0,0.004925113000354031,0.0,1.339782532092978e-06,-9.75428858936953e-09,1.388838855566502e-08,-1.0632767153434378e-10
5.0,0.005190521000258741,0.0,1.1579867811918745e-06,4.948372209704402e-07,2.0842557924273453e-08,-1.5695751130005052e-10
6.0,0.004802825000297162,0.0,5.742943507584998e-07,2.5718956625281033e-07,2.6404165786995426e-08,2.2196590646543506e-09
7.0,0.005089898999358411,0.0,2.0758015087579826e-07,2.4532932971220625e-07,2.9327266028258303e-08,3.5287279805699537e-09
8.0,0.00483236800027953,0.0,4.584222617818646e-07,1.944436199287911e-07,3.033036970684371e-08,4.714249583001245e-09
9.0,0.005025586999181542,0.0,2.41110605033825e-07,1.706068568003775e-07,3.2634210665790045e-08,5.6914429113891744e-09
10.0,0.0049947819989029085,0.0,2.2875803939389377e-07,9.611194140329304e-08,3.3838505575557585e-08,6.543586968625106e-09
11.0,0.005002953999792226,0.0,2.869191636617785e-07,1.151527228385865e-07,3.498297152372789e-08,7.024430590296507e-09
12.0,0.005017014000259223,0.0,-5.278681483321208e-08,-3.2140877304528045e-08,3.6422448984761706e-08,7.602153412945665e-09
13.0,0.004984781000530347,0.0,-1.0302307847135893e-07,-5.495533282330399e-08,3.6159318273102595e-08,7.4419381784176765e-09
14.0,0.005169962998479605,0.0,3.3171096055679074e-07,1.3069267056469403e-07,3.562669276941621e-08,7.157821141152063e-09
15.0,0.004922308000459452,0.0,3.435008045095331e-07,1.2236562292792735e-07,3.7259476284404986e-08,7.801130719074069e-09
16.0,0.005180399000892066,0.0,1.5099804196428492e-07,1.2282619709411266e-07,3.903894750889179e-08,8.43503346983344e-09
17.0,0.0047446830012631835,0.0,3.11712394973442e-07,1.1753861652658446e-07,3.975538535182376e-08,9.017804839295677e-09
18.0,0.005021577999286819,0.0,-1.8462695393456654e-08,1.175175398734556e-07,4.13206734565274e-08,9.608034170112184e-09
19.0,0.005003969999961555,0.0,3.4770909542251754e-07,1.1559751508370642e-07,4.122828668266012e-08,1.0196088414108243e-08
20.0,0.004947302000800846,0.0,1.949237344324742e-07,6.349775710268363e-08,4.294850858614059e-08,1.076798423176947e-08
21.0,0.005014460999518633,0.0,5.766798922274846e-07,2.2617654858615612e-07,4.392594605033276e-08,1.1086391258317785e-08
22.0,0.005017811001380323,0.0,-5.644818803866044e-07,-2.6619237830120314e-07,4.681961675782665e-08,1.222130243206763e-08
23.0,0.00497930500023358,0.0,2.5563180966512735e-08,-1.3860975476862042e-08,4.400888930827637e-08,1.089584939176838e-08
24.0,0.004991874999177526,0.0,4.1433198702221485e-07,1.5167001533719403e-07,4.4136497512242555e-08,1.082665713482122e-08
25.0,0.005013526000766433,0.0,-4.974459525699239e-08,-4.9496757064008634e-08,4.621376170212765e-08,1.1587058700250886e-08
26.0,0.005010266999306623,0.0,-1.2877062830159461e-07,-8.500827296295448e-08,4.596452799811768e-08,1.1339066731760387e-08
27.0,0.004962244000125793,0.0,1.0153713036958115e-07,1.245086560972853e-08,4.5325536720435664e-08,1.091723493928891e-08
28.0,0.004996996000045328,0.0,5.182088412440818e-07,1.9000646842357184e-07,4.583291735474854e-08,1.0979451864937826e-08
29.0,0.004998030999558978,0.0,-2.3880618690579706e-07,-1.372149923688718e-07,4.8422941207532e-08,1.1929110084235563e-08
30.0,0.00499597099951643,0.0,7.308341116398483e-08,-4.642451685248085e-09,4.7229872423245535e-08,1.124358796166181e-08
31.0,0.00513497300016752,0.0,1.0769367513011597e-07,8.478602027447608e-09,4.760515376633274e-08,1.1219749097603479e-08
32.0,0.0050694589990598615,0.0,1.981747347217826e-07,8.73854109154912e-09,4.815110243686293e-08,1.126273102295097e-08
33.0,0.00503180799933034,0.0,6.68116288965953e-07,2.4593634571114215e-07,4.914827965230117e-08,1.1306701683917904e-08
34.0,0.004922495001665084,0.0,4.4199768466200964e-07,1.469971356539076e-07,5.24370787452671e-08,1.2517322116408777e-08
35.0,0.004996850000679842,0.0,2.827371683726497e-07,1.240615056539127e-07,5.4645674876170954e-08,1.325184475380094e-08
36.0,0.0051639970006363,0.0,-6.073234381177815e-07,-3.080658551543823e-07,5.6105728765615716e-08,1.389249799689217e-08
37.0,0.004898037999737426,0.0,-2.762397937428822e-07,-2.0066335476407808e-07,5.313103548758364e-08,1.2383579731924399e-08
38.0,0.004819204999876092,0.0,-2.565291081528686e-07,-1.6334700554982203e-07,5.1799779292413203e-08,1.1416541889353445e-08
39.0,0.0051400569991528755,0.0,-1.9168558027075945e-07,-1.364352746082484e-07,5.048120505456561e-08,1.0576928970186419e-08
40.0,0.004852055999435834,0.0,1.729055481105786e-08,-1.3833942009072625e-07,4.955113588480753e-08,9.914937377488792e-09
41.0,0.005142116999195423,0.0,-2.0175319026149227e-07,-1.3780016169734132e-07,4.9640045940626995e-08,9.203579893781432e-09
42.0,0.004992944001060096,0.0,1.1997649539425782e-08,-1.3833124663405015e-07,4.8632703559616143e-08,8.515551403089582e-09
43.0,0.005032155000662897,0.0,9.109389307805052e-07,2.8415907595816087e-07,4.8693077591742166e-08,7.819447128592114e-09
44.0,0.005012371000702842,0.0,-2.2222376643228283e-07,-1.5653305013837118e-07,5.325904147179763e-08,9.243757840511315e-09
45.0,0.004933993999657105,0.0,3.200061021568921e-07,7.4989597929475e-08,5.216259074163954e-08,8.471424710380567e-09
46.0,0.005037819000790478,0.0,2.418368703180375e-07,7.483755951515829e-08,5.377472356345443e-08,8.849208731691315e-09
47.0,0.005079513999589835,0.0,-8.155191289702522e-07,-4.1717235521009174e-07,5.500313733185189e-08,9.229347162943699e-09
48.0,0.0048686050013202475,0.0,3.5801534595909644e-08,-3.883367617689308e-08,5.103269682187499e-08,7.1982997479553e-09
49.0,0.0052688399991893675,0.0,7.912751797091113e-08,-8.574760859938381e-09,5.1221329379386284e-08,6.993691321598919e-09
50.0,0.004801933999260655,0.0,3.36421541179226e-07,-9.457088131401177e-09,5.160129449820791e-08,6.952515885890051e-09
51.0,0.004939929998727166,0.0,-9.823844062227505e-08,-9.081987236589505e-09,5.32631933616972e-08,6.905798532529136e-09
52.0,0.005063540000264766,0.0,-3.557343152548953e-07,-1.6060713615393772e-07,5.276575908804267e-08,6.859811526874771e-09
53.0,0.0050551799995446345,0.0,4.72590875168255e-09,-1.58293735351036e-07,5.096745809241442e-08,6.047913544405243e-09
54.0,0.004809191999811446,0.0,2.5292521650330866e-07,2.979193035626648e-08,5.099018589497485e-08,5.28664857873477e-09
55.0,0.005101782000565436,0.0,1.6035808316762025e-07,4.1998321138357554e-08,5.228055521202055e-08,5.438640512788469e-09
56.0,0.005129280998517061,0.0,3.816599273581647e-07,4.1450158291946404e-08,5.3103076880970844e-08,5.654061703373064e-09
57.0,0.0050426519992470276,0.0,2.8062995464167646e-07,3.6267952097088414e-08,5.502765507669597e-08,5.863080426953053e-09
58.0,0.004992139000023599,0.0,9.737430777090002e-07,3.3196801285739763e-07,5.6428598817837534e-08,6.044135085067916e-09
59.0,0.00621868199959863,0.0,4.2822261226607656e-07,6.945170883247107e-08,6.248399736742027e-08,8.10853859106674e-09
60.0,0.010100038000018685,0.0,1.4992054952839188e-06,-1.4948643086232702e-07,6.68090620237749e-08,8.810003489440932e-09
61.0,0.009812963000513264,0.0,2.4349981546040957e-06,-1.5325297452279177e-07,8.152071007916216e-08,7.343098674310133e-09
62.0,0.004658595998989767,0.0,1.086730566294989e-06,3.645943100901247e-07,9.286438273974827e-08,6.629154980364974e-09
63.0,0.010517626000364544,0.0,6.15177222682512e-08,1.0139905116775539e-06,1.0429420839920333e-07,1.0463821575753844e-08
64.0,0.009727357000883785,0.0,6.151772226815453e-08,1.0139905116775503e-06,1.0489261324558783e-07,2.032726927835023e-08
65.0,0.010235210000246298,0.0,1.640102988844919e-05,8.948333732524267e-07,1.0552226005173922e-07,3.070567510362715e-08
66.0,0.010004234000007273,0.0,-4.4295658500737295e-06,8.841505785690991e-07,2.696020008968981e-07,3.9657797560660275e-08
67.0,0.009994627000196488,0.0,1.4709891567607277e-06,7.550564450119585e-07,2.2533014245260288e-07,4.849455280546634e-08
68.0,0.009963794000213966,0.0,6.516742613183256e-07,1.0683032672964261e-07,2.399867753871152e-07,5.601777968209938e-08
69.0,0.009977326000807807,0.0,6.016532565704306e-07,7.865450186674907e-08,2.4648874193862375e-07,5.7083660678653836e-08
70.0,0.004519573998550186,0.0,4.100445387975351e-07,-2.4019937349330806e-08,2.492079583531625e-07,5.743914552015971e-08
71.0,0.01044588800141355,0.0,1.2558842949030197e-07,-1.7794118807019617e-07,2.534912376810328e-07,5.718823594480763e-08
72.0,0.004510520000621909,0.0,1.7483570499242866e-06,-1.8849157511119813e-07,2.540577068040955e-07,5.6385628657082586e-08
73.0,0.004674961001001066,0.0,2.4510711352129413e-06,-1.886441952230571e-07,2.622312078283168e-07,5.550443789442047e-08
74.0,0.004882216000623885,0.0,3.577108969223368e-07,-1.3200979553536643e-07,2.741978665433208e-07,5.458343618607765e-08
75.0,0.005025546000979375,0.0,5.532327960691343e-07,-1.264879548967789e-07,2.759955591108556e-07,5.392001488603478e-08
76.0,0.004941520001011668,0.0,5.24960867617579e-07,-1.2028302618913296e-07,2.7872937003784686e-07,5.329497212702528e-08
77.0,0.00503480000043055,0.0,1.3886503245378133e-06,3.236256081962725e-07,2.813724430143539e-07,5.268937114671645e-08
78.0,0.004800975999387447,0.0,2.98342260710736e-07,-1.0587806517183763e-07,2.880393198940015e-07,5.424308992445392e-08
79.0,0.00510237100024824,0.0,3.884559515189145e-07,-1.2652481877478679e-07,2.8956157279320045e-07,5.370286075515874e-08
80.0,0.005085767999844393,0.0,6.317573670543056e-07,-1.2199328933332797e-07,2.915371696407844e-07,5.3059384880647816e-08
81.0,0.005010046999814222,0.0,8.672111992759137e-07,5.9231001375956725e-08,2.9470230374220537e-07,5.244819276742591e-08
82.0,0.00504324000030465,0.0,1.4521910521203939e-06,3.003228651413946e-07,2.9907585795110583e-07,5.274690892282323e-08
83.0,0.004737625000416301,0.0,4.899718434807661e-07,-1.2350293829195842e-07,3.0595579458501226e-07,5.4169726036913755e-08
84.0,0.004986476998965372,0.0,3.610836370315347e-07,-1.3997053763825086e-07,3.0839902791266974e-07,5.355388147581627e-08
85.0,0.0049652870002319105,0.0,6.935955293929407e-07,-1.3590023469538985e-07,3.101919118016189e-07,5.285888758486559e-08
86.0,0.005006667000998277,0.0,1.0338216208797047e-06,7.817415241435964e-08,3.1366451365067046e-07,5.217848036438826e-08
87.0,0.005027356999562471,0.0,9.790875750556867e-07,4.6139774818746615e-08,3.1886190401269904e-07,5.257148973671345e-08
88.0,0.004976625999915996,0.0,9.90219340520558e-07,3.7961939478355176e-08,3.2373445669491585e-07,5.2801110139706695e-08
89.0,0.004873998001130531,0.0,1.3774183606391713e-06,1.9249610398236674e-07,3.2856078378129383e-07,5.298613655684324e-08
90.0,0.005018511001253501,0.0,1.2747338058310007e-06,1.0086327999504863e-07,3.354733729774901e-07,5.395218037237718e-08
91.0,0.00488016700001026,0.0,3.989708638647608e-07,-1.7286754738838455e-07,3.41694286830504e-07,5.444441002292181e-08
92.0,0.004933475998768699,0.0,1.5644923524547938e-06,1.6479108790727013e-07,3.4366260001158884e-07,5.3591572126915205e-08
93.0,0.00510720900092565,0.0,5.244456883829058e-07,-2.2163340147213252e-07,3.516527894359253e-07,5.443319465434755e-08
94.0,0.005085066000901861,0.0,7.94282642629459e-07,-1.6617831013104397e-07,3.543196303752408e-07,5.330617417985737e-08
95.0,0.005495786999745178,0.0,1.3090396169211905e-06,8.962107480087233e-08,3.58684838596727e-07,5.239289358339956e-08
96.0,0.0042578309985401575,0.0,1.4317567044855894e-06,3.955801050544224e-08,3.642585080559712e-07,5.2774484973809204e-08
97.0,0.005181972999707796,0.0,1.3825307142319432e-07,4.4840763970815634e-08,3.716778326407661e-07,5.2979473516170565e-08
98.0,0.004823078001209069,0.0,2.045631126229104e-06,3.857301668913549e-08,3.723446379881469e-07,5.319574401843561e-08
99.0,0.004984291999790003,0.0,1.1831266989883081e-06,4.3927883323360393e-08,3.8254066084513204e-07,5.338800319692704e-08
100.0,0.005200109000725206,0.0,8.726022722853651e-07,-1.226701853461688e-07,3.8869304864153943e-07,5.3616432978379654e-08
101.0,0.004777199999807635,0.0,1.2626860501946569e-06,-1.0329569053447935e-07,3.9286164421653325e-07,5.3030412968967534e-08
102.0,0.004988476001017261,0.0,9.142238873654739e-07,-9.663973721652009e-08,3.9916052327474856e-07,5.251512489572778e-08
103.0,0.005041992000769824,0.0,1.2663534652474987e-06,-9.076744885019992e-08,4.0377003280175796e-07,5.202786811372559e-08
104.0,0.005033563000324648,0.0,1.2843650915726824e-06,-7.617644820595362e-08,4.1014430274976067e-07,5.157098444155936e-08
105.0,0.004919516999507323,0.0,1.4836236572075426e-06,3.159789515772572e-08,4.1646275865132626e-07,5.1196233109648086e-08
106.0,0.005033384999478585,0.0,2.51144188743047e-06,4.587726421566221e-07,4.2393040771238627e-07,5.135527748115008e-08
107.0,0.005085132001113379,0.0,4.502552976987175e-07,-4.3907991696971217e-07,4.367014212230955e-07,5.368819692501606e-08
108.0,0.004953604000547784,0.0,1.1600023084848658e-06,-1.6992753645758985e-07,4.389318076670437e-07,5.1513168891754705e-08
109.0,0.0060101020008005435,0.0,2.1198537986591993e-06,1.7232700618755236e-07,4.4590353986220184e-07,5.0491887064899837e-08
110.0,0.005019894999350072,0.0,2.444684868871891e-06,1.3223537643563972e-07,4.565449833454444e-07,5.13569505415137e-08
111.0,0.004806224000276416,0.0,1.3178351200727265e-06,1.39206617112628e-07,4.6829468643532906e-07,5.199250338142426e-08
112.0,0.005039767000198481,0.0,1.6872074442418743e-06,1.4825751937488583e-07,4.749362683851742e-07,5.269407229655775e-08
113.0,0.004951021999659133,0.0,2.01402387377587e-06,1.3188365971055987e-07,4.832896695596044e-07,5.34280985365977e-08
114.0,0.005092543000500882,0.0,2.5348942315221158e-06,3.376378958022789e-07,4.935461727408434e-07,5.409972174473715e-08
115.0,0.004901170999801252,0.0,2.1058309930225145e-06,1.4735869639419407e-07,5.059701228359431e-07,5.57545428080772e-08
116.0,0.00559041699852969,0.0,1.997214986094856e-06,1.0886823167513335e-07,5.177425962153668e-07,5.6578339369280475e-08
117.0,0.009468989999732003,0.0,2.967597063954636e-06,1.0612230818127881e-07,5.366542049460138e-07,5.760921156630082e-08
118.0,0.005119002000355977,0.0,3.63548294671442e-06,1.1281221849958105e-07,5.518453402526481e-07,5.815245187416318e-08
119.0,0.0045706290002272,0.0,2.0361143016858434e-07,1.1925327902780563e-07,5.684617840387325e-07,5.866807467161733e-08
120.0,0.004962932000125875,0.0,1.4639478817004363e-06,1.3092864882930358e-07,5.694722937211075e-07,5.9259920586224366e-08
121.0,0.004987627000446082,0.0,2.5950204190944948e-06,1.3425076553755132e-07,5.767739197031224e-07,5.991294385025733e-08
122.0,0.005893603000004077,0.0,2.3187203261297207e-06,7.609048875071306e-08,5.920679398301695e-07,6.070416456478228e-08
123.0,0.009659818999352865,0.0,3.522311789925517e-06,4.368744243070083e-08,6.144663584907031e-07,6.143918491368646e-08
124.0,0.004637131998606492,0.0,3.6317354347111467e-06,5.508403252056778e-08,6.307997832008356e-07,6.164176935091915e-08
125.0,0.005323800000041956,0.0,-7.360058412732407e-07,6.210685109706881e-08,6.501344163083031e-07,6.193502572325445e-08
126.0,0.0044259249989409,0.0,3.187272466700545e-06,5.054257315705212e-08,6.468769096560453e-07,6.220990598813046e-08
127.0,0.005942563999269623,0.0,1.8523851467132114e-06,5.45165980809172e-08,6.658174802725232e-07,6.251025846380401e-08
128.0,0.004367645000456832,0.0,3.5614196098214934e-06,5.958153739091933e-08,6.739080409974857e-07,6.274836761085404e-08
129.0,0.004703327000243007,0.0,1.7583023650597552e-06,6.89104189961796e-08,6.90658562007554e-07,6.302859906438074e-08
130.0,0.005094955000458867,0.0,3.0112938313352705e-06,7.24989751219478e-08,6.996170334347338e-07,6.337969454822904e-08
131.0,0.005001061999792,0.0,3.1035593132250816e-06,8.66688629441823e-08,7.146767005848327e-07,6.374226641773528e-08
132.0,0.004947720000927802,0.0,3.516100577272114e-06,3.3592772755905363e-07,7.300322430729422e-07,6.417107968438188e-08
133.0,0.005039928000769578,0.0,3.0095117229135565e-06,6.419462642993469e-08,7.47753136825858e-07,6.586413124474165e-08
134.0,0.00477572800082271,0.0,2.0472046390864686e-06,-3.467991157627209e-07,7.621257462297804e-07,6.617070731968544e-08
135.0,0.005041276001065853,0.0,2.255414155451254e-06,-2.8891207116862335e-07,7.724462698460777e-07,6.442239726019998e-08
136.0,0.0052471629987849155,0.0,2.6451040184271467e-06,-2.2191752494589658e-07,7.842807955494973e-07,6.290642853046166e-08
137.0,0.004926976998831378,0.0,2.848990235988503e-06,-2.1024471525941354e-07,7.973131622078044e-07,6.181304598941564e-08
138.0,0.004849479000768042,0.0,2.693251495251647e-06,-1.8061267591900194e-07,8.111292805306238e-07,6.079346865774265e-08
139.0,0.005074548000266077,0.0,2.8628450509765215e-06,-1.369991586198026e-07,8.247963145200666e-07,5.987694096433517e-08
140.0,0.00509149699973932,0.0,3.115600399216188e-06,-1.190202271288421e-07,8.393724815078321e-07,5.9179410159255636e-08
141.0,0.004984320999938063,0.0,3.2087820749910367e-06,-5.217998931180796e-08,8.549016340050608e-07,5.858617514175995e-08
142.0,0.004987419000826776,0.0,4.351831483268141e-06,4.1580002000286305e-07,8.709051746953835e-07,5.83259316716033e-08
143.0,0.0048857339988899184,0.0,3.429215371185046e-06,-1.0997954908442646e-08,8.921670657306261e-07,6.035741996607039e-08
144.0,0.004894043999229325,0.0,3.4784663163762546e-06,4.764412547626118e-09,9.089497966400393e-07,6.030359549084693e-08
145.0,0.005166439001186518,0.0,3.521840540687274e-06,-3.506025158254566e-08,9.269210806812792e-07,6.032821053765073e-08
146.0,0.0048406629994133255,0.0,3.7410082468100154e-06,-1.4123680791504722e-08,9.439691238764179e-07,6.015849567506498e-08
147.0,0.005154381000465946,0.0,3.6194271698543816e-06,4.132887973080908e-09,9.63251705706362e-07,6.00856968431366e-08
148.0,0.0050156580000475515,0.0,4.006309901667665e-06,2.1559550782800263e-08,9.814055145464315e-07,6.010642599576209e-08
149.0,0.005047540000305162,0.0,5.098736749052366e-06,5.075610525848984e-07,1.0016275240287176e-06,6.021524869072689e-08
150.0,0.004772881000462803,0.0,3.717747557714696e-06,-1.2001441156803458e-07,1.0259631877846312e-06,6.263777719518424e-08
151.0,0.0052272609991632635,0.0,3.597594025865595e-06,-1.5879521776632893e-07,1.0453968245978076e-06,6.201043054225713e-08
152.0,0.005230630998994457,0.0,4.223993381311557e-06,-1.4069225153376097e-07,1.0642145114312975e-06,6.11798313537165e-08
153.0,0.004762460999700124,0.0,4.202973155522564e-06,-2.423940003534745e-08,1.0843311151727852e-06,6.050978999282696e-08
154.0,0.004782652998983394,0.0,4.053180360230688e-06,-4.3801926643578234e-09,1.104432477339692e-06,6.039386135355435e-08
155.0,0.005150740000317455,0.0,4.218672389836849e-06,-9.34363680737505e-08,1.1253093555496333e-06,6.037130011998895e-08
156.0,0.004856383000515052,0.0,4.600020881857296e-06,-6.710309303807709e-08,1.1457968444283792e-06,5.991753733044572e-08
157.0,0.005108536999614444,0.0,4.44210650681862e-06,-4.5124508235961254e-08,1.1692962213023462e-06,5.9574738696872136e-08
158.0,0.005096808999951463,0.0,4.772427755052307e-06,-2.2663649084445953e-08,1.1919367897250423e-06,5.934474769717671e-08
159.0,0.0049104769987025065,0.0,4.912301989070223e-06,4.145284946764453e-08,1.2153716864441962e-06,5.923345836964087e-08
160.0,0.004859147000388475,0.0,4.99562651251699e-06,4.837796914761214e-08,1.2392412839193891e-06,5.943488385878913e-08
161.0,0.0052321980001579504,0.0,5.087896689777464e-06,7.197212717648198e-08,1.2653793909677165e-06,5.968800697221497e-08
162.0,0.005133528000442311,0.0,5.459984593048575e-06,9.637931555959296e-08,1.291498251088047e-06,6.005747790232684e-08
163.0,0.005866912000783486,0.0,6.198120646988938e-06,4.0685590163312477e-07,1.3235315002210966e-06,6.062292686541071e-08
164.0,0.004468962999453652,0.0,6.323567411240113e-06,3.6296786990219557e-07,1.3512306720586398e-06,6.24411508359185e-08
165.0,0.005182864999369485,0.0,4.998577507024605e-06,3.883082036619648e-07,1.3840048682655098e-06,6.432236430473029e-08
166.0,0.004427744999702554,0.0,6.760451372025095e-06,4.022838579123613e-07,1.4061372948278637e-06,6.604169401183803e-08
167.0,0.00509157799933746,0.0,5.877132820770001e-06,4.270012273278555e-07,1.4405586602992574e-06,6.80899536522732e-08
168.0,0.004874832999121281,0.0,7.0260700078764425e-06,4.4798744043733593e-07,1.4692087013141657e-06,7.017151332591632e-08
169.0,0.0048137760004465235,0.0,6.294899765052613e-06,1.2785727128203855e-07,1.5030306284955384e-06,7.232802451519502e-08
170.0,0.005038885999965714,0.0,6.2110008755497975e-06,1.1841395567922695e-07,1.5347499107928494e-06,7.29722827294519e-08
171.0,0.004979513998478069,0.0,6.4425226902554165e-06,1.2043351334360838e-07,1.565677676597209e-06,7.356192667937178e-08
172.0,0.00521493999985978,0.0,6.836618367713005e-06,2.3097192302490666e-07,1.5992750458746262e-06,7.418998022543101e-08
173.0,0.004700354000306106,0.0,6.920770176662799e-06,2.1514971449502727e-07,1.6314095723678723e-06,7.527563002777953e-08
174.0,0.0048076950006361585,0.0,6.636750819483373e-06,2.4392432681085077e-07,1.6646825245467657e-06,7.631000423454557e-08
175.0,0.005132529000547947,0.0,5.676984158429948e-06,-4.2332585154227976e-07,1.6987458405971745e-06,7.756195291584139e-08
176.0,0.004877265000686748,0.0,6.474090157756283e-06,-3.597143419265367e-07,1.726433996742538e-06,7.549728055622831e-08
177.0,0.00625094099996204,0.0,6.4410701156653945e-06,-2.4746032419236555e-07,1.7669031523471075e-06,7.324872742800536e-08
178.0,0.004558840999379754,0.0,7.489056983856584e-06,-2.401485317335163e-07,1.7962669668702826e-06,7.21205951563574e-08
179.0,0.010461259000294376,0.0,4.688600869119394e-06,-1.7633797479247954e-07,1.8746119316463698e-06,6.960833916735268e-08
180.0,0.004505713999606087,0.0,9.919406081374393e-06,-1.6027529789098256e-07,1.8957374262209262e-06,6.881381068566802e-08
181.0,0.004822742999749607,0.0,6.140766225440617e-06,-1.3086989889933525e-07,1.943576172461548e-06,6.80408441147315e-08
182.0,0.005006213001252036,0.0,7.988964879542538e-06,-1.0626597664295746e-07,1.9743181561769982e-06,6.73856815253891e-08
183.0,0.004632529000446084,0.0,8.06445304827981e-06,-6.87365641696933e-08,2.0113272676650242e-06,6.689340130682988e-08
184.0,0.005082194000351592,0.0,7.953540436327839e-06,-2.961543999880762e-08,2.052312382563109e-06,6.654406875280188e-08
185.0,0.004828110999369528,0.0,8.65996292667777e-06,6.385428450770319e-09,2.0907129586276734e-06,6.640108212119247e-08
186.0,0.005198654998821439,0.0,8.555456651361886e-06,4.7712255289385997e-08,2.1357331181860552e-06,6.643427776072769e-08
187.0,0.00504439500036824,0.0,9.066784639068433e-06,8.880693950200912e-08,2.178890220944052e-06,6.667495722276576e-08
188.0,0.004822420998607413,0.0,9.942857243753851e-06,4.2420135011900816e-07,2.222614073577347e-06,6.71032216726423e-08
189.0,0.004905990999759524,0.0,9.661045365222957e-06,4.0203726219347724e-07,2.271393641727097e-06,6.9184349678412e-08
190.0,0.005219747999944957,0.0,8.437216903178884e-06,-3.647700101831784e-07,2.321821863949597e-06,7.128288287364974e-08
191.0,0.005134831000759732,0.0,9.187699193537244e-06,-3.076456720604541e-07,2.3651455468641738e-06,6.94098505172137e-08
192.0,0.004876023998804158,0.0,1.0355165575532267e-05,2.9431805953270845e-07,2.409944988625655e-06,6.790976283711869e-08
193.0,0.004773316999489907,0.0,1.0226510399266442e-05,3.0834624841468533e-07,2.459373476499876e-06,6.931463623394305e-08
194.0,0.0051360119996388676,0.0,1.0539123777251371e-05,2.6257713574523785e-07,2.51189695662494e-06,7.08983062658445e-08
195.0,0.0051026870005443925,0.0,1.0934282684387609e-05,2.8207827065798035e-07,2.565674806520249e-06,7.22381552030519e-08
196.0,0.004982828000720474,0.0,1.0762320733325644e-05,1.1763440481633678e-07,2.6201584564478085e-06,7.364370270848129e-08
197.0,0.0050475349999032915,0.0,1.1192839632425651e-05,1.4862536163252652e-07,2.6744816470294547e-06,7.423746648398454e-08
198.0,0.004774323999299668,0.0,1.0344666558515222e-05,-2.4561658120590247e-07,2.727919889906857e-06,7.49470521149313e-08
199.0,0.004939593000017339,0.0,1.0609757504734052e-05,-2.0905150749495406e-07,2.7790183324268123e-06,7.373380616971843e-08
200.0,0.005217772000833065,0.0,1.1058064418771768e-05,-1.0862932814880534e-07,2.834377628070642e-06,7.264302306717932e-08
201.0,0.00498816999970586,0.0,1.1721834262921075e-05,-5.693978775938018e-08,2.8895371332591742e-06,7.210116151141924e-08
202.0,0.0057370700014871545,0.0,1.1808051363372368e-05,6.778296365639134e-09,2.956786116971383e-06,7.177449396317386e-08
203.0,0.004729743001007591,0.0,1.2620190083773311e-05,5.938710891907344e-08,3.012635165262832e-06,7.1806553562968e-08
204.0,0.0055402100006176624,0.0,1.1826748432847773e-05,1.2245378679996805e-07,3.0825536685746487e-06,7.213557061770923e-08
205.0,0.009946866000973387,0.0,1.4558117999296608e-05,2.207592035059703e-07,3.2001927504634075e-06,7.335360202632027e-08
206.0,0.004549758999928599,0.0,1.4950375990522666e-05,2.782581964903927e-07,3.26642867885273e-06,7.435800319928864e-08
207.0,0.004727715000626631,0.0,1.1018159006578814e-05,3.3284184999821514e-07,3.337109795688132e-06,7.567352864888358e-08
208.0,0.00479052400078217,0.0,1.4300568798400228e-05,2.82341944474821e-07,3.389892550853582e-06,7.726801551976476e-08
209.0,0.004845921001106035,0.0,1.430140342854262e-05,1.740438133194187e-07,3.4591919775215113e-06,7.86362222779884e-08
210.0,0.004952886998580652,0.0,1.45043387578284e-05,1.3519581700058698e-07,3.530025212624197e-06,7.949824161816155e-08
211.0,0.004964425999787636,0.0,1.486732618518016e-05,1.62560170991179e-07,3.6020309290632876e-06,8.01694112471418e-08
212.0,0.005101665999973193,0.0,1.4928925083493417e-05,6.280735779665864e-08,3.6778790615727325e-06,8.099873894443733e-08
213.0,0.005008657000871608,0.0,1.5435162938262092e-05,1.3854118915308264e-07,3.7526529267076594e-06,8.131331945677181e-08
214.0,0.004984051000064937,0.0,1.622125510974949e-05,3.505081812147603e-07,3.82958256598627e-06,8.200381580912042e-08
215.0,0.004787208999914583,0.0,1.592850735780424e-05,9.520028888284196e-08,3.907237104437573e-06,8.36817717287754e-08
216.0,0.00524216499979957,0.0,1.6112955939656888e-05,1.43884712361962e-07,3.990736968207704e-06,8.418082735112785e-08
217.0,0.004993210000975523,0.0,1.698607258534974e-05,2.1996726529170593e-07,4.071192340950877e-06,8.489927393588107e-08
218.0,0.004983193999578361,0.0,1.7089606056045002e-05,1.956257053468879e-07,4.155837235934595e-06,8.599541349238637e-08
219.0,0.005036507000113488,0.0,1.721237496376393e-05,7.318180277676141e-08,4.241909156465047e-06,8.69806837267681e-08
220.0,0.004954039000949706,0.0,1.691492833363805e-05,-2.0624912209076178e-07,4.327179933334504e-06,8.734322923188399e-08
221.0,0.0050455330001568655,0.0,1.7595133258769196e-05,-7.176994039624415e-08,4.412524762437163e-06,8.630259248012166e-08
222.0,0.005057563999798731,0.0,1.7269745949430643e-05,-3.6562050807662223e-07,4.501513274978376e-06,8.593961141330592e-08
223.0,0.004895561000012094,0.0,1.8375195879400522e-05,-4.571880283748184e-08,4.5860583697285255e-06,8.41496939131614e-08
224.0,0.005032807999668876,0.0,1.88961535922184e-05,4.995796146552246e-08,4.678537202545855e-06,8.391959995650563e-08
225.0,0.004760259000249789,0.0,1.825179440935255e-05,-3.9551624765686746e-07,4.7684877877533155e-06,8.415741279220602e-08
226.0,0.005241805998593918,0.0,1.9037244142079936e-05,-2.636247184528291e-07,4.864160153173363e-06,8.208419335269689e-08
227.0,0.004939970998748322,0.0,2.0021251467937985e-05,-1.7689502268307339e-07,4.958203587131329e-06,8.078189488898673e-08
228.0,0.004791856999872834,0.0,2.01899042259633e-05,-8.519114771466314e-08,5.054142561124182e-06,7.993423923630018e-08
229.0,0.0051494109993655,0.0,2.072973387316716e-05,1.5726590313198705e-08,5.158108676021493e-06,7.949555500320973e-08
230.0,0.005120191999594681,0.0,2.165342325492441e-05,1.1805162640432532e-07,5.26424889355261e-06,7.957607816511227e-08
231.0,0.004864542999712285,0.0,2.1938391836375076e-05,1.0025196123295921e-07,5.36958290206716e-06,8.015034537794207e-08
232.0,0.004864512000494869,0.0,2.235913342869509e-05,1.9157111829593647e-07,5.476302472426765e-06,8.063802224643294e-08
233.0,0.005236270999375847,0.0,2.261905543837359e-05,5.601835852627292e-09,5.593380954370616e-06,8.164114053748395e-08
234.0,0.00495718499951181,0.0,2.3434039117197142e-05,1.3021323507496113e-07,5.705507796692847e-06,8.166890987414232e-08
235.0,0.004826547999982722,0.0,2.3812544683658404e-05,1.9051344434715503e-07,5.818613311325472e-06,8.229739030346465e-08
236.0,0.00525397900128155,0.0,2.4383330572743434e-05,2.643256917953276e-07,5.943723921060492e-06,8.329834393952643e-08
237.0,0.004941978000715608,0.0,2.530077762600137e-05,3.442342948343077e-07,6.064225804335166e-06,8.460463569340287e-08
238.0,0.004837217000385863,0.0,2.5582767092704827e-05,3.0612688455639247e-07,6.186611155990642e-06,8.626977167649122e-08
239.0,0.005186583000977407,0.0,2.6080761805834924e-05,2.9507467481762144e-07,6.319298300911629e-06,8.785752417207358e-08
240.0,0.005033988001741818,0.0,2.6765179754812884e-05,3.195506545601382e-07,6.4505885429184885e-06,8.934292654472335e-08
241.0,0.004998645999876317,0.0,2.7407979340355936e-05,3.215027096398431e-07,6.584378201635854e-06,9.094024714589824e-08
242.0,0.005055003999586916,0.0,2.7438815101694647e-05,1.5067862846604017e-07,6.722925646821949e-06,9.256544462900568e-08
243.0,0.004913606000627624,0.0,2.7150285518578147e-05,-2.1646214245401877e-07,6.857749173355747e-06,9.330582004200276e-08
244.0,0.005018531001041993,0.0,2.799532752989432e-05,-9.354208683631168e-08,6.994003722917873e-06,9.22194980695453e-08
245.0,0.004755805999593576,0.0,2.783243512256218e-05,-4.010788305082861e-07,7.127144069545131e-06,9.177463005175467e-08
246.0,0.005278560000078869,0.0,2.8782385067902288e-05,-2.6179080698623035e-07,7.2740592482878785e-06,8.965751138015522e-08
247.0,0.004819505000341451,0.0,3.004767195742322e-05,-1.3014227239260756e-07,7.412776097044387e-06,8.839580927684167e-08
248.0,0.005104848998598754,0.0,3.0360390368366857e-05,1.6217691848089393e-08,7.566164925146462e-06,8.77314526279429e-08
249.0,0.005024434000006295,0.0,3.1591784957883845e-05,1.641115304807606e-07,7.718708702766748e-06,8.781293735026607e-08
250.0,0.005010431001210236,0.0,3.2524226709190845e-05,2.9315268788253586e-07,7.876997161503295e-06,8.863520685024293e-08
251.0,0.005048003000410972,0.0,3.2628213795881755e-05,5.6823274402045135e-08,8.041179555517337e-06,9.011504249825251e-08
252.0,0.005016664999857312,0.0,3.281681893441391e-05,-1.4713523454504312e-07,8.204864373674998e-06,9.040010583012254e-08
253.0,0.004909383000267553,0.0,3.409728570018171e-05,1.1897526517347454e-07,8.365974706674468e-06,8.967776261090672e-08
254.0,0.004846105000979151,0.0,3.478157420596739e-05,1.4664323681032474e-07,8.531213733425933e-06,9.025432923845673e-08
255.0,0.004943662001096527,0.0,3.555237539642771e-05,1.881586902119776e-07,8.703162080166294e-06,9.097928383599373e-08
256.0,0.0052234049999242416,0.0,3.4975698972733036e-05,-4.0943238115605173e-07,8.888866535571178e-06,9.196211287922616e-08
257.0,0.004972639999323292,0.0,3.650999480481244e-05,-2.009927531231196e-07,9.062788095287281e-06,8.99261530436714e-08
258.0,0.004816539001694764,0.0,3.7249885884100935e-05,-3.1750194231543304e-08,9.238639909216333e-06,8.895806360919589e-08
259.0,0.005453922998640337,0.0,3.830916089235466e-05,1.6431769468543407e-07,9.441797918536358e-06,8.878490049466518e-08
260.0,0.005026361001000623,0.0,3.993875799919458e-05,3.4829899932712744e-07,9.634353590826748e-06,8.961082054700638e-08
261.0,0.004870832000960945,0.0,4.043704031503581e-05,4.0910943772479673e-07,9.82888857136786e-06,9.130732645883162e-08
262.0,0.0048705919998610625,0.0,4.1348545898223026e-05,4.1738047375373176e-07,1.0025840896424334e-05,9.329993161328168e-08
263.0,0.005226327000855235,0.0,4.143472912804004e-05,1.4727183934945596e-08,1.0241941918298318e-05,9.548129845289056e-08
264.0,0.0049681509990477934,0.0,4.276245915228623e-05,2.256306904577135e-07,1.0447795909211066e-05,9.555446532647012e-08
265.0,0.005043465000198921,0.0,4.362313467159531e-05,2.6261083210533924e-07,1.0663466875268058e-05,9.669242581676431e-08
266.0,0.004751511998620117,0.0,4.325797619630188e-05,-2.9124800937069163e-07,1.0870742723077564e-05,9.794022433648044e-08
267.0,0.005226567000136129,0.0,4.441704726287921e-05,-1.462293289621534e-07,1.1096833433957829e-05,9.641799710184825e-08
268.0,0.00485256499996467,0.0,4.612762771656062e-05,6.323012937562685e-08,1.1312370042907453e-05,9.570840977815818e-08
269.0,0.005170729999008472,0.0,4.70191646255854e-05,2.9035404510160257e-07,1.1550883551324569e-05,9.603535570496193e-08
270.0,0.004943240999637055,0.0,4.8421830627055604e-05,3.3969133717193813e-07,1.1783310613670446e-05,9.747064572511863e-08
271.0,0.005095750000691623,0.0,4.919406349706043e-05,2.7076526869762155e-07,1.2030056157121754e-05,9.920162785674748e-08
272.0,0.004717128000265802,0.0,4.903013719208538e-05,-1.5750006997140127e-07,1.2262110851490592e-05,1.0047886228722052e-07
273.0,0.0052245909992052475,0.0,5.0424394810764956e-05,1.974539634217802e-08,1.251827326495416e-05,9.965598883927374e-08
274.0,0.004965930000253138,0.0,5.239608797533643e-05,2.615294453360551e-07,1.2768677279889546e-05,9.975404309533625e-08
275.0,0.005038604000219493,0.0,5.326496664115772e-05,2.7831880066592667e-07,1.3032680418357928e-05,1.0107178640478168e-07
276.0,0.004780343000675202,0.0,5.307318889086851e-05,-2.8244144598157077e-07,1.3287305228822184e-05,1.0240224573550136e-07
277.0,0.005132538999532699,0.0,5.454782101083599e-05,-7.71024351651132e-08,1.3559705440634132e-05,1.0095260399891654e-07
278.0,0.004913396000119974,0.0,5.64124445763362e-05,1.8386132292602934e-07,1.3827720486204035e-05,1.0057376920237676e-07
279.0,0.0051438880000205245,0.0,5.757266079891395e-05,2.2488049238803635e-07,1.4117899782912073e-05,1.0151953125504386e-07
280.0,0.0050188400000479305,0.0,5.88341075278317e-05,2.5509698899496464e-07,1.4406847755838854e-05,1.0264817046547141e-07
281.0,0.0046005730000615586,0.0,6.0358380809879466e-05,4.2557766590772167e-07,1.4677518362414114e-05,1.0382176278543864e-07
282.0,0.004935046999889892,0.0,6.133007614545531e-05,6.741424767145394e-07,1.4975389808548121e-05,1.0592200856879668e-07
283.0,0.005127407001054962,0.0,6.306963269945598e-05,5.621028283180462e-07,1.5289854070351563e-05,1.0937861142361135e-07
284.0,0.005057141001088894,0.0,6.411160445213042e-05,4.644642134908308e-07,1.5608806095799598e-05,1.1222124468352657e-07
285.0,0.0047979579994716914,0.0,6.490811702230101e-05,2.512501789009826e-07,1.591641088123966e-05,1.1444972447211323e-07
286.0,0.0052386580009624595,0.0,6.63636623230256e-05,4.209814346428466e-07,1.6256442307805946e-05,1.1576593823205612e-07
287.0,0.005022479001127067,0.0,6.82799014940473e-05,5.439554105157628e-07,1.658975240826123e-05,1.1788030864741416e-07
288.0,0.004804615999091766,0.0,6.874281583152636e-05,1.3403563036645285e-07,1.691781111539594e-05,1.2049380551557072e-07
289.0,0.0051277189995744266,0.0,7.025499245117352e-05,3.9217279197042035e-07,1.7270304958219504e-05,1.2118110256402072e-07
290.0,0.00503926600140403,0.0,7.213493092015963e-05,4.197552509526094e-07,1.76243385531076e-05,1.2315736558127294e-07
291.0,0.004949022000801051,0.0,7.337408182577564e-05,3.162760687134932e-07,1.7981335913257733e-05,1.2523474355318916e-07
292.0,0.00508631999946374,0.0,7.458262979561189e-05,1.982377089342314e-07,1.8354539973090466e-05,1.2684342484683836e-07
293.0,0.004866130999289453,0.0,7.455983125078743e-05,-4.350064195224039e-07,1.8717468819947423e-05,1.2780807550751134e-07
294.0,0.005052114000136498,0.0,7.69178147955932e-05,-1.0499656104545154e-07,1.909415358725734e-05,1.2561037348529294e-07
295.0,0.005032536999351578,0.0,7.860582174137872e-05,-5.5280135401305856e-08,1.9481245336125434e-05,1.2508197440702704e-07
296.0,0.004789468001035857,0.0,8.043822655740045e-05,7.023172674273161e-08,1.9857725404050897e-05,1.2481721196742955e-07
297.0,0.005225584000072558,0.0,8.259256480604201e-05,3.1220461991058247e-07,2.027806211374346e-05,1.2518421375499384e-07
298.0,0.004839924000407336,0.0,8.476218636464413e-05,5.119664996966027e-07,2.0677803850403422e-05,1.2669526038793712e-07
299.0,0.0051412169996183366,0.0,8.649785515347154e-05,5.862880739178508e-07,2.111358464386615e-05,1.2932739125941238e-07
300.0,0.0047931860008247895,0.0,8.797755668749784e-05,4.531449123314748e-07,2.152818495228914e-05,1.3213757904776596e-07
301.0,0.0051083540001855,0.0,8.985582678330841e-05,5.274327920136427e-07,2.1977605455920266e-05,1.3445240367333815e-07
302.0,0.005130600999109447,0.0,9.176484661259405e-05,5.022448624533092e-07,2.2438619850590514e-05,1.3715845088300642e-07
303.0,0.004972924001776846,0.0,9.284966969599257e-05,1.6491182521893204e-07,2.2894959458829655e-05,1.396560764142696e-07
304.0,0.004989088000002084,0.0,9.49764652840028e-05,1.8403402416620965e-07,2.335819463171409e-05,1.404788360225278e-07
305.0,0.0050238939984410536,0.0,9.615686643699103e-05,-6.542481280801675e-08,2.3835346325647534e-05,1.4140340345204538e-07
306.0,0.004994795001039165,0.0,9.794974076520438e-05,-1.3574169564200675e-07,2.4315630161442606e-05,1.4107661992408797e-07
307.0,0.0050190020010632,0.0,0.00010053557909385537,1.1367829182054664e-07,2.4807240106346787e-05,1.4039533208203302e-07
308.0,0.004922628000713303,0.0,0.00010206116922809861,-9.317713017765612e-08,2.5302139363062126e-05,1.409549280244221e-07
309.0,0.005988359998809756,0.0,0.00010514254143018328,1.80706957023973e-07,2.5913318386299425e-05,1.4039694982526233e-07
310.0,0.004637365998860332,0.0,0.00010845931305720359,6.908459884772121e-07,2.640090283296152e-05,1.4123495412352281e-07
311.0,0.005106738000904443,0.0,0.00011003431300525294,1.2148453006536466e-06,2.6954776128502734e-05,1.4476292358565178e-07
312.0,0.005134999000802054,0.0,0.00011357264454648924,1.0443844765811846e-06,2.7519802215838648e-05,1.5100115299063734e-07
313.0,0.004308198000217089,0.0,0.00011364481693449798,2.1744664493030447e-07,2.80090956559532e-05,1.5550056810410218e-07
314.0,0.005138853999596904,0.0,0.00011565035396340613,5.070220630463979e-07,2.8593099777990502e-05,1.5661799466510121e-07
315.0,0.0054608800001005875,0.0,0.00012070126436664608,1.0997720301365616e-06,2.922465248295382e-05,1.5938678130880102e-07
316.0,0.004588572001011926,0.0,0.00012189550392124364,7.294747061985057e-07,2.977849892511335e-05,1.644331644537817e-07
317.0,0.004786692999914521,0.0,0.00012407354805427483,1.1683707601237328e-06,3.0361975280454218e-05,1.6792493592355678e-07
318.0,0.004900190999251208,0.0,0.00012616722822711895,4.950335668364184e-07,3.096995936387494e-05,1.7365017580610338e-07
319.0,0.004982518999895547,0.0,0.00012853838095511208,4.1461831230202935e-07,3.1598589975680714e-05,1.761166899584519e-07
320.0,0.004773205999299535,0.0,0.00013085751900621969,3.421073152594097e-07,3.2212130146795904e-05,1.780957485741514e-07
321.0,0.005165067999769235,0.0,0.00013363978699004807,3.6874039441284773e-07,3.2888018130744126e-05,1.7986275612068474e-07
322.0,0.004993513999579591,0.0,0.00013687637915218938,5.927926445242439e-07,3.3555350277979764e-05,1.817040664423958e-07
323.0,0.0057410389999859035,0.0,0.00013917159360333904,1.4466732607414463e-07,3.434116290886934e-05,1.8510731213351427e-07
324.0,0.005090250999273849,0.0,0.00014345009641090413,7.956693868327868e-07,3.504958125227927e-05,1.8584370513462545e-07
325.0,0.01030067799911194,0.0,0.00015017139271654412,1.7747113362179566e-06,3.6527214504349556e-05,1.9403963928214082e-07
326.0,0.004556681999019929,0.0,0.00015663933105175765,2.5882670771991368e-06,3.721149778630878e-05,2.0212643448134178e-07
327.0,0.004965296999216662,0.0,0.00015664282748606702,3.303641819560169e-06,3.798925858673938e-05,2.1497794923292994e-07
328.0,0.00498216300002241,0.0,0.00016031633110400777,1.7499620103323315e-06,3.876967868605936e-05,2.3143723127166933e-07
329.0,0.004454636000446044,0.0,0.0001598431388008566,2.1678343919896449e-07,3.94838295860547e-05,2.392326750423087e-07
330.0,0.004986216999895987,0.0,0.00016336217664034066,6.908728488829886e-07,4.028084216206026e-05,2.403136043121385e-07
331.0,0.004971500000465312,0.0,0.00016810691627157522,9.703873011619593e-07,4.109299722330373e-05,2.437482786806817e-07
332.0,0.004964970999935758,0.0,0.0001693903887419173,5.18998308047822e-08,4.192764318748073e-05,2.4856622348965674e-07
333.0,0.005053642000348191,0.0,0.00017281109468072112,2.530764475220632e-08,4.278368157048219e-05,2.4882850665442276e-07
334.0,0.004971075999492314,0.0,0.0001768786539751988,2.9521431509580736e-07,4.3642738655695515e-05,2.4895431287985414e-07
335.0,0.005027963001339231,0.0,0.00018060041119070247,3.205607370363461e-07,4.45320779836095e-05,2.5043863953362154e-07
336.0,0.004981434998626355,0.0,0.0001829792252556856,-2.241219610029474e-07,4.543172719268117e-05,2.5203549200827983e-07
337.0,0.00484055100059777,0.0,0.00018751748427533736,1.7438220051477272e-07,4.6317447464581187e-05,2.5095061822569105e-07
338.0,0.005150402001163457,0.0,0.00019184144174359314,3.732698573891066e-07,4.728323789084602e-05,2.518487566601896e-07
339.0,0.004784814000231563,0.0,0.0001958097054732415,4.954246941651046e-07,4.8201163507125375e-05,2.5363478349968947e-07
340.0,0.00513666699953319,0.0,0.00020030247152522131,7.345450120732316e-07,4.920697275941809e-05,2.561796151769612e-07
341.0,0.005032178001783905,0.0,0.00020449557678021133,7.458078113665143e-07,5.021493045033026e-05,2.598759764280362e-07
342.0,0.005008444000850432,0.0,0.00020790372660261765,3.7658938263030956e-07,5.123913509505556e-05,2.6361131308666223e-07
343.0,0.004984589000741835,0.0,0.0002114453854481852,9.469360846015258e-08,5.2275449723892204e-05,2.6548845638111743e-07
344.0,0.005098560999613255,0.0,0.0002156950864395036,3.030462481285876e-08,5.3353516919686514e-05,2.6597125752012503e-07
345.0,0.004968534998624818,0.0,0.00021894571231862153,-4.3771294772989307e-07,5.442520550569259e-05,2.6612182710912793e-07
346.0,0.005018952000682475,0.0,0.00022492447655224302,1.466087732328635e-07,5.5524083526574985e-05,2.639249668343944e-07
347.0,0.004899293999187648,0.0,0.00022846453577505524,-1.9687777729186313e-07,5.6626054664817814e-05,2.646432463173224e-07
348.0,0.005060831001173938,0.0,0.00023427872368776164,2.9762768277677194e-07,5.778227507013703e-05,2.636468811585615e-07
349.0,0.0047673170010966714,0.0,0.0002376322668438528,-1.5448264706411596e-07,5.8899156012568925e-05,2.650657666706602e-07
350.0,0.005219509999733418,0.0,0.00024422137841634565,5.045385690178705e-07,6.013948000561973e-05,2.642594429495238e-07
351.0,0.004966921998857288,0.0,0.00025003720389873453,8.77503012719932e-07,6.135250854266713e-05,2.667654466672506e-07
352.0,0.0050253789995622355,0.0,0.00025442822050203206,5.551731933640885e-07,6.26090402562491e-05,2.7117523187942596e-07
353.0,0.005035107000367134,0.0,0.00025781653890888395,-2.394676728232629e-07,6.389011357038983e-05,2.7397058831174966e-07
354.0,0.0049612820002948865,0.0,0.0002634920801531041,-3.8537465779176703e-08,6.51692141242568e-05,2.7278252165691907e-07
355.0,0.005022294000809779,0.0,0.0002692533130281551,8.819120549292111e-08,6.649254881767063e-05,2.725889751737299e-07
356.0,0.004989704999388778,0.0,0.0002738543853455049,-2.408735670731407e-07,6.783604341978921e-05,2.730290232726801e-07
357.0,0.00495959899853915,0.0,0.00028023300989542797,1.2480625014757502e-07,6.919425135509433e-05,2.7183438697064957e-07
358.0,0.00503084899901296,0.0,0.0002859472375527343,1.2130013439160013e-07,7.060406131241714e-05,2.7246226836927504e-07
359.0,0.004782881000210182,0.0,0.000290589376607962,-2.670789826843668e-07,7.19717129219707e-05,2.7304243247737956e-07
360.0,0.005222593999860692,0.0,0.00029858533247864946,5.983193266459715e-07,7.34893432566667e-05,2.716475873849233e-07
361.0,0.004935141001624288,0.0,0.0003054082220165857,9.552892225867322e-07,7.496290397346571e-05,2.7460037762591804e-07
362.0,0.005054827001004014,0.0,0.0003111533977415157,7.058690353354292e-07,7.650668970044377e-05,2.794291993820176e-07
363.0,0.0050196269985463005,0.0,0.0003147575916421073,-4.896397314883155e-07,7.80685636964365e-05,2.8297239864922515e-07
364.0,0.00501163999979326,0.0,0.0003226332150391347,1.3211887141826352e-07,7.964601543294868e-05,2.805185005854103e-07
365.0,0.004891901999144466,0.0,0.00032880170679639554,3.186000557065789e-08,8.122430550258903e-05,2.8116481315662603e-07
366.0,0.005147146999661345,0.0,0.0003362971094793798,3.087414414775324e-07,8.291669622120962e-05,2.8132880128870825e-07
367.0,0.004860765000557876,0.0,0.00034333271598740653,5.217899166677041e-07,8.455135744075577e-05,2.8282952088166405e-07
368.0,0.005052868998973281,0.0,0.00035076693758636507,6.937630695716566e-07,8.628617267770183e-05,2.8546605697557116e-07
369.0,0.004791399998794077,0.0,0.00035594633969614583,-4.18310530245547e-08,8.796683738203014e-05,2.8879015334628015e-07
370.0,0.005221935000008671,0.0,0.00036481174084781705,5.720486401780637e-07,8.982556603141441e-05,2.88571714306404e-07
371.0,0.004965775999153266,0.0,0.0003730753961801842,1.0017023706419354e-06,9.163713941832582e-05,2.914123797141485e-07
372.0,0.005003496000426821,0.0,0.00037992003805848535,6.523809546698165e-07,9.350382067097103e-05,2.964243935192735e-07
373.0,0.004823040999326622,0.0,0.00038552369265078637,-1.482502208432956e-07,9.533619059099284e-05,2.9957085361082584e-07
374.0,0.005256362999716657,0.0,0.00039552949845937836,6.845481505519582e-07,9.736264306455657e-05,2.987915966352853e-07
375.0,0.004965140000422252,0.0,0.0004042720019411913,1.032574680134307e-06,9.932650239870419e-05,3.021904740398059e-07
376.0,0.004997648000426125,0.0,0.0004119283459280663,7.670390727961727e-07,0.00010134691156083384,3.0735091882526976e-07
377.0,0.004926861998683307,0.0,0.00041811743768261755,-1.3102268448996982e-07,0.00010337642567456731,3.111300144845345e-07
378.0,0.0050635679999686545,0.0,0.0004277618745545075,3.2536646228305637e-07,0.0001054935917522459,3.104665722120811e-07
379.0,0.004789423999682185,0.0,0.0004342188060061415,-4.6739643545295706e-07,0.00010754232474038631,3.120248901552313e-07
380.0,0.005195322999497876,0.0,0.0004457953473492266,6.143065388959635e-07,0.00010979823169004452,3.095966147042392e-07
381.0,0.004898981000224012,0.0,0.0004555300414054359,1.0170155943475183e-06,0.00011198217462669665,3.126060907666039e-07
382.0,0.005078955000499263,0.0,0.00046456448735790625,8.342346308651684e-07,0.00011429579120837042,3.177714672051009e-07
383.0,0.004989048999050283,0.0,0.0004718000251833403,-8.770328826059571e-08,0.00011661352619901768,3.2193350465519187e-07
384.0,0.004995717001293087,0.0,0.00048243740478486356,3.3839255593201386e-07,0.0001189705056060366,3.214953638469591e-07
385.0,0.006083092001063051,0.0,0.000493525155728939,-3.098161394789668e-08,0.00012190521672409702,3.2355383689716846e-07
386.0,0.004570065000734758,0.0,0.0005065120075502188,1.6946376984840552e-06,0.00012416065876527603,3.234122489075989e-07
387.0,0.004945736998706707,0.0,0.0005182089072937351,2.8572578903941127e-06,0.00012666573394130637,3.3179348127239464e-07
388.0,0.0050296339995838935,0.0,0.000526918474052226,1.6929517076583297e-06,0.00012927213508031815,3.461644427035002e-07
389.0,0.004991015999621595,0.0,0.000535305794990244,6.637963693757851e-07,0.000131901993614809,3.546139917630096e-07
390.0,0.004663800998969236,0.0,0.0005443307704899672,1.3920220335354427e-07,0.0001343985533162385,3.577098059336165e-07
391.0,0.004887729000984109,0.0,0.0005570381710288104,1.076007373713648e-06,0.00013705909460929035,3.5839018857994855e-07
392.0,0.004908864999379148,0.0,0.0005673677453582168,7.190360980424348e-07,0.00013979351979037186,3.636721635158453e-07
393.0,0.005084403999717324,0.0,0.0005781701200492688,3.0054316211796035e-07,0.00014267824662418178,3.673280335286734e-07
394.0,0.0049099220013886224,0.0,0.0005909300892203053,8.831462453461578e-07,0.0001455170168171572,3.688036770127233e-07
395.0,0.005040435000410071,0.0,0.0006016341582877105,1.7612046580243106e-07,0.00014849556152165866,3.732551182582468e-07
396.0,0.005090726999696926,0.0,0.0006128219646594556,-2.5706680159806053e-07,0.00015155831677519385,3.7415169946870644e-07
397.0,0.004963764000422088,0.0,0.00062669798704841,3.7985004056683147e-07,0.0001546002203820384,3.7287568053323036e-07
398.0,0.005784535000202595,0.0,0.000641246123611629,1.8494261310973737e-07,0.00015822537682267645,3.7507293638771757e-07
399.0,0.010047148000012385,0.0,0.0006734707046637888,2.732106100187812e-06,0.0001646680715310367,3.769310821931401e-07
400.0,0.004633302998627187,0.0,0.0006883956538889812,3.849020603643041e-06,0.000167788465366443,3.895897575797079e-07
401.0,0.010382043999925372,0.0,0.0007149683752291316,7.579923241242023e-06,0.0001749354193344758,4.295504588433493e-07
402.0,0.00453938200007542,0.0,0.0007399134242967388,7.796863361425967e-06,0.0001781809339076141,4.639586259665967e-07
403.0,0.004665695998482988,0.0,0.0007381470792641361,1.0377954605900017e-06,0.00018163314501057923,5.003364201527204e-07
404.0,0.005103682000481058,0.0,0.0007505721861753421,-1.2084596645306295e-07,0.00018540041297272726,5.056329981651146e-07
405.0,0.004958743998940918,0.0,0.0007692437084937377,1.459592811539637e-06,0.0001891223082966962,5.050337539541692e-07
406.0,0.00493361000008008,0.0,0.0007825834181027259,4.825105261231686e-07,0.0001929174567494196,5.122348156452262e-07
407.0,0.005177933000595658,0.0,0.0007986894316373924,3.5401949505028624e-07,0.00019696962125573264,5.147332228215741e-07
408.0,0.004610652998962905,0.0,0.0008140926881707747,6.253420735423376e-07,0.00020065210107895155,5.163654838681191e-07
409.0,0.005121596999742906,0.0,0.00083365786801911,1.9404637518622853e-06,0.00020482155574819963,5.195682339557865e-07
410.0,0.00484075100030168,0.0,0.0008500451118871133,1.911070565103149e-06,0.0002088570859067225,5.28961535803663e-07
411.0,0.004525066000496736,0.0,0.0008635876438680065,9.344375906009005e-07,0.00021270359614141131,5.376092562423614e-07
412.0,0.004998521000743494,0.0,0.0008826614919095574,1.7552878480239006e-06,0.00021702025711526813,5.422800621628642e-07
413.0,0.005072994999864022,0.0,0.000901065028084839,1.883061557854259e-06,0.00022149799445029782,5.511846286392116e-07
414.0,0.004937612000503577,0.0,0.0009165970617261094,7.514966763871802e-07,0.0002259471039462036,5.604824559849597e-07
415.0,0.005046383999797399,0.0,0.0009346935915024901,3.699063701036299e-07,0.00023057260469275956,5.642747967885809e-07
416.0,0.005042003000198747,0.0,0.0009518584719720931,-4.369913132393346e-07,0.00023528533258538166,5.66139865816436e-07
417.0,0.00495576799949049,0.0,0.0009720703392585479,1.5173972351548642e-08,0.00024000252234082487,5.639742382502293e-07
418.0,0.00512548300139315,0.0,0.0009930796012891313,3.508250627400143e-07,0.000244984852340853,5.640520121875808e-07
419.0,0.005044240000643185,0.0,0.0010136064318980013,4.891446912672217e-07,0.0002499941841894984,5.658216580022821e-07
420.0,0.0049342020010954,0.0,0.0010335497516709509,3.0195115669653815e-07,0.0002549955230740927,5.68235196716758e-07
421.0,0.0049720349998096935,0.0,0.001055161142268338,6.441929851745066e-07,0.0002601343686134453,5.697365084360862e-07
422.0,0.004872235000220826,0.0,0.0010741641190503577,-1.466480643483231e-07,0.0002652753616616781,5.728751680453502e-07
423.0,0.005037684999479097,0.0,0.001098089552988566,7.106519768945829e-07,0.00027068666213119673,5.721364012913801e-07
424.0,0.0051694179983314825,0.0,0.001119188220499558,-8.250343225774557e-08,0.0002763631460301956,5.758100584112888e-07
425.0,0.004920642999422853,0.0,0.001143842253199043,9.557030910623597e-07,0.00028187027171243324,5.754040884749214e-07
426.0,0.004921179999655578,0.0,0.0011669287923662696,1.017198653669036e-06,0.00028749932533163737,5.801072754122665e-07
427.0,0.004989903000023332,0.0,0.0011882037097862318,5.61269568889824e-10,0.00029332218681347945,5.851829980258293e-07
428.0,0.005193086999497609,0.0,0.0012126024610408291,-2.814614396579008e-07,0.00029949263205152516,5.851859127475307e-07
429.0,0.004870967999522691,0.0,0.001239233428916782,9.57086726335442e-07,0.0003053991798353975,5.838149230818574e-07
430.0,0.005207428999710828,0.0,0.0012666239289913573,1.444173584983475e-06,0.0003118523999305498,5.887988842558149e-07
431.0,0.005010116001358256,0.0,0.0012919820762913694,1.387752304283991e-06,0.0003181983327448927,5.960343614426795e-07
432.0,0.00506479700015916,0.0,0.0013161125038519841,1.964644068901863e-07,0.0003247419596891526,6.03063045150381e-07
433.0,0.005018140000174753,0.0,0.0013418342357496007,-2.2053705995619232e-07,0.0003313463964894624,6.040489310492073e-07
434.0,0.006122114000390866,0.0,0.0013762817108717378,1.8518223444174047e-07,0.0003395612586503488,6.026987780268445e-07
435.0,0.009979905000363942,0.0,0.001443365152684737,4.947667680838786e-06,0.0003532964193785871,6.045468791343282e-07
436.0,0.00455062800028827,0.0,0.0014705925533599969,5.3990515157701945e-06,0.0003598646372570346,6.270618742188746e-07
437.0,0.004948833000526065,0.0,0.0015036312467329477,8.58428325566967e-06,0.00036714235421543047,6.537808785316584e-07
438.0,0.005290162000164855,0.0,0.0015284398839628978,3.860756475835536e-06,0.00037509680709915764,6.991931276094535e-07
439.0,0.0102260789990396,0.0,0.001590114761046192,2.571864826396116e-06,0.00039072675409784513,7.386735283274014e-07
440.0,0.004482215999814798,0.0,0.0016266268986921723,6.134667829609631e-06,0.00039785399192134805,7.502011820016351e-07
441.0,0.005095448999782093,0.0,0.0016639626830442546,8.803552082296885e-06,0.00040614238632530775,7.814600690580148e-07
442.0,0.005047631999332225,0.0,0.0016905588392723998,4.773571952608159e-06,0.00041454145760993664,8.258971602564044e-07
443.0,0.0043901549997826805,0.0,0.0017105375225461054,1.2798998278503327e-07,0.00042196327295059515,8.468538810309694e-07
444.0,0.004991244999473565,0.0,0.001750711855939062,2.827678809254556e-06,0.0004305009848064153,8.474927103925279e-07
445.0,0.005095835998872644,0.0,0.0017875676213361762,3.121325245474175e-06,0.00043942232530556273,8.619020978619767e-07
446.0,0.004945859000144992,0.0,0.0018190761952332007,1.1602464645208256e-06,0.000448263382713916,8.773397324196849e-07
447.0,0.004993893999198917,0.0,0.0018542494038884462,2.680396904727151e-07,0.0004573476564093767,8.831338802764472e-07
448.0,0.005002605001209304,0.0,0.001890591144852434,-1.9387485100239488e-07,0.00046662373375075844,8.844747769725287e-07
449.0,0.004761457999848062,0.0,0.00192744939887118,-3.246885366245864e-08,0.00047562570408185795,8.83551650012254e-07
450.0,0.005254677000266383,0.0,0.001972667878988539,1.7910667619264149e-06,0.0004857538281072836,8.833810366736888e-07
451.0,0.004976546000762028,0.0,0.0020135273487004043,2.4412663713818246e-06,0.0004955709005512957,8.922943628048516e-07
452.0,0.005052723001426784,0.0,0.0020529285927781723,1.4759544154104597e-06,0.0005057446965000762,9.046294055521422e-07
453.0,0.004994058999727713,0.0,0.002090339963481677,-3.070455488147104e-07,0.0005159971430146384,9.120004089836107e-07
454.0,0.004920555998978671,0.0,0.002133282965243748,2.2028730459672702e-07,0.0005262827778618529,9.104895741664307e-07
455.0,0.005069868999271421,0.0,0.0021788221577096352,9.492773972618082e-07,0.000537098243034016,9.116064019429387e-07
456.0,0.004990084000382922,0.0,0.002220246227848417,-1.1280491687928166e-07,0.0005479707486228827,9.1634337589494e-07
457.0,0.0049149920014315285,0.0,0.002265630846387001,2.9727632061395507e-07,0.0005588832410739662,9.157889406307562e-07
458.0,0.005056210000475403,0.0,0.0023127506243600117,5.854991945689469e-07,0.0005703387464168537,9.17292032135949e-07
459.0,0.005043211000156589,0.0,0.0023581128164202837,-1.7460745831646563e-07,0.0005820024358062451,9.202448281145819e-07
460.0,0.004981277999831946,0.0,0.0024064380726895743,4.8148521710204674e-08,0.0005937488512998012,9.193750598238635e-07
461.0,0.005005236000215518,0.0,0.0024557434603101323,2.453445263261339e-07,0.0006057936417735164,9.196160545380846e-07
462.0,0.004984121000234154,0.0,0.002504579663438162,-9.313263954964003e-08,0.0006180333643252358,9.208388813440392e-07
463.0,0.005031108999901335,0.0,0.002556101955720785,8.32713222760841e-08,0.0006306341776109294,9.203703208830164e-07
464.0,0.004880615999354632,0.0,0.0026060589853308725,-1.779645856660021e-07,0.0006431095297120019,9.207767362308044e-07
465.0,0.005120791000081226,0.0,0.0026627949034705467,9.41128156391493e-07,0.0006564546131097651,9.198654167821928e-07
466.0,0.004958166000506026,0.0,0.002716508743979402,1.1439689733171812e-06,0.0006696571922664735,9.24531686409332e-07
467.0,0.005069643999377149,0.0,0.002770779969652124,2.935162778918574e-07,0.0006834289245196442,9.303312018503831e-07
468.0,0.004744101999676786,0.0,0.0028221884325522664,-4.2034273824182944e-07,0.0006965737873143353,9.317236730112676e-07
469.0,0.004954985999575001,0.0,0.0028847450706862942,2.1511211690734052e-06,0.0007105576914857943,9.296408806282563e-07
470.0,0.0053041250012029195,0.0,0.0029443009466893657,1.143924402492833e-06,0.0007258587399373184,9.410506962017555e-07
471.0,0.004780138999194605,0.0,0.0030043404286394697,2.5930860584405815e-06,0.0007399329077179538,9.465188138502418e-07
472.0,0.005145555000126478,0.0,0.0030691382195822733,3.400493462370671e-06,0.0007553919066326217,9.59861680784009e-07
473.0,0.0049144390013680095,0.0,0.0031272578860688633,2.2664823074869157e-06,0.000770474999199526,9.765731984793805e-07
474.0,0.005014258000301197,0.0,0.003189136784974311,1.3591273699952645e-06,0.0007861558770737518,9.879379255222379e-07
475.0,0.004509888000029605,0.0,0.003243320902063301,-3.6362285122722865e-07,0.0008005385267907605,9.940674377386914e-07
476.0,0.004942498000673368,0.0,0.003316536359341101,3.2916069890475675e-06,0.0008165686338647504,9.922702325235018e-07
477.0,0.005038418001277023,0.0,0.0033833874196256214,3.1241617024158744e-06,0.0008332787303595444,1.0088547244302483e-06
478.0,0.005097876999570872,0.0,0.0034497968499323894,1.4960388096569895e-06,0.0008505268232666914,1.0247813165159344e-06
479.0,0.0049141729996335926,0.0,0.0035176656902445053,1.1116006180642085e-06,0.0008674797218008501,1.0321331100407549e-06
480.0,0.00498835600046732,0.0,0.0035880740723305145,6.830957264799384e-07,0.0008850270905544193,1.0376781696539987e-06
481.0,0.005045728999903076,0.0,0.003659170605686717,-3.0201416201903214e-07,0.0009031315399549777,1.0411248855708083e-06
482.0,0.005044460000135587,0.0,0.0037343981636961295,-1.4352921428773357e-07,0.0009215900797090363,1.039601387211029e-06
483.0,0.004991395999240922,0.0,0.0038103824360383814,6.086084278309357e-09,0.0009402299397628818,1.038884976065059e-06
484.0,0.004892826000286732,0.0,0.003886424124384135,2.047393869585468e-07,0.0009588734780169662,1.0389147542164557e-06
485.0,0.005067141000836273,0.0,0.003967219875520154,5.967355917778233e-07,0.0009785665370442723,1.0399521975585995e-06
486.0,0.004926132000036887,0.0,0.004044820573674703,-5.0458238694627266e-08,0.0009981095858242544,1.0428917958528171e-06
487.0,0.0049951230012084125,0.0,0.0041277001610573825,2.5958819764050544e-07,0.001018313962107578,1.0426397507441131e-06
488.0,0.005084116999569233,0.0,0.004211450860112096,-2.7958851902341305e-07,0.0010392996726655344,1.0439595275126247e-06
489.0,0.004921961999571067,0.0,0.004296645746179062,2.3517371231465773e-07,0.001060028273762067,1.0425834034464751e-06
490.0,0.004991961999621708,0.0,0.004384052537580334,3.352186157140014e-07,0.0010814769660528291,1.0437573816816599e-06
491.0,0.005104294999910053,0.0,0.004473224181765133,-2.8631542180775947e-07,0.0011038544634997434,1.0454684363857257e-06
492.0,0.005045371999585768,0.0,0.00456683806927546,6.67135533049941e-07,0.0011264235435342912,1.0440238685734873e-06
493.0,0.0049044110000977525,0.0,0.004656727091559443,2.2208908863786682e-07,0.001148821194396911,1.0472957754203335e-06
494.0,0.004952867999236332,0.0,0.0047529495922754884,1.4010311279386486e-06,0.0011718853489898727,1.0483957533604275e-06
495.0,0.00519492899911711,0.0,0.004849392405363338,-1.9829030154121905e-07,0.0011965765846581266,1.0556740105956218e-06
496.0,0.004885489001026144,0.0,0.004949273514662424,1.6165999878562385e-06,0.001220268237916189,1.054705265508432e-06
497.0,0.005009665999750723,0.0,0.00505208364395056,2.476092693044346e-06,0.0012450624451660602,1.0628038915027927e-06
498.0,0.005082792000393965,0.0,0.005149672019128946,-2.8142087343906226e-07,0.0012707411354968532,1.0753893556352325e-06
499.0,0.004822589999093907,0.0,0.005253479972557446,1.1499563831510377e-06,0.0012955758922749182,1.074032178145449e-06
500.0,0.00508344300033059,0.0,0.005364608534698125,2.2765874408544543e-06,0.0013222816582687924,1.0798779158720637e-06
501.0,0.004966598000464728,0.0,0.005469834672948288,1.2177312063938772e-06,0.0013489255122905001,1.0911848105036945e-06
502.0,0.005048070999691845,0.0,0.005580252817195107,4.392713792229677e-07,0.0013765376260761193,1.0973320040921111e-06
503.0,0.005019030999392271,0.0,0.005692048224810563,-3.212790291088724e-07,0.0014045450879500675,1.099536720761577e-06
504.0,0.004947261999404873,0.0,0.005807235459118548,1.1022806730608942e-07,0.0014327051418314527,1.097947269229661e-06
505.0,0.005298120999214007,0.0,0.005932709805200416,3.242431826292281e-07,0.0014634725779647888,1.0985312708677582e-06
506.0,0.004960763000781299,0.0,0.006055356357679827,1.9896508297659863e-06,0.0014929033452607994,1.100139764451401e-06
507.0,0.005067541000244091,0.0,0.006182284570186904,2.9098912127259985e-06,0.0015235891118744306,1.1102224016074097e-06
508.0,0.0049714879987732274,0.0,0.0062990695534189175,-4.25408389981707e-07,0.0015543242654201157,1.1246888908492127e-06
509.0,0.00516451200019219,0.0,0.006432955505765237,3.7658311407694306e-07,0.0015868558857187929,1.1224918641141699e-06
510.0,0.0048477910004294245,0.0,0.006559885277920176,6.876134742476779e-07,0.0016180415095258045,1.1243174603455058e-06
511.0,0.005137947000548593,0.0,0.006702042393068897,2.986133023816092e-06,0.0016517458524134374,1.1278503819330535e-06
512.0,0.005021768000005977,0.0,0.00683486107388582,1.6049329944907003e-06,0.0016854019544376342,1.1428460491958143e-06
513.0,0.005118728000525152,0.0,0.006974380732416852,4.349349903270334e-07,0.001720387749196233,1.1510612646536805e-06
514.0,0.005198101000132738,0.0,0.007119562612691352,-3.8992996514479396e-07,0.0017566412846567155,1.1533221006618922e-06
515.0,0.00488408400087792,0.0,0.0072642297947157555,1.3456028918831266e-06,0.0017914138265066098,1.1514176499576657e-06
516.0,0.004966133999914746,0.0,0.0074147371107100655,3.0835341839865454e-06,0.0018274889650733415,1.15810009422943e-06
517.0,0.004777378999278881,0.0,0.007550260132966086,-3.165120698834595e-07,0.0018629119744312216,1.172831305683566e-06
518.0,0.005130015000759158,0.0,0.007713926584156527,2.5005409757653503e-06,0.0019016449221729713,1.1712075940171424e-06
519.0,0.005171633998543257,0.0,0.007875904404984625,2.8681251687069764e-06,0.0019415385271578619,1.184139476742161e-06
520.0,0.0049584079988562735,0.0,0.008030251171002986,1.0245959996555619e-06,0.001980590474557765,1.1983608115203987e-06
521.0,0.004982308999387897,0.0,0.008194764554332405,1.9313045652349356e-06,0.0020205996672343985,1.2034656653902195e-06
522.0,0.0048310710008081514,0.0,0.008350427614592376,-8.658969613810369e-08,0.0020601891566312844,1.2127959348690545e-06
523.0,0.004986623000149848,0.0,0.008525965128818806,2.8137581446087463e-06,0.002101829591035297,1.2123641446987162e-06
524.0,0.005176841999855242,0.0,0.0086982763576428,-3.158720184274642e-08,0.0021459671654034673,1.2269305260391616e-06
525.0,0.005018189000111306,0.0,0.008881946346776843,3.106766641056709e-06,0.0021896167601413185,1.22677201549033e-06
526.0,0.005117427999721258,0.0,0.009061186410045816,5.589540984886137e-07,0.0022350694810683363,1.2426706700878736e-06
527.0,0.004685505999077577,0.0,0.009230775596632268,-3.6292266964300083e-07,0.002277525724351366,1.245289652869551e-06
528.0,0.005258409000816755,0.0,0.009440497655713136,5.162832099565177e-06,0.0023260649178332166,1.2433812570368998e-06
529.0,0.004703598999185488,0.0,0.009619539250822635,5.372399231107587e-06,0.002370469233158442,1.2676651489333773e-06
530.0,0.005197505999603891,0.0,0.009824339361084448,5.83140985032669e-06,0.0024204668461280175,1.2955882261693263e-06
531.0,0.005009638000046834,0.0,0.010021079264949868,5.168121983684074e-06,0.002469683229916662,1.3248014785493704e-06
532.0,0.004883474999587634,0.0,0.01021151121281749,1.3265540950370384e-06,0.0025186209199759306,1.3500398730515107e-06
533.0,0.0049479730005259626,0.0,0.01042034432558212,3.098711043414655e-06,0.0025691472017515195,1.3566036268974912e-06
534.0,0.004922653999528848,0.0,0.010620422171840138,-2.446449545198355e-07,0.002620442951422314,1.3718575092087405e-06
535.0,0.0051181719991291175,0.0,0.010841759557081027,9.878685899764153e-08,0.0026748000988011562,1.370605374252789e-06
536.0,0.004905179001070792,0.0,0.011059683923621411,1.2397313694277135e-06,0.0027279808701152087,1.371089941479126e-06
537.0,0.004496492001635488,0.0,0.011262725020784898,1.8975592904303603e-06,0.002777710650418389,1.3766643836659343e-06
538.0,0.005138909000379499,0.0,0.011507808379675211,6.44136254540719e-06,0.0028355887693964996,1.3864157681822806e-06
539.0,0.004947105999235646,0.0,0.011737964434076395,6.866630778964819e-06,0.002892519117269645,1.4182818714739162e-06
540.0,0.004960412999935215,0.0,0.011963331116525658,1.6922045593423688e-06,0.0029507442686412147,1.4523431960556486e-06
541.0,0.0049961330005316995,0.0,0.012201546953865638,-5.2172188798354406e-08,0.003010514662028776,1.4607976750982293e-06
542.0,0.005264897999950335,0.0,0.012462120507653584,-1.437732110505337e-07,0.0030747545621824836,1.4605229938457718e-06
543.0,0.004807354000149644,0.0,0.012710651700349226,2.6018891564881405e-06,0.003134664387055299,1.4598318251245138e-06
544.0,0.004929033999360399,0.0,0.012971827379759743,5.5265888259955925e-06,0.0031973156214403485,1.4726566252394109e-06
545.0,0.005323637000401504,0.0,0.013238958519285166,-5.7541604050415844e-08,0.0032663729216420587,1.5020781779994865e-06
546.0,0.004702660000475589,0.0,0.013502690006188273,5.4006770624068e-06,0.0033286312423186568,1.5018075793997553e-06
547.0,0.004983832999641891,0.0,0.013780697846470001,7.241617084682419e-06,0.0033959263943554325,1.5287236519637873e-06
548.0,0.004981980000593467,0.0,0.014047673278049093,2.6662394527909877e-06,0.0034645815554207675,1.5648012434516312e-06
549.0,0.005100206999486545,0.0,0.014332663710086695,6.2485859827847955e-09,0.0035362275969999736,1.578399616571063e-06
550.0,0.0048864159998629475,0.0,0.014622239188701053,2.735989260635384e-06,0.003606262954273596,1.5784301497615857e-06
551.0,0.005026744000133476,0.0,0.014920684569201731,2.6613987969180083e-06,0.003679765207383916,1.5921832673619143e-06
552.0,0.005267589000141015,0.0,0.015233235974984341,-4.180779154633557e-08,0.0037583612412952164,1.606202422389548e-06
553.0,0.00479494200044428,0.0,0.01553853580400279,4.3774017912299415e-06,0.0038314037242743477,1.6060019564539165e-06
554.0,0.004866718998528086,0.0,0.015850217496991465,6.2938289046255775e-06,0.003907025411680997,1.6273055409154862e-06
555.0,0.0051331900012883125,0.0,0.016164826390092264,-2.991597933362964e-07,0.0039883875896547984,1.6596129605185296e-06
556.0,0.004897287999483524,0.0,0.01649490105059242,4.060805621932607e-06,0.004067551399948732,1.6581478888526957e-06
557.0,0.005092893999972148,0.0,0.016834797443900845,3.344515076882866e-06,0.0041515581825394285,1.6788291414396894e-06
558.0,0.005116484000609489,0.0,0.017179254333987662,1.405546719828322e-06,0.004237693154314649,1.6959412993203577e-06
559.0,0.005153972000698559,0.0,0.01753684919940561,6.373894222797021e-07,0.0043262345501449,1.7031854477600267e-06
560.0,0.004998820000764681,0.0,0.017893034610461253,9.920669466247236e-07,0.004413898102673283,1.7063716427523943e-06
561.0,0.005111982000016724,0.0,0.01826722082785118,2.229664810622943e-06,0.004505366973527637,1.7114430711263514e-06
562.0,0.0047193699992931215,0.0,0.0186101364057735,-4.033160041689069e-07,0.004591576747473061,1.7219656843420849e-06
563.0,0.004942415000186884,0.0,0.018998283490579467,6.19656128217149e-06,0.00468355576480048,1.719972329273265e-06
564.0,0.005314190000717645,0.0,0.019398091096138676,2.166361196173034e-06,0.004784516252956917,1.7529020332778148e-06
565.0,0.004948243999024271,0.0,0.019795936261143822,6.377043250775747e-06,0.004880502740815911,1.763621717066497e-06
566.0,0.0050532369987195125,0.0,0.020201172947048176,5.66230846245858e-06,0.004980536298355017,1.7958464279637515e-06
567.0,0.00452201900043292,0.0,0.020556676774469332,-3.7001630023356775e-07,0.0050718863862526005,1.8214514944173014e-06
568.0,0.0051663060003193095,0.0,0.02100748574982977,8.247188304267515e-06,0.005178088468819166,1.8195398769851888e-06
569.0,0.0052072590005991515,0.0,0.02145187847275613,9.492095376535103e-06,0.005287479888069925,1.862485122512222e-06
570.0,0.004698570000982727,0.0,0.021841952867139778,9.9158951860905e-07,0.005388273040726744,1.9070843970948768e-06
571.0,0.005008997999539133,0.0,0.022302112329072185,8.06482044175419e-06,0.005497679338944275,1.9120512670099533e-06
572.0,0.005020898999646306,0.0,0.0227454807559106,3.9510728267781536e-06,0.005609655992427313,1.952543915898284e-06
573.0,0.004930208999212482,0.0,0.023192389311012855,3.3928189656793543e-07,0.005721795966341518,1.9720235307054094e-06
574.0,0.004991194000467658,0.0,0.02366187719684103,3.5443069003518034e-07,0.005837553680727156,1.9737169524720264e-06
575.0,0.005273058000966557,0.0,0.024166970954181,-2.4164321477851793e-07,0.005962324131597846,1.9755858860579045e-06
576.0,0.004725624999991851,0.0,0.02464048586436784,4.968274922898097e-06,0.006076528173713001,1.9744439708410687e-06
577.0,0.005006221001167432,0.0,0.025150618180754807,8.872879580419099e-06,0.006199883891526169,1.9993162530996547e-06
578.0,0.004957814000590588,0.0,0.025642768645890063,3.603162255118574e-06,0.006324575978466223,2.043306339709011e-06
579.0,0.005093101999591454,0.0,0.026165307656077504,1.8103937360053624e-07,0.006455177214731667,2.061657612595408e-06
580.0,0.005033441999330535,0.0,0.026703716141374175,2.2687227974819274e-06,0.006586878773213172,2.0625688637820212e-06
581.0,0.004991660000086995,0.0,0.02723992407768483,2.332649402167204e-07,0.006720174644929747,2.0738935566214974e-06
582.0,0.004971606000253814,0.0,0.027788833766907856,1.6745704862522438e-07,0.006855600814920823,2.0750532579979276e-06
583.0,0.005047202999776346,0.0,0.028358377963752963,4.7513868867948947e-07,0.006995856700069447,2.0758984477160824e-06
584.0,0.005089964999569929,0.0,0.028942082951563988,-2.8031717746273795e-07,0.007140199851349525,2.0783168870114024e-06
585.0,0.0051298180005687755,0.0,0.02954501000879505,-5.843551125622737e-09,0.007288667469448412,2.0768789109085855e-06
586.0,0.004989028999261791,0.0,0.030144867871728775,1.0416744174922222e-06,0.0074360683811657705,2.076849757262561e-06
587.0,0.005118899000081001,0.0,0.03077433189056653,2.4370132736132645e-06,0.007590376915171937,2.0821819833966716e-06
588.0,0.005065190000095754,0.0,0.03140051604279495,-2.9377223604914668e-08,0.007746254753323662,2.094525918660278e-06
589.0,0.0049494630002300255,0.0,0.03203118107756879,2.0033519944540794e-07,0.007901670445665605,2.094380517178996e-06
590.0,0.0051440419993014075,0.0,0.03270725171314413,3.4768120959715297e-06,0.008066440186415847,2.0954110498588817e-06
591.0,0.005147313000634313,0.0,0.033386066644062275,1.957710870544336e-06,0.008234794648373933,2.1133072899612386e-06
592.0,0.004871168001045589,0.0,0.03404123650694388,1.3775356023690397e-07,0.008397423787891264,2.1228436285091334e-06
593.0,0.00496290600131033,0.0,0.034740324751541936,6.2295006312217105e-06,0.0085663672448436,2.123527286479935e-06
594.0,0.005323935998603702,0.0,0.03547585999350957,-1.9978650463454832e-07,0.008751322510391518,2.1566927491438206e-06
595.0,0.004842943999392446,0.0,0.0361882876937122,7.557773895064347e-06,0.008923130113670371,2.155725194290041e-06
596.0,0.004754587000206811,0.0,0.03689020068535241,9.05949360177955e-06,0.00909519047589864,2.1916592878020165e-06
597.0,0.0053405449998535914,0.0,0.03767934948087741,4.615874049180766e-06,0.009292204252712395,2.2400419210582056e-06
598.0,0.004926321000311873,0.0,0.0384394858535094,8.986230487631692e-06,0.009477824823338131,2.2627811983214794e-06
599.0,0.004954502001055516,0.0,0.03921225189827978,8.523082009326006e-06,0.009668273332918888,2.3073034952543966e-06
600.0,0.005037322998759919,0.0,0.03999281481527324,-8.534963149046214e-08,0.009865798111239261,2.3502370122802912e-06
601.0,0.004747235001559602,0.0,0.040761830575934445,-4.093378226736324e-08,0.010055653401541218,2.3498318375223094e-06
602.0,0.005232618999798433,0.0,0.04164550221047049,7.679564151283867e-06,0.010268944530679417,2.3496176466354837e-06
603.0,0.004806716999155469,0.0,0.04245491250941011,7.990779997854618e-06,0.010469122674092852,2.386531138187565e-06
604.0,0.005135655001140549,0.0,0.04334446898191376,9.4712510839837e-06,0.010687156457844788,2.4275690274465607e-06
605.0,0.004811370999959763,0.0,0.04417887052575839,5.734767191868217e-06,0.010895702778913023,2.473138730245377e-06
606.0,0.005193630000576377,0.0,0.04511689112787588,8.225393173885373e-06,0.01112515148626718,2.502922989179385e-06
607.0,0.00479487499978859,0.0,0.04598755815195642,6.628874032220519e-06,0.011341481339604416,2.5423627212722798e-06
608.0,0.005186010001125396,0.0,0.046963809778530104,9.717561224870303e-06,0.011579973276107798,2.5767401282995758e-06
609.0,0.005057115999079542,0.0,0.04791944903177091,7.468867789970962e-06,0.011817474709916531,2.6258829626419023e-06
610.0,0.0050340510006208206,0.0,0.04888610312136426,1.826577215984556e-06,0.012058703660264116,2.66348162401351e-06
611.0,0.004762405000292347,0.0,0.04982731937121856,1.0846340860049805e-06,0.01229151908221411,2.672180524480335e-06
612.0,0.005129942999701598,0.0,0.05088372442405997,9.4744460208827e-06,0.012547130390416389,2.6777446355170743e-06
613.0,0.004876955001236638,0.0,0.05188166360646035,7.093782144704114e-06,0.012795288024727855,2.7239510824225647e-06
614.0,0.005157052999493317,0.0,0.052968315441777186,6.947458244588284e-06,0.013062844513648255,2.760534092909663e-06
615.0,0.005022295001253951,0.0,0.0540417547156884,5.424220423318996e-06,0.013328867019516334,2.7954262777228794e-06
616.0,0.004977408001650474,0.0,0.055126834927438986,2.5720333065557167e-06,0.013597854881861434,2.8224248358606234e-06
617.0,0.005089024998596869,0.0,0.056263787818495656,2.256729707275656e-06,0.013878396722900694,2.8355139776549093e-06
618.0,0.0049558119990251726,0.0,0.05738873491413679,2.2310926879086173e-08,0.014157229477682201,2.8466979058167826e-06
619.0,0.004926018000332988,0.0,0.058541569749210084,2.9406265920319994e-06,0.014439927418885577,2.846807809844193e-06
620.0,0.005089694999696803,0.0,0.05974663456724369,1.5783522733001885e-06,0.014737886153712533,2.861774702305634e-06
621.0,0.004748126999402302,0.0,0.06089551629788635,1.737115798325302e-06,0.015021570762424686,2.8692689193490583e-06
622.0,0.005231478999121464,0.0,0.06220870612784609,1.0302390793581662e-05,0.015340144377077737,2.878356604167039e-06
623.0,0.004787468998983968,0.0,0.0634116095538501,1.0068802736629209e-05,0.015637966629131705,2.927678980706729e-06
624.0,0.005103668998344801,0.0,0.06473066355579586,1.1877508893886078e-05,0.015961598494946834,2.9790668170841127e-06
625.0,0.005157296000106726,0.0,0.06607264426615099,7.652007794520435e-06,0.016295433687187395,3.0403226461937835e-06
626.0,0.00497419000021182,0.0,0.067391952314378,1.5089239787734076e-06,0.016624091573583636,3.07838518684683e-06
627.0,0.004742750999866985,0.0,0.06869594906061251,5.411483607856797e-06,0.01694371482280564,3.0855416375558807e-06
628.0,0.005066873000032501,0.0,0.0701176569294538,9.84300020045793e-06,0.017291788472312466,3.112960937738649e-06
629.0,0.005228083000474726,0.0,0.07159851722823615,8.038559454387544e-06,0.01765836940253846,3.1644209597603324e-06
630.0,0.0050317099994572345,0.0,0.07305120727627143,4.279991263638051e-06,0.01801863237762209,3.2048686597482057e-06
631.0,0.004689445999247255,0.0,0.07444285170245452,5.78513883532955e-06,0.018361202069323984,3.2249394476562865e-06
632.0,0.005144970000401372,0.0,0.07601323964450397,1.3036883616504635e-05,0.01874420830807744,3.2547038134122138e-06
633.0,0.0048511469994991785,0.0,0.07749978270253838,1.1267925011414263e-05,0.019112959707501088,3.3179476522512402e-06
634.0,0.0051761230006377446,0.0,0.07912738451846915,1.0222663029197593e-05,0.019514108115292125,3.376271818072283e-06
635.0,0.0050608040000952315,0.0,0.08074325203503877,7.857243612845404e-06,0.019914556299380267,3.428006712022072e-06
636.0,0.0047283309995691525,0.0,0.08227847913946515,2.373240813129819e-06,0.020296337120983565,3.4651583605678556e-06
637.0,0.005257954999251524,0.0,0.08405955371889912,1.3284455877728688e-05,0.020728953661705726,3.477636753965679e-06
638.0,0.004932089999783784,0.0,0.08573611877778979,1.3399873236991172e-05,0.021143542945988997,3.543156885952794e-06
639.0,0.004869710999628296,0.0,0.08742559042737234,1.108965286724364e-05,0.021561053066666638,3.6084103960485948e-06
640.0,0.004897261000223807,0.0,0.08914185197282767,3.2298712188824836e-06,0.021989199001088148,3.662719320541367e-06
641.0,0.005028142999435659,0.0,0.09095141130223423,-7.942071028412575e-08,0.022437416980042053,3.6789595748996696e-06
642.0,0.005034866000642069,0.0,0.09281514024122413,3.2276125952858604e-06,0.022895345148518084,3.6785597022657133e-06
643.0,0.00501229799920111,0.0,0.0946953462615645,3.8475664125040227e-07,0.023360562290244743,3.694737458419261e-06
644.0,0.0049084149995906046,0.0,0.09657854384164706,1.0591908937681639e-07,0.02382536634822643,3.6966260036883666e-06
645.0,0.005022114999519545,0.0,0.09855450025258013,4.098429461713696e-06,0.024310394901885322,3.6971579415358616e-06
646.0,0.004593024999849149,0.0,0.10038085485118542,1.8769990835200098e-06,0.024763058185393063,3.715982130513631e-06
647.0,0.0050250510012119776,0.0,0.10245765459063337,1.5163481409070597e-05,0.025267477100565528,3.725414146637547e-06
648.0,0.0049952360004681395,0.0,0.10452298383739975,1.2833066629818e-05,0.02577927726530019,3.801159314864566e-06
649.0,0.005114644000059343,0.0,0.10666462952295809,1.3951764731465438e-07,0.026313875117452448,3.866795882105126e-06
650.0,0.004871246999755385,0.0,0.10877520355841525,2.6337658608279488e-06,0.026833464873996175,3.867475507026021e-06
651.0,0.005165122000107658,0.0,0.1110729240065344,1.0221351626162184e-05,0.027395302070961934,3.881079229016916e-06
652.0,0.0048036759999376955,0.0,0.113225895108165,7.7115046872203e-06,0.027928860410255028,3.930179290510436e-06
653.0,0.004995561999749043,0.0,0.11553533560290222,1.3896536515823078e-05,0.028494487389244948,3.9687025902868e-06
654.0,0.005168330999367754,0.0,0.11793643376859853,5.745321230038968e-06,0.029091612245763784,4.040524490745375e-06
655.0,0.004971475998900132,0.0,0.12031120612263918,4.911095527463782e-06,0.029677930395640248,4.069087217346485e-06
656.0,0.004893418001302052,0.0,0.12270464284769216,7.67846189510035e-06,0.03026666341743913,4.0931192606066905e-06
657.0,0.0049714819997461746,0.0,0.12516821958914146,3.892507114927331e-06,0.030876687340641716,4.131292595703919e-06
658.0,0.005043000001023756,0.0,0.12772260775863067,2.05767070480319e-06,0.0315079106721579,4.1509225090884825e-06
659.0,0.00517290500101808,0.0,0.13040349774590548,2.3753193998988804e-06,0.03216860758857559,4.161566644167807e-06
660.0,0.004774185999849578,0.0,0.13292784758105922,3.7551615653340625e-06,0.03279117814184551,4.172906860791975e-06
661.0,0.0051962760007882025,0.0,0.13576048389415105,1.62653475917722e-05,0.0334819079260674,4.1924197167130025e-06
662.0,0.004981334999683895,0.0,0.13849032773257156,1.3321094617444335e-05,0.03415817637606336,4.273442861953922e-06
663.0,0.00510027599921159,0.0,0.14134748549493703,8.786811659379729e-06,0.03486451527072074,4.3413841211145e-06
664.0,0.0048743410006864,0.0,0.14413289308504598,8.793369657905735e-06,0.03555349111461264,4.384214037451124e-06
665.0,0.004848657999900752,0.0,0.14698407711975942,2.2098268504362886e-05,0.036252342219718285,4.426850079589013e-06
666.0,0.005026082999393111,0.0,0.1500256366079354,5.007411116171644e-05,0.036991096390911395,4.537917811234816e-06
667.0,0.00506603300163988,0.0,0.15317652573504612,9.299496620066694e-05,0.037751131217059225,4.791594910907855e-06
668.0,0.00495313399915176,0.0,0.15634090332948636,0.00014932121807282098,0.03850983507454943,5.252211439746348e-06
669.0,0.0052045140000700485,0.0,0.15976064766207293,0.0002246841726841959,0.03932351349471134,6.029355809713858e-06
670.0,0.004815440001038951,0.0,0.16300802967951852,0.0003085542991520223,0.040092831308055174,7.111308962457677e-06
671.0,0.005028903000493301,0.0,0.16649065053261744,0.00041188814770711456,0.040912582877615004,8.66299860327839e-06
672.0,0.004999628999939887,0.0,0.17004722326476682,0.0005304895477765506,0.04174497436223674,1.0722286531286402e-05
673.0,0.004900242000076105,0.0,0.17362362144634302,0.0006623149447635098,0.04257824690767507,1.3321813693902435e-05
674.0,0.004986386999007664,0.0,0.17735953775367833,0.0008129166333484635,0.04344400147637574,1.6624372323719678e-05
675.0,0.0049948779997066595,0.0,0.181200916933653,0.0009806360727775724,0.04432989072953973,2.0684791731227522e-05
676.0,0.005136001000209944,0.0,0.18525742297634795,0.0011713058583296006,0.04526053882014993,2.5721339581855087e-05
677.0,0.004844982000577147,0.0,0.18918138603975457,0.001367724722740619,0.04615810769994364,3.139629538263257e-05
678.0,0.0050793120008165715,0.0,0.193403724344419,0.001592226502794237,0.04711901898438648,3.8343395980662514e-05
679.0,0.004941773999235011,0.0,0.19761793998944832,0.0018286012032106697,0.048074776480706946,4.6211819513063966e-05
680.0,0.005042081998908543,0.0,0.20202916109983377,0.002088884823925962,0.049071182338589134,5.543177672295499e-05
681.0,0.004912938000416034,0.0,0.20643670221808993,0.0023610189860869225,0.05006373908134868,6.56943383529132e-05
682.0,0.00517037600002368,0.0,0.21119799324099858,0.0026683770645344828,0.05113109445202113,7.790169425417727e-05
683.0,0.005007968000427354,0.0,0.2159283639937071,0.002986167612934455,0.05218876724392652,9.126484120644024e-05
684.0,0.005196534000788233,0.0,0.22096629171593887,0.0033380497713712248,0.0533108463291544,0.00010678256273910677
685.0,0.005037554001319222,0.0,0.22597568852702632,0.0037003992289674423,0.0544239759561447,0.0001235981687214806
686.0,0.00491072700060613,0.0,0.23097994269540148,0.004074268940644865,0.05553368087127493,0.00014176981912819312
687.0,0.005172974999368307,0.0,0.23638945526417465,0.004491488487049644,0.056728534340193766,0.0001628459104988518
688.0,0.005017871000745799,0.0,0.24176965220247132,0.004918687713535266,0.05791470613264597,0.00018538362032820182
689.0,0.00502036200123257,0.0,0.24728763439736284,0.005369130337032821,0.05912847730761447,0.0002100772132211638
690.0,0.0051532270008465275,0.0,0.2530982593997812,0.005856266784463604,0.06040280662216642,0.00023774556064502553
691.0,0.00484801299899118,0.0,0.25869709761571114,0.006336970102150484,0.0616298302737586,0.00026613681814166535
692.0,0.0052248749998398125,0.0,0.2648878543466546,0.00688166379525759,0.06298149027162205,0.00029924669480312375
693.0,0.005041172000346705,0.0,0.27101144131626365,0.007432500856793388,0.06431683550618632,0.000333938345643576
694.0,0.004959845999110257,0.0,0.27718353498091497,0.007999534404837142,0.0656610105191119,0.0003708024052815262
695.0,0.004771902998982114,0.0,0.2832624124074286,0.008568754988640981,0.06698370346095579,0.00040897540749842916
696.0,0.005163877998711541,0.0,0.2900082081322339,0.009213075537591318,0.06844643600024847,0.0004532234128606221
697.0,0.005012678000639426,0.0,0.29671872091142587,0.009865792065279854,0.06990015376515778,0.0004994055939261353
698.0,0.005012675999751082,0.0,0.303593839513164,0.010546423131710255,0.07138750857614733,0.0005488596130302984
699.0,0.004995589999452932,0.0,0.310613970680095,0.011253010497378669,0.07290413892471481,0.0006015452189570692
700.0,0.004968694000126561,0.0,0.31776612705965945,0.011984394913342218,0.07444748469718848,0.0006574579846987558
701.0,0.005089838999992935,0.0,0.32527498378000724,0.01276427189256645,0.07606486312357345,0.000718456625320002
702.0,0.004682403001424973,0.0,0.33234069939779837,0.013508207697045565,0.07758793168391342,0.0007782240903407595
703.0,0.005191858999751275,0.0,0.3403728737634951,0.014366393816411081,0.07931339773506552,0.0008483568000431749
704.0,0.004340436000347836,0.0,0.34723045665648644,0.015107508172402969,0.08079076440989044,0.0009107132129591001
705.0,0.005034208001234219,0.0,0.3553770031122443,0.01599977096533673,0.08253879475306274,0.0009867675514793224
706.0,0.005123767999975826,0.0,0.36387640302838664,0.01694224400142171,0.08435966406953656,0.0010687466659584572
707.0,0.00502421199962555,0.0,0.37241166959938093,0.01790032849859269,0.08618785626001237,0.001153868091570984
708.0,0.004794968001078814,0.0,0.3807465382272561,0.018846140757395772,0.08797355829896973,0.001239699593930535
709.0,0.005406689999290393,0.0,0.39038984303112917,0.01995350875489291,0.09003213679946748,0.0013415948346887658
710.0,0.005006780000258004,0.0,0.3995357572087309,0.021014697381664612,0.09198673285785959,0.0014414976632577366
711.0,0.004954752999765333,0.0,0.40880110074772436,0.022100739978876304,0.09396633384940306,0.0015456202981487001
712.0,0.0049998500016954495,0.0,0.41837591854802286,0.02323383167275747,0.09601027803366967,0.0016561206829695556
713.0,0.005035972999394289,0.0,0.42825251814490495,0.024413653578148547,0.09811720786307429,0.001773125631946034
714.0,0.00500413000008848,0.0,0.43830155526843756,0.025624849088877456,0.10026023913673665,0.0018952947282282148
715.0,0.00500637699951767,0.0,0.4485954873585266,0.026876253573533477,0.10245454196188537,0.002023582383322882
716.0,0.004995584000425879,0.0,0.4591119962000254,0.02816524563412978,0.10469553840119687,0.002157844965666215
717.0,0.005111353999382118,0.0,0.47013405932273866,0.029527158353700778,0.10704222233913818,0.0023018075065818037
718.0,0.0050572730015119305,0.0,0.48130172788061204,0.030917624489448896,0.10941981862444228,0.0024511344073353423
719.0,0.0049566510006116005,0.0,0.49250448919260936,0.03232253818348658,0.11180546331553781,0.0026043822816975027
720.0,0.005091758999697049,0.0,0.5042903019994003,0.033811073176954066,0.11431317748077548,0.002768960856386322
721.0,0.004990976000044611,0.0,0.5161156728987116,0.03531449379708054,0.11683007827510973,0.002937711111148252
722.0,0.004993860000467976,0.0,0.528226605411881,0.03686410483068925,0.11940748768961322,0.003114066749158267
723.0,0.00477420600145706,0.0,0.5400655303831828,0.038387667528715495,0.12192935031929991,0.0032900635796792857
724.0,0.005809134001538041,0.0,0.5548644149283295,0.04030539170320912,0.12506666335490754,0.0035130626843600846
725.0,0.004832106000321801,0.0,0.5674541451026835,0.041945132575338655,0.12774782702364776,0.003707822609454482
726.0,0.005366919000152848,0.0,0.5817875910474293,0.04382315543914198,0.13079330745671483,0.003932938738436997
727.0,0.010092827000335092,0.0,0.6100171091816231,0.047560487415035706,0.13666518896409824,0.00437523826489305
728.0,0.004554029001155868,0.0,0.6230239959349904,0.04928774272146922,0.13944322457051261,0.004591830103890231
729.0,0.010477354000613559,0.0,0.6544037792192603,0.0534978100946062,0.14597086752680033,0.0051082352322742285
730.0,0.004486335999899893,0.0,0.668125364266588,0.055340449661937,0.14890674275998222,0.005348244383617468
731.0,0.00473515300109284,0.0,0.6829188663418492,0.057336511686754445,0.1520704185836954,0.005610289879916016
732.0,0.0048345949999202276,0.0,0.6983623314971721,0.05942645018811796,0.15537205472026291,0.005887488692629667
733.0,0.005195563000597758,0.0,0.7153557213378475,0.061733975327917676,0.15900044021080081,0.006196242558483918
734.0,0.004921791000015219,0.0,0.7318175765909001,0.06397553423729645,0.16252127156189083,0.006500084282648025
735.0,0.005042773000241141,0.0,0.7490733904931158,0.0663317992800758,0.16621166147822533,0.006822698379375867
736.0,0.005005544999221456,0.0,0.7665937144602419,0.06872992224546981,0.169961182042058,0.007154725185551612
737.0,0.004973709001205862,0.0,0.784396689750927,0.07117220840399957,0.17377399609993677,0.007496567818476085
738.0,0.005100768999909633,0.0,0.803077340430981,0.07374021434008593,0.17777502241865004,0.007859600812758313
739.0,0.004705623001427739,0.0,0.820677751111696,0.07616342444628975,0.18155400162370747,0.008206594461487233
740.0,0.005424971001048107,0.0,0.8414653371338257,0.07903104262039788,0.1860061546246938,0.008619778830448874
741.0,0.004653493999285274,0.0,0.8596698204002385,0.08154441541553156,0.1899219085216526,0.008987549313040155
742.0,0.004820517999178264,0.0,0.8789344903540661,0.08420747639298272,0.1940659623642423,0.009380635635283194
743.0,0.005281506000756053,0.0,0.9005397813681996,0.08719689804959949,0.19870806014931877,0.009825377927161255
744.0,0.0050225009999849135,0.0,0.9215438448870003,0.09010456913136522,0.20323102210176675,0.010263324434810952
745.0,0.004792999001438147,0.0,0.9420133294568472,0.09293899217018922,0.20764798083009162,0.0106951955446826
746.0,0.0049734309995983494,0.0,0.9637195821417195,0.09594508007873812,0.21233301912484714,0.011157421209413248
747.0,0.0050025790005747695,0.0,0.9860326833772886,0.09903461967478343,0.217154102468912,0.011637394052223608
748.0,0.005089238999062218,0.0,1.009237131630747,0.10224633431527243,0.22217225845550567,0.01214140490092981
749.0,0.004938450998452026,0.0,1.0322377250299632,0.10542728399703205,0.2271563265758824,0.012646343412717127
750.0,0.004913034001219785,0.0,1.0556066298269482,0.10865600991086465,0.23222774561629636,0.0131643112436508
751.0,0.00493901099980576,0.0,1.0795989517951645,0.11196666888984945,0.23744139837247955,0.013700964471795564
752.0,0.0049022410003090044,0.0,1.1039127858241877,0.11531644168618661,0.24273385261786043,0.014249852066695406
753.0,0.004855043000134174,0.0,1.1284906789805191,0.11869634598458277,0.24809339666143476,0.014809718349704307
754.0,0.00494887799868593,0.0,1.1540689927850076,0.12220642190344552,0.2536781593543636,0.015397132084871822
755.0,0.0051439630005916115,0.0,1.181231541462851,0.1259247057664207,0.2596146475533797,0.016025757397577833
756.0,0.004857828998865443,0.0,1.2074042413853274,0.12949679931890942,0.2653528683898725,0.01663747808492355
757.0,0.004871746999924653,0.0,1.2341837190038982,0.13314044851688886,0.27123503638053775,0.017268353728505294
758.0,0.005365462000554544,0.0,1.264330676098372,0.13722799544740014,0.27785700222655624,0.01798271374575945
759.0,0.0047617870004614815,0.0,1.2916070341389436,0.1409104294758836,0.28387747560428617,0.01863616423058027
760.0,0.005230075999861583,0.0,1.3222039262271317,0.14502425058923532,0.29063267855478864,0.01937313648591228
761.0,0.004824563999136444,0.0,1.3509773412662345,0.14887324507129215,0.29701173601678094,0.020072815264306845
762.0,0.004965192998497514,0.0,1.3811784522412025,0.1528931371070773,0.3037195992527648,0.02081199965839843
763.0,0.00504609800009348,0.0,1.412486248864724,0.1570365428841998,0.31068916107839134,0.02158351341178247
764.0,0.005181129001357476,0.0,1.4452866951686154,0.16135037796334123,0.318007434546403,0.022397139998392716
765.0,0.004946471999573987,0.0,1.4772045972828463,0.16551921032003913,0.3251565047154114,0.023195255125109063
766.0,0.00478317600027367,0.0,1.5086386574323019,0.16959579737761762,0.33222223429262865,0.023986962639496123
