timestamp,sens_position_raw,sens_position_proc,sens_speed_raw,sens_speed_proc,sens_angle_raw,sens_angle_proc,sens_ang_vel_raw,sens_ang_vel_proc,act_force_raw,act_force_proc
1603147649.9155784,0.0,0.0,-9.987347397430246e-09,-9.987347397430246e-09,0.0,0.0,1.2844445109948152e-06,1.2844445109948152e-06,,
1603147649.9312036,-1.4981021096145368e-11,,0.03394433173983963,,1.926666766492223e-09,,0.05579892221756449,,11.449962424581473,11.449962424581473
1603147649.9483683,5.431091580272231e-05,5.431091580272231e-05,0.07016678633517857,0.07016678633517857,8.928020221486967e-05,8.928020221486967e-05,0.11534486910513124,0.11534486910513124,,
1603147649.963959,0.00015956109530549018,,0.1017206559369793,,0.00026229750587256653,,0.16722075937196623,,10.643654427100387,10.643654427100387
1603147649.9795804,0.00032231414480465707,0.00032231414480465707,0.1353798385500713,0.1353798385500713,0.0005298507208677125,0.0005298507208677125,0.22256439010604048,0.22256439010604048,,
1603147649.9952211,0.0005389218864847712,,0.16655945614326684,,0.0008859537450373774,,0.27384153767714103,,9.86382071794266,9.86382071794266
1603147650.0108576,0.0007887610706996714,0.0007887610706996714,0.19579281990677191,0.19579281990677191,0.001296716051553089,0.001296716051553089,0.32192756026067004,0.32192756026067004,,
1603147650.0264442,0.0011020295825505066,,0.22458041862012665,,0.001811800147970161,,0.36929612560293024,,9.11036154317878,9.11036154317878
1603147650.0485742,0.001798228880272899,0.001798228880272899,0.2803702665295338,0.2803702665295338,0.0029566181373392444,0.0029566181373392444,0.4611527430158111,0.4611527430158111,,
1603147650.0642161,0.002246821306720153,,0.3056457290443952,,0.0036944625261645424,,0.5027967170197274,,8.0030822975225,8.0030822975225
1603147650.079816,0.002705289900286746,0.002705289900286746,0.3293458245286264,0.3293458245286264,0.004448657601694134,0.004448657601694134,0.5418614589445109,0.5418614589445109,,
1603147650.095438,0.003232243219532548,,0.35244116300829414,,0.005315635936005351,,0.5799631967215635,,7.3149234948528825,7.3149234948528825
1603147650.1110592,0.003796149080345819,0.003796149080345819,0.3755421488241403,0.3755421488241403,0.006243577050759853,0.006243577050759853,0.6180975948407764,0.6180975948407764,,
1603147650.126681,0.004359462303582029,,0.3951618052415669,,0.007170723443021018,,0.6505211734487837,,6.630275535479871,6.630275535479871
1603147650.1488717,0.004991721191968536,0.004991721191968536,0.41609567282055254,0.41609567282055254,0.008211557320539072,0.008211557320539072,0.6851430634795851,0.6851430634795851,,
1603147650.1655045,0.00565747426848142,,0.43500756487914444,,0.009307786222106408,,0.7164694393519941,,5.992900067478535,5.992900067478535
1603147650.1811554,0.006309985615800137,0.006309985615800137,0.45274339810407427,0.45274339810407427,0.0103824903811344,0.0103824903811344,0.7458730448977464,0.7458730448977464,,
1603147650.1967454,0.007034375052766656,,0.4697178159672205,,0.011575887252970794,,0.774072079242631,,5.379936643733469,5.379936643733469
1603147650.2123666,0.007738951776717487,0.007738951776717487,0.48563765510821694,0.48563765510821694,0.012736995371834741,0.012736995371834741,0.8005469840399204,0.8005469840399204,,
1603147650.227988,0.008515972024890635,,0.5007518977512921,,0.014017870546298614,,0.82575036285605,,4.790997947995079,4.790997947995079
1603147650.2491205,0.009317175061292702,0.009317175061292702,0.5158737116405212,0.5158737116405212,0.015339071126868295,0.015339071126868295,0.8510000250437139,0.8510000250437139,,
1603147650.264742,0.010090985628753484,,0.5283155379178589,,0.016615571164433865,,0.871850235142307,,4.2072372990634985,4.2072372990634985
1603147650.2803838,0.010936290489422058,0.010936290489422058,0.5415947220881364,0.5415947220881364,0.018010531540661557,0.018010531540661557,0.8941387671815949,0.8941387671815949,,
1603147650.295985,0.011802842044763076,,0.5531591705001809,,0.019441153568152108,,0.913645568721124,,3.6658819791748964,3.6658819791748964
1603147650.3116453,0.012632580800513347,0.012632580800513347,0.5640080328629556,0.5640080328629556,0.020811621921233793,0.020811621921233793,0.9319773836113031,0.9319773836113031,,
1603147650.3272586,0.013534993653094077,,0.5739381379204006,,0.022302785735011876,,0.9488704926709496,,3.1472747018958476,3.1472747018958476
1603147650.3494034,0.015314201880647318,0.015314201880647318,0.5932096224899883,0.5932096224899883,0.02524428426229182,0.02524428426229182,0.9817962732625513,0.9817962732625513,,
1603147650.3650103,0.0162633372766313,,0.6007574623969724,,0.0268151582995119,,0.9948895271893504,,2.3907696124641173,2.3907696124641173
1603147650.3806307,0.01716447347022676,0.01716447347022676,0.6078412852645358,0.6078412852645358,0.028307492590295927,0.028307492590295927,1.0072111795554481,1.0072111795554481,,
1603147650.3962526,0.018137019526650016,,0.6139333489008549,,0.029919030477584645,,1.0179913002929135,,1.9278621547751573,1.9278621547751573
1603147650.4118733,0.019119312884891385,0.019119312884891385,0.6200344035358502,0.6200344035358502,0.031547816558053304,0.031547816558053304,1.0288273471787563,1.0288273471787563,,
1603147650.4275262,0.020049364490195162,,0.6244013056795896,,0.03309105757882144,,1.036800082867091,,1.4716476198580661,1.4716476198580661
1603147650.4496875,0.021048406579282506,0.021048406579282506,0.6290685144223589,0.6290685144223589,0.03474993771140879,0.03474993771140879,1.0453616059539115,1.0453616059539115,,
1603147650.465312,0.021992009350916046,,0.6321982058582946,,0.036317980120339655,,1.0513792261814587,,1.0512316548426863,1.0512316548426863
1603147650.4808984,0.02300352648028932,0.02300352648028932,0.6355458858669237,0.6355458858669237,0.03800018688222999,0.03800018688222999,1.0578559143857722,1.0578559143857722,,
1603147650.4965196,0.024020399897676396,,0.6376297306550376,,0.03969275634524722,,1.0623002218978321,,0.6509929432785473,0.6509929432785473
1603147650.5121405,0.024976844493658952,0.024976844493658952,0.6395916712307638,0.6395916712307638,0.04128620667809397,0.04128620667809397,1.0665185590180866,1.0665185590180866,,
1603147650.527762,0.026000191167628174,,0.6404834799174023,,0.04299263637252291,,1.0690894123828567,,0.27044792072120494,0.27044792072120494
1603147650.5498922,0.027985689955372123,0.027985689955372123,0.6422474621493385,0.6422474621493385,0.046306813550909764,0.046306813550909764,1.0742921781895127,1.0742921781895127,,
1603147650.565514,0.029013285894811065,,0.6414142088151956,,0.048025681036012985,,1.074160268114935,,-0.2808597623835123,-0.2808597623835123
1603147650.5811348,0.02997540720803386,0.02997540720803386,0.6406417019470674,0.6406417019470674,0.049636921438185384,0.049636921438185384,1.07408845099081,1.07408845099081,,
1603147650.5967581,0.03100043393114917,,0.6387693041318511,,0.05135546295977068,,1.0723366441921465,,-0.6136280432117385,-0.6136280432117385
1603147650.6123788,0.03202246481776013,0.03202246481776013,0.6369068339052977,0.6369068339052977,0.05307120159047811,0.05307120159047811,1.070645328809156,1.070645328809156,,
1603147650.6280344,0.03297782506861808,,0.6342003397868007,,0.05467716958369184,,1.0675221282520313,,-0.938760082261803,-0.938760082261803
1603147650.6501644,0.03399254561227696,0.03399254561227696,0.631323418639715,0.631323418639715,0.05638520498889509,0.05638520498889509,1.064251468976965,1.064251468976965,,
1603147650.665786,0.0350026630821005,,0.6275129384888769,,0.05808800733925824,,1.0594933158047521,,-1.235559110561189,-1.235559110561189
1603147650.6814072,0.03594393248983382,0.03594393248983382,0.6239495023459746,0.6239495023459746,0.059677247312965365,0.059677247312965365,1.0550858989199425,1.0550858989199425,,
1603147650.6970289,0.03694225169358738,,0.6192689869894547,,0.061365384751237276,,1.048985607200625,,-1.5154152810509114,-1.5154152810509114
1603147650.7126498,0.03787115517407156,0.03787115517407156,0.6148899324450482,0.6148899324450482,0.06293886316203821,0.06293886316203821,1.0433202138510853,1.0433202138510853,,
1603147650.7282712,0.03885497906598363,,0.6093919208109552,,0.06460817550419995,,1.0359638754149387,,-1.7788109779779706,-1.7788109779779706
1603147650.7504215,0.04074409402049759,0.04074409402049759,0.5987769626218068,0.5987769626218068,0.06781966351798625,0.06781966351798625,1.0219341246982152,1.0219341246982152,,
1603147650.7660236,0.04170213716069248,,0.5921079427510804,,0.0694547581175034,,1.0127856330583465,,-2.156726964470847,-2.156726964470847
1603147650.7816443,0.04264950986909421,0.04264950986909421,0.5854492079847953,0.5854492079847953,0.07107521513039676,0.07107521513039676,1.0036955094410744,1.0036955094410744,,
1603147650.797266,0.0435276836810714,,0.5785273012820801,,0.07258075839455837,,0.9940988668738225,,-2.387803728627448,-2.387803728627448
1603147650.8128872,0.04445332736312273,0.04445332736312273,0.5711541216385497,0.5711541216385497,0.07417131658155648,0.07417131658155648,0.9839207109325186,0.9839207109325186,,
1603147650.8285086,0.04531005854558055,,0.5636296194480643,,0.07564719764795526,,0.9734124456211664,,-2.5963645295983557,-2.5963645295983557
1603147650.850639,0.046211865936697454,0.046211865936697454,0.5556136099293915,0.5556136099293915,0.07720465756094913,0.07720465756094913,0.9622614909702644,0.9622614909702644,,
1603147650.8662605,0.04710084771258448,,0.5469907134832226,,0.07874427594650156,,0.9501574821080079,,-2.7906254973287634,-2.7906254973287634
1603147650.8818822,0.047921333782809314,0.047921333782809314,0.5389156561554966,0.5389156561554966,0.08016951216966357,0.08016951216966357,0.9388602920414855,0.9388602920414855,,
1603147650.8975034,0.04878359883265811,,0.5297392649626641,,0.08167168863692995,,0.9259278688873231,,-2.9710639125720597,-2.9710639125720597
1603147650.9131236,0.04963118165659837,0.04963118165659837,0.520572844094247,0.520572844094247,0.08315317322714966,0.08315317322714966,0.9130519395515114,0.9130519395515114,,
1603147650.9287457,0.05041204092273974,,0.5114745983991676,,0.08452275113647692,,0.9001885127412034,,-3.1435801496637996,-3.1435801496637996
1603147650.9508767,0.051230400280178404,0.051230400280178404,0.5017796204330305,0.5017796204330305,0.08596305275686285,0.08596305275686285,0.8865225410804588,0.8865225410804588,,
1603147650.9664986,0.05198306971082795,,0.4922417920709884,,0.08729283656848354,,0.8730098076256156,,-3.2972828538741172,-3.2972828538741172
1603147650.9821198,0.052770656578141534,0.052770656578141534,0.48207779194200306,0.48207779194200306,0.08868965226068452,0.08868965226068452,0.8586496962288933,0.8586496962288933,,
1603147650.997772,0.05354198104524874,,0.4714751781844284,,0.09006349177465076,,0.8436091444250639,,-3.4385056804066743,-3.4385056804066743
1603147651.0133624,0.05424919381252538,0.05424919381252538,0.4615436689637797,0.4615436689637797,0.09132890549128835,0.09132890549128835,0.8295546400487368,0.8295546400487368,,
1603147651.0290036,0.05498766368286743,,0.4505495612537852,,0.09265619291536632,,0.8139438404140408,,-3.567671812906987,-3.567671812906987
1603147651.0458224,0.055708542980873486,0.055708542980873486,0.4395647684521311,0.4395647684521311,0.09395850306002879,0.09395850306002879,0.7983841582229575,0.7983841582229575,,
1603147651.0658948,0.057071193763075095,,0.41756876996889963,,0.09643349395051995,,0.7672006162310335,,-3.6890253732450926,-3.6890253732450926
1603147651.0859454,0.05769754691802845,0.05769754691802845,0.4069342023356795,0.4069342023356795,0.0975842948748665,0.0975842948748665,0.7521566921781434,0.7521566921781434,,
1603147651.1015701,0.058348641641765536,,0.39509585520192325,,0.09878774558235152,,0.7353319420966149,,-3.8478387229761655,-3.8478387229761655
1603147651.1267154,0.059573438792891495,0.059573438792891495,0.37218990657510864,0.37218990657510864,0.10106727460285103,0.10106727460285103,0.7029084663608736,0.7029084663608736,,
1603147651.1454163,0.06016894264341167,,0.359940809835887,,0.10219192814902843,,0.6855073891325226,,-3.9853039360278864,-3.9853039360278864
1603147651.1610484,0.06074484793914909,0.06074484793914909,0.3477001213050452,0.3477001213050452,0.10328873997164047,0.10328873997164047,0.6681492223326744,0.6681492223326744,,
1603147651.1766405,0.06126639812110666,,0.33600404772798037,,0.10429096380513948,,0.6515432303265425,,-4.061835496725765,-4.061835496725765
1603147651.201775,0.06180400459747143,0.06180400459747143,0.3235361795260708,0.3235361795260708,0.10533343297366195,0.10533343297366195,0.63387144386837,0.63387144386837,,
1603147651.2173967,0.06228930886676053,,0.31166371728432407,,0.1062842401394645,,0.6170286774075074,,-4.125999368202368,-4.125999368202368
1603147651.233018,0.06278797081441545,0.06278797081441545,0.29900732539697217,0.29900732539697217,0.10727148602331651,0.10727148602331651,0.5991026504844152,0.5991026504844152,,
1603147651.2486596,0.06326638253505061,,0.2861844967322252,,0.10823005026409158,,0.5809316380826249,,-4.180839061000915,-4.180839061000915
1603147651.2642899,0.06369565928014895,0.06369565928014895,0.2741695018601097,0.2741695018601097,0.10910144772121551,0.10910144772121551,0.5639294109285817,0.5639294109285817,,
1603147651.2798808,0.06413433048312513,,0.26121506999314165,,0.11000373477870123,,0.545592730147646,,-4.226725622712594,-4.226725622712594
1603147651.2954478,0.06455227459511416,0.06455227459511416,0.24826744923036667,0.24826744923036667,0.11087668314693747,0.11087668314693747,0.5272918226522894,0.5272918226522894,,
1603147651.3221383,0.06532190368772829,,0.22296870912242925,,0.11251128779715956,,0.49157442063460094,,-4.265200767412308,-4.265200767412308
1603147651.337761,0.06565635675141193,0.06565635675141193,0.2107334826338424,0.2107334826338424,0.11324864942811147,0.11324864942811147,0.4743217352526426,0.4743217352526426,,
1603147651.3534517,0.06599353032362608,,0.19755137331239428,,0.1140075642045157,,0.45572438705307156,,-4.308559023790931,-4.308559023790931
1603147651.369447,0.0663096125209259,0.0663096125209259,0.1843749078436542,0.1843749078436542,0.11473672322380062,0.11473672322380062,0.437158524870615,0.437158524870615,,
1603147651.391071,0.06688117473524123,,0.1587583880522193,,0.11609191465089952,,0.401117173189845,,-4.325988585597811,-4.325988585597811
1603147651.4065807,0.06713518815612478,0.06713518815612478,0.14554262345385766,0.14554262345385766,0.11673370212800327,0.11673370212800327,0.38254304134704104,0.38254304134704104,,
1603147651.4222085,0.06735350209130557,,0.13311496975006928,,0.11730751669002383,,0.3650816960478087,,-4.340270546333638,-4.340270546333638
1603147651.437829,0.06756648604290567,0.06756648604290567,0.11986334266727339,0.11986334266727339,0.11789164740370033,0.11789164740370033,0.3464815870411863,0.3464815870411863,,
1603147651.4534495,0.06774628105690658,,0.10744882893599894,,0.1184113697842621,,0.3290720315183827,,-4.338615278225168,-4.338615278225168
1603147651.4690719,0.06791819918320419,0.06791819918320419,0.09421093324824069,0.09421093324824069,0.11893788503469152,0.11893788503469152,0.3105233063210403,0.3105233063210403,,
1603147651.4847245,0.06806893667640138,,0.0810033444953841,,0.11943472232480519,,0.29203832066429364,,-4.330303736058534,-4.330303736058534
1603147651.500334,0.06819044169314445,0.06819044169314445,0.06862459816182473,0.06862459816182473,0.11987277980580163,0.11987277980580163,0.27472551913699506,0.27472551913699506,,
1603147651.5224915,0.06830024105020337,,0.055470655499013255,,0.12031234063642082,,0.25635262658578656,,-4.315612532481959,-4.315612532481959
1603147651.538126,0.06838899409900179,0.06838899409900179,0.042320015076504874,0.042320015076504874,0.12072250483895808,0.12072250483895808,0.23799689717833744,0.23799689717833744,,
1603147651.5537317,0.06845247412161655,,0.030057842930921883,,0.12107950018472559,,0.2209062316994591,,-4.294118276546749,-4.294118276546749
1603147651.5693946,0.06850056667030602,0.06850056667030602,0.016981043063743765,0.016981043063743765,0.12143295015544472,0.12143295015544472,0.20269082189404883,0.20269082189404883,,
1603147651.5860722,0.06852603823490164,,0.004803362343970931,,0.1217369863882858,,0.18575560757834905,,-4.267328716993887,-4.267328716993887
1603147651.601693,0.06853372361465199,0.06853372361465199,-0.007769106407315021,-0.007769106407315021,0.12203419536041116,0.12203419536041116,0.16837996668948152,0.16837996668948152,,
1603147651.62236,0.06852129304440029,,-0.020222194722685907,,0.12230360330711433,,0.1512069230987121,,-4.239591847071649,-4.239591847071649
1603147651.6379468,0.06849095975231625,0.06849095975231625,-0.031895160486968235,-0.031895160486968235,0.1225304136917624,0.1225304136917624,0.1351159248590287,0.1351159248590287,,
1603147651.6536,0.06843992749553711,,-0.044255627786544446,,0.12274659917153685,,0.1181062481776186,,-4.211475525006074,-4.211475525006074
1603147651.6692212,0.06836911849107864,0.06836911849107864,-0.0566145693204291,-0.0566145693204291,0.12293556916862104,0.12293556916862104,0.10110454828882352,0.10110454828882352,,
1603147651.6848414,0.068284196637098,,-0.06809752027396017,,0.12308722599105427,,0.08533820081552314,,-4.176957047752131,-4.176957047752131
1603147651.7004638,0.06817524060465967,0.06817524060465967,-0.08034487547952335,-0.08034487547952335,0.1232237671123591,0.1232237671123591,0.06852644677810553,0.06852644677810553,,
1603147651.7225933,0.06792617149067315,,-0.10383467032948947,,0.12343619909737123,,0.03635622657492356,,-4.138390637910504,-4.138390637910504
1603147651.7382164,0.06776003601814597,0.06776003601814597,-0.1159579598100729,-0.1159579598100729,0.12349436905989111,0.12349436905989111,0.01975472696865419,0.01975472696865419,,
1603147651.7538373,0.06758609907843086,,-0.12712599152198942,,0.12352400115034409,,0.004512778231936228,,-4.071920093834207,-4.071920093834207
1603147651.7694592,0.06738269749199567,0.06738269749199567,-0.13903872163310124,-0.13903872163310124,0.12353122159551519,0.12353122159551519,-0.011744059220396282,-0.011744059220396282,,
1603147651.785111,0.0671602355373827,,-0.1507931451894329,,0.12351243110076256,,-0.027743381951945117,,-4.021824426630076,-4.021824426630076
1603147651.8007019,0.06693404581959855,0.06693404581959855,-0.1618131881071102,-0.1618131881071102,0.12347081602783463,0.12347081602783463,-0.04274449973535127,-0.04274449973535127,,
1603147651.8228347,0.06667514471862718,,-0.17339706618431816,,0.12340242482825807,,-0.058468901825792,,-3.967632648265976,-3.967632648265976
1603147651.8384566,0.0664150491193507,0.0664150491193507,-0.1842576477815551,-0.1842576477815551,0.12331472147551938,0.12331472147551938,-0.0732137904728817,-0.0732137904728817,,
1603147651.8540776,0.06612023688290021,,-0.1956595188055415,,0.12319757941076276,,-0.08864704824708491,,-3.9095662410871324,-3.9095662410871324
1603147651.86973,0.06580718165281134,0.06580718165281134,-0.20706256234231132,-0.20706256234231132,0.12305574413356743,0.12305574413356743,-0.10408594112412518,-0.10408594112412518,,
1603147651.88532,0.06549658780929787,,-0.2175650023159873,,0.12289961522188124,,-0.11825759897003757,,-3.8457985505593406,-3.8457985505593406
1603147651.900941,0.0651484838055923,0.0651484838055923,-0.22876908779347802,-0.22876908779347802,0.12271040306352918,0.12271040306352918,-0.13338170557207576,-0.13338170557207576,,
1603147651.9230745,0.0644392996334325,,-0.2500833787926833,,0.12229691977625574,,-0.1620643717354241,,-3.7805772993981943,-3.7805772993981943
1603147651.9386945,0.06403916622736422,0.06403916622736422,-0.2610866382924081,-0.2610866382924081,0.12203761678147906,0.12203761678147906,-0.1768792474685261,-0.1768792474685261,,
1603147651.9543154,0.0636475362699256,,-0.2714039219748327,,0.12177229791027627,,-0.1907790242656413,,,
1603147651.969937,0.06321328999476587,0.06321328999476587,-0.2820793225886726,-0.2820793225886726,0.12146705147145125,0.12146705147145125,-0.20507464765604708,-0.20507464765604708,-3.6755078150270695,-3.6755078150270695
1603147651.9855578,0.062761963078624,,-0.29251588988963256,,0.12113893203520157,,-0.21898983847732742,,-3.599198238869512,-3.599198238869512
1603147652.00118,0.06232318924378955,0.06232318924378955,-0.30230254243436805,-0.30230254243436805,0.12081044727748558,0.12081044727748558,-0.23204793526773068,-0.23204793526773068,,
1603147652.0233128,0.061839505175894566,,-0.3125063115501464,,0.12043917058105721,,-0.24560278762300394,,-3.523898783449786,-3.523898783449786
1603147652.0389342,0.06133949507741433,0.06133949507741433,-0.3227131462630546,-0.3227131462630546,0.12004620612086041,0.12004620612086041,-0.2591733028646232,-0.2591733028646232,,
1603147652.054556,0.06085542535801975,,-0.3320467061841396,,0.11965744616656347,,-0.2715217997214258,,-3.4435990173845905,-3.4435990173845905
1603147652.0701776,0.06032415062812513,0.06032415062812513,-0.34200580319884716,-0.34200580319884716,0.11922301128700918,0.11922301128700918,-0.28471086313145233,-0.28471086313145233,,
1603147652.0857985,0.05981114192332686,,-0.3511083482641699,,0.11879594499231201,,-0.29670434127196066,,-3.363615530637327,-3.363615530637327
1603147652.1015143,0.05924936856610419,0.05924936856610419,-0.36082126471480197,-0.36082126471480197,0.11832121804627688,0.11832121804627688,-0.3095164355629688,-0.3095164355629688,,
1603147652.1236634,0.058672054542560505,,-0.37027861968475906,,0.11782599174937612,,-0.3219247136894649,,-3.2816413701926166,-3.2816413701926166
1603147652.1463997,0.05752419082153775,0.05752419082153775,-0.38861607323201874,-0.38861607323201874,0.11682802513693878,0.11682802513693878,-0.3460415019020239,-0.3460415019020239,,
1603147652.162021,0.05690240510436652,,-0.39767745714606084,,0.11627435873389555,,-0.35784551398501546,,-3.1527852336198947,-3.1527852336198947
1603147652.1776414,0.05630588891864743,0.05630588891864743,-0.4061760122408461,-0.4061760122408461,0.11573759046291802,0.11573759046291802,-0.36893252175925834,-0.36893252175925834,,
1603147652.1932635,0.055656007299062074,,-0.41497314567565274,,0.11514729842810321,,-0.3803358743019362,,-3.0666583220303405,-3.0666583220303405
1603147652.2233977,0.05436959054746755,0.05436959054746755,-0.43351270118082486,-0.43351270118082486,0.11396825721776721,0.11396825721776721,-0.3844623063554382,-0.3844623063554382,,
1603147652.239019,0.05367597022557823,,-0.44342513596176547,,0.11335311752759851,,-0.44797477268224023,,-3.5088729663022615,-3.5088729663022615
1603147652.2546396,0.05301083252163558,0.05301083252163558,-0.4518323206155367,-0.4518323206155367,0.11268115536857515,0.11268115536857515,-0.4292698774408347,-0.4292698774408347,,
1603147652.2702923,0.05228790080865072,,-0.4598081973312532,,0.11199432356466982,,-0.4394215357365732,,-2.800055263467735,-2.800055263467735
1603147652.285914,0.05155220769292072,0.05155220769292072,-0.46779003224346505,-0.46779003224346505,0.1112912491074913,0.1112912491074913,-0.4495964841525571,-0.4495964841525571,,
1603147652.3015392,0.05085052264455552,,-0.47500537967229156,,0.11061685438126247,,-0.4587172736383707,,-2.7084591144146497,-2.7084591144146497
1603147652.3237374,0.050090514037079856,0.050090514037079856,-0.48270696770105326,-0.48270696770105326,0.10988290674344108,0.10988290674344108,-0.46847433404277306,-0.46847433404277306,,
1603147652.3393433,0.049366453585528276,,-0.4896667062888088,,0.10918019524237692,,-0.47721352505584236,,-2.61910901588624,-2.61910901588624
1603147652.354944,0.04858298685546618,0.04858298685546618,-0.49709574925571914,-0.49709574925571914,0.10841665360228757,0.10841665360228757,-0.48656483286686947,-0.48656483286686947,,
1603147652.370595,0.04778763365665703,,-0.5042455780609915,,0.10763814986970058,,-0.4954805446309326,,-2.529196491274069,-2.529196491274069
1603147652.3861885,0.04703126528956554,0.04703126528956554,-0.5109534090111535,-0.5109534090111535,0.10689492905275418,0.10689492905275418,-0.5038658958828321,-0.5038658958828321,,
1603147652.401809,0.0462137398351477,,-0.5178279422409879,,0.10608874361934165,,-0.5123734371747679,,-2.438869410216803,-2.438869410216803
1603147652.4239714,0.04460847321420063,0.04460847321420063,-0.5311681128497678,-0.5311681128497678,0.10450038596409987,0.10450038596409987,-0.5289726095836793,-0.5289726095836793,,
1603147652.4395962,0.043758604233641,,-0.537617547779289,,0.10365402978876598,,-0.5368500431781325,,-2.299330375676007,-2.299330375676007
1603147652.45522,0.04295217791197207,0.04295217791197207,-0.5436688638762796,-0.5436688638762796,0.10284875472399878,0.10284875472399878,-0.5442646219197486,-0.5442646219197486,,
1603147652.4708254,0.04208230772977002,,-0.5498423850811485,,0.10197793132892718,,-0.5517355444091817,,-2.208639809025687,-2.208639809025687
1603147652.4864268,0.041202559913640184,0.041202559913640184,-0.5560218612220369,-0.5560218612220369,0.1010951544578725,0.1010951544578725,-0.559239950994057,-0.559239950994057,,
1603147652.5020692,0.04036852712180713,,-0.5615423656251134,,0.1002562945313814,,-0.5658504259449019,,-2.1150404912674095,-2.1150404912674095
1603147652.5242295,0.039470059336806945,0.039470059336806945,-0.5674369672163911,-0.5674369672163911,0.09935093384986957,0.09935093384986957,-0.572935578603992,-0.572935578603992,,
1603147652.539854,0.038562160189260716,,-0.5730512947264206,,0.09843423692410318,,-0.5795864280691532,,-2.024656047946346,-2.024656047946346
1603147652.5554419,0.03770258324717109,0.03770258324717109,-0.5783201456117066,-0.5783201456117066,0.09756485728199944,0.09756485728199944,-0.5858523054701987,-0.5858523054701987,,
1603147652.5710678,0.036777271014192356,,-0.5836610381481475,,0.09662749359324713,,-0.592103925700537,,-1.9346071753026646,-1.9346071753026646
1603147652.5866888,0.03590177945697014,0.03590177945697014,-0.5886736699458816,-0.5886736699458816,0.09573933770469632,0.09573933770469632,-0.5979957790502978,-0.5979957790502978,,
1603147652.6023104,0.03495990158505673,,-0.5937426749070294,,0.09478254445821585,,-0.6038513985495174,,-1.8450040505103136,-1.8450040505103136
1603147652.6244764,0.03400991330520548,0.03400991330520548,-0.5988180482985463,-0.5988180482985463,0.09381638222053662,0.09381638222053662,-0.6097427334200399,-0.6097427334200399,,
1603147652.6400948,0.03311168623275766,,-0.6033082925133159,,0.09290176812040656,,-0.6148502183116626,,-1.7529877947450831,-1.7529877947450831
1603147652.6557195,0.032146392964736356,0.032146392964736356,-0.6081042659760773,-0.6081042659760773,0.0919180077711079,0.0919180077711079,-0.620334576929779,-0.620334576929779,,
1603147652.6713066,0.031173426139174634,,-0.6126264965500202,,0.09092547244802025,,-0.6253967943060255,,-1.6646234555773969,-1.6646234555773969
1603147652.6869595,0.030254486394349606,0.030254486394349606,-0.61687174606905,-0.61687174606905,0.08998737725656121,0.08998737725656121,-0.6301752582900311,-0.6301752582900311,,
1603147652.70258,0.029267491600639125,,-0.6211286797112625,,0.08897909684329716,,-0.6348545522900721,,-1.5770286243379186,-1.5770286243379186
1603147652.7193127,0.02734199269353421,0.02734199269353421,-0.6294006504342424,-0.6294006504342424,0.08701104773119794,0.08701104773119794,-0.6440595574681838,-0.6440595574681838,,
1603147652.739465,0.026334951652839424,,-0.6332524335350233,,0.08598055243924885,,-0.6481537416282915,,-1.4432401801477557,-1.4432401801477557
1603147652.7595606,0.02538507300253689,0.02538507300253689,-0.6368690755548752,-0.6368690755548752,0.08500832182680641,0.08500832182680641,-0.6520263654147304,-0.6520263654147304,,
1603147652.7751923,0.02436608248164909,,-0.6404632861786659,,0.08396507964214285,,-0.6557513983274328,,-1.3580432411858094,-1.3580432411858094
1603147652.7908094,0.023341341223763225,0.023341341223763225,-0.6440640703321215,-0.6440640703321215,0.08291587740481896,0.08291587740481896,-0.6595148766825787,-0.6595148766825787,,
1603147652.8065443,0.022375245118265042,,-0.6471870983135533,,0.08192660508979509,,-0.6626536519140723,,-1.2711434090573288,-1.2711434090573288
1603147652.8232026,0.021339745760963355,0.021339745760963355,-0.6505249447820403,-0.6505249447820403,0.08086635924673258,0.08086635924673258,-0.666040195051028,-0.666040195051028,,
1603147652.8387966,0.020363958343790296,,-0.6534133162163778,,0.07986729895415604,,-0.6688447080206763,,-1.188213293883182,-1.188213293883182
1603147652.8544557,0.019318497037844093,0.019318497037844093,-0.656500851313664,-0.656500851313664,0.07879714742132295,0.07879714742132295,-0.6718751828305326,-0.6718751828305326,,
1603147652.8751593,0.017283344398771733,,-0.6620053804953334,,0.0767143343545483,,-0.6770681296400176,,-1.106501748212283,-1.106501748212283
1603147652.8907804,0.0162241357899792,0.0162241357899792,-0.6648532197772852,-0.6648532197772852,0.07563102534712428,0.07563102534712428,-0.6797878400072163,-0.6797878400072163,,
1603147652.9063747,0.015160370638335544,,-0.6673133096881032,,0.07454336480311273,,-0.6819016111651213,,-0.982307121451031,-0.982307121451031
1603147652.9219909,0.014159400673803389,0.014159400673803389,-0.6696256834567892,-0.6696256834567892,0.07352051238636505,0.07352051238636505,-0.6839166439808038,-0.6839166439808038,,
1603147652.9376569,0.013087999580272526,,-0.6718502471616642,,0.07242624575599577,,-0.6856983732802422,,-0.9040143525180557,-0.9040143525180557
1603147652.9533746,0.01208022420953003,0.01208022420953003,-0.6739416742516009,-0.6739416742516009,0.0713976981960754,0.0713976981960754,-0.6874032793921298,-0.6874032793921298,,
1603147652.9750345,0.011001917530727467,,-0.6759351240386572,,0.070297852949048,,-0.6888613704945421,,-0.8271544803204005,-0.8271544803204005
1603147652.9906566,0.009920421332265617,0.009920421332265617,-0.6779352861629053,-0.6779352861629053,0.06919567475625674,0.06919567475625674,-0.6903587909228442,-0.6903587909228442,,
1603147653.006277,0.008903518403021258,,-0.6795843153991922,,0.06816013656987246,,-0.6914171836775245,,-0.7492387896813408,-0.7492387896813408
1603147653.0218678,0.00781618349838255,0.00781618349838255,-0.6813499556930148,-0.6813499556930148,0.06705386907598843,0.06705386907598843,-0.6925857211323986,-0.6925857211323986,,
1603147653.037524,0.006726023569273726,,-0.6828877662783318,,0.06594573192217659,,-0.6934090588517938,,-0.6753980273395594,-0.6753980273395594
1603147653.0531473,0.005701691919856228,0.005701691919856228,-0.6843353041387569,-0.6843353041387569,0.0649056183338989,0.0649056183338989,-0.6942159882207473,-0.6942159882207473,,
1603147653.0698726,0.0046067554332342164,,-0.6856563839317553,,0.06379487275274572,,-0.6947396734149726,,-0.6031094909576691,-0.6031094909576691
1603147653.0898993,0.0035782708573365834,0.0035782708573365834,-0.6869007684380886,-0.6869007684380886,0.06275276324262326,0.06275276324262326,-0.6952653446124063,-0.6952653446124063,,
1603147653.1059117,0.0024792296278356414,,-0.6880101036141193,,0.061640338691243406,,-0.6954974020409551,,-0.532400953820618,-0.532400953820618
1603147653.1292436,0.00034639830663187174,0.00034639830663187174,-0.6901845099466652,-0.6901845099466652,0.05948429674491645,0.05948429674491645,-0.6960948575903642,-0.6960948575903642,,
1603147653.1448967,-0.0007578969092827928,,-0.6909737253427672,,0.058370544972771866,,-0.6958855686647858,,-0.4254907256424776,-0.4254907256424776
1603147653.1605136,-0.0018634548698312204,-0.0018634548698312204,-0.6917694051911356,-0.6917694051911356,0.05725712806290821,0.05725712806290821,-0.6957170560790661,-0.6957170560790661,,
1603147653.1761348,-0.0029011089776179236,,-0.6923165000865451,,0.05621355247878961,,-0.6952564288636596,,-0.35674633589843374,-0.35674633589843374
1603147653.2058253,-0.005047290127886213,-0.005047290127886213,-0.6934719235682809,-0.6934719235682809,0.05405825754931227,0.05405825754931227,-0.6944533148959062,-0.6944533148959062,,
1603147653.22144,-0.006156845205595463,,-0.6937631651621168,,0.05294713224547882,,-0.693566161338829,,-0.25866837097843565,-0.25866837097843565
1603147653.2370665,-0.00726686626985485,-0.00726686626985485,-0.694060783727322,-0.694060783727322,0.05183742638733669,0.05183742638733669,-0.6927199310323336,-0.6927199310323336,,
1603147653.2526634,-0.008307957445445832,,-0.6941541885297147,,0.05079834649078819,,-0.6916455137165594,,-0.19440990978618267,-0.19440990978618267
1603147653.268284,-0.009418604147093376,-0.009418604147093376,-0.6942603005137759,-0.6942603005137759,0.049691713668841696,0.049691713668841696,-0.6905391611475828,-0.6905391611475828,,
1603147653.2839057,-0.010529420627915417,,-0.6941809470431536,,0.048586851011005565,,-0.6891565268906559,,-0.1340123797209518,-0.1340123797209518
1603147653.306048,-0.011570692048480147,-0.011570692048480147,-0.6941122378313885,-0.6941122378313885,0.04755311622066958,0.04755311622066958,-0.68789482679665,-0.68789482679665,,
1603147653.3217354,-0.012681271629010369,,-0.6938588114911604,,0.04645248449779494,,-0.686281529350928,,-0.07531203314599999,-0.07531203314599999
1603147653.3383865,-0.013722059846247109,-0.013722059846247109,-0.6936269139027921,-0.6936269139027921,0.045423062203768544,0.045423062203768544,-0.6848030440203632,-0.6848030440203632,,
1603147653.35404,-0.014831862908491577,,-0.6932047882095133,,0.044327377333335964,,-0.6829674605487637,,-0.018323738804115308,-0.018323738804115308
1603147653.3696606,-0.0159409905696268,-0.0159409905696268,-0.6927891066703493,-0.6927891066703493,0.04323462939645794,0.04323462939645794,-0.6811702810732012,-0.6811702810732012,,
1603147653.3852856,-0.016980174229632324,,-0.6922347073721696,,0.04221287397484814,,-0.6792398093621639,,0.03880684159084957,0.03880684159084957
1603147653.4064882,-0.019195325293223268,-0.019195325293223268,-0.6910777130643543,-0.6910777130643543,0.04003930658488921,0.04003930658488921,-0.675274707469476,-0.675274707469476,,
1603147653.4221067,-0.020231941862819798,,-0.6902930709590592,,0.039026394523685,,-0.6730419895593976,,0.1219478158442211,0.1219478158442211
1603147653.4377296,-0.021336410776354293,-0.021336410776354293,-0.6894622818303392,-0.6894622818303392,0.03794952734038996,0.03794952734038996,-0.670700257174078,-0.670700257174078,,
1603147653.4533486,-0.0223706041990998,,-0.6885375934218869,,0.036943476954628844,,-0.6682878301180436,,0.1727532241812728,0.1727532241812728
1603147653.468972,-0.02347226434857482,-0.02347226434857482,-0.6875574762424621,-0.6875574762424621,0.035874216426439974,0.035874216426439974,-0.6657531405408307,-0.6657531405408307,,
1603147653.4845953,-0.02457235631056276,,-0.6864275288415451,,0.03480901140157464,,-0.6629993676870094,,0.22183445890259357,0.22183445890259357
1603147653.5067759,-0.025601997603825078,-0.025601997603825078,-0.6853736553075038,-0.6853736553075038,0.03381451235004413,0.03381451235004413,-0.6604508606071449,-0.6604508606071449,,
1603147653.5223582,-0.026698595452317085,,-0.6841049490854924,,0.0327577909730727,,-0.6575220675031883,,0.2692392570000717,0.2692392570000717
1603147653.5379748,-0.02779316337085387,-0.02779316337085387,-0.6828424345755227,-0.6828424345755227,0.0317057556650676,0.0317057556650676,-0.6546302479608195,-0.6546302479608195,,
1603147653.5535963,-0.028817427022717154,,-0.6815232631699912,,0.03072381029312637,,-0.6517203336007693,,0.3165047967888892,0.3165047967888892
1603147653.5692172,-0.02990786424378914,-0.02990786424378914,-0.6801222755580942,-0.6801222755580942,0.02968105775936514,0.02968105775936514,-0.6486532735547785,-0.6486532735547785,,
1603147653.5848706,-0.030928047657126284,,-0.6786829724962905,,0.028708077849032974,,-0.6455943024328487,,0.3605136538719709,0.3605136538719709
1603147653.60754,-0.03201394041312035,-0.03201394041312035,-0.6771537719454925,-0.6771537719454925,0.027675126965140417,0.027675126965140417,-0.6423681952552066,-0.6423681952552066,,
1603147653.6314135,-0.03411311710615138,,-0.673952762814384,,0.025683785559849275,,-0.6358242964404056,,0.40286713821712006,0.40286713821712006
1603147653.6470308,-0.03519144152665439,-0.03519144152665439,-0.6723065702261332,-0.6723065702261332,0.024666466685544626,0.024666466685544626,-0.6324826813766486,-0.6324826813766486,,
1603147653.6626525,-0.0362671320390162,,-0.6704642909726181,,0.023654494395341986,,-0.6288464437549681,,0.46634309744652036,0.46634309744652036
1603147653.6782734,-0.037272828475475125,-0.037272828475475125,-0.6687424524342155,-0.6687424524342155,0.022711224729709534,0.022711224729709534,-0.6254672202488276,-0.6254672202488276,,
1603147653.7069688,-0.039345930078021195,,-0.6649707923368113,,0.02077227634693817,,-0.6182305888954263,,0.5045310433548611,0.5045310433548611
1603147653.7227027,-0.040409883345760095,-0.040409883345760095,-0.6630299582376147,-0.6630299582376147,0.019783107404705486,0.019783107404705486,-0.6145298662617955,-0.6145298662617955,,
1603147653.7381868,-0.04147073127894028,,-0.6609130198694251,,0.01879985961868661,,-0.6105670624818086,,0.5616677270981523,0.5616677270981523
1603147653.7538738,-0.042462100808744414,-0.042462100808744414,-0.658933540892317,-0.658933540892317,0.0178840090249639,0.0178840090249639,-0.606880870004483,-0.606880870004483,,
1603147653.769461,-0.04351639447417212,,-0.656719165199005,,0.016912999632956727,,-0.6028053458607073,,0.5958120960553277,0.5958120960553277
1603147653.7850797,-0.04456714513849053,-0.04456714513849053,-0.6545105091331251,-0.6545105091331251,0.015948511079579595,0.015948511079579595,-0.5987637801124797,-0.5987637801124797,,
1603147653.8072412,-0.045548910902190216,,-0.6523443284765482,,0.015050365409410876,,-0.5948396423741085,,0.6295137733690854,0.6295137733690854
1603147653.8229296,-0.04659266182775269,-0.04659266182775269,-0.6500393792039031,-0.6500393792039031,0.014098621981612302,0.014098621981612302,-0.5906876415141195,-0.5906876415141195,,
1603147653.8395646,-0.04756772089655855,,-0.6477907958279618,,0.013212590519341124,,-0.5866721420096365,,0.660563233414651,0.660563233414651
1603147653.8551812,-0.04860418616988329,-0.04860418616988329,-0.6453978667698739,-0.6453978667698739,0.012273915092125706,0.012273915092125706,-0.5824225511634155,-0.5824225511634155,,
1603147653.8708022,-0.049636822756715084,,-0.642916394506362,,0.01134203901026424,,-0.5780510823815812,,0.6901317620410925,0.6901317620410925
1603147653.8864524,-0.050601197348474625,-0.050601197348474625,-0.6405948347809104,-0.6405948347809104,0.010474962386691869,0.010474962386691869,-0.5739819173042685,-0.5739819173042685,,
1603147653.9071343,-0.05265110081977354,,-0.6354851875134345,,0.00863822025131821,,-0.565137101814075,,0.7182487254645498,0.7182487254645498
1603147653.9227252,-0.053604328601043694,-0.053604328601043694,-0.6330947777077929,-0.6330947777077929,0.007790514598597097,0.007790514598597097,-0.5610185595482169,-0.5610185595482169,,
1603147653.9519823,-0.05461728024537616,,-0.6304165175481714,,0.00689288490331995,,-0.5564396014782563,,0.7602783932654535,0.7602783932654535
1603147653.9675994,-0.05556290502169842,-0.05556290502169842,-0.6279103940431142,-0.6279103940431142,0.006058225501102566,0.006058225501102566,-0.5521728531301774,-0.5521728531301774,,
1603147653.9832249,-0.0565675616521674,,-0.6251644494563782,,0.005174748936094282,,-0.5475257889160767,,0.7847852954745829,0.7847852954745829
1603147654.0073884,-0.05850557144548217,-0.05850557144548217,-0.6198639448462213,-0.6198639448462213,0.003477418990454444,0.003477418990454444,-0.5386383871979933,-0.5386383871979933,,
1603147654.0230095,-0.059497353757236124,,-0.6170172776468533,,0.0026155975709376547,,-0.5338910104828876,,0.8212576552620057,0.8212576552620057
1603147654.0386305,-0.06048458140147109,-0.06048458140147109,-0.6141756731821739,-0.6141756731821739,0.0017613719541650346,0.0017613719541650346,-0.5291756877866282,-0.5291756877866282,,
1603147654.0542266,-0.06140584491124435,,-0.6114511683849121,,0.0009676084224850924,,-0.524672999625436,,0.8430527852684637,0.8430527852684637
1603147654.069914,-0.06238416678066021,-0.06238416678066021,-0.6085500496941797,-0.6085500496941797,0.0001281316230843947,0.0001281316230843947,-0.5199008081720978,-0.5199008081720978,,
1603147654.0856006,-0.06329699185520148,,-0.6057758459612923,,-0.000651719589173752,,-0.5153560524740622,,0.8627634156346122,0.8627634156346122
1603147654.1072397,-0.06426623320873955,-0.06426623320873955,-0.6028216498668874,-0.6028216498668874,-0.0014762892731322516,-0.0014762892731322516,-0.5105380570479892,-0.5105380570479892,,
1603147654.1228888,-0.06523074784852656,,-0.5998135743906835,,-0.0022931501644090344,,-0.5056522303075024,,0.8812428424617913,0.8812428424617913
1603147654.1385396,-0.06613046821011259,-0.06613046821011259,-0.5969977843756699,-0.5969977843756699,-0.003051628509870288,-0.003051628509870288,-0.5010973922715148,-0.5010973922715148,,
1603147654.1552267,-0.06708566466511366,,-0.5939441891061248,,-0.003853384337504712,,-0.4961772458921497,,0.8985014757176977,0.8985014757176977
1603147654.1708498,-0.06803597536768347,-0.06803597536768347,-0.5908953985592877,-0.5908953985592877,-0.004647267930932152,-0.004647267930932152,-0.4912852183616629,-0.4912852183616629,,
1603147654.1865907,-0.0689223184655224,,-0.5879917206552661,,-0.005384195758474646,,-0.48664233416911523,,0.9151278242102681,0.9151278242102681
1603147654.2073011,-0.07074509279955372,-0.07074509279955372,-0.5820085016416263,-0.5820085016416263,-0.006892786994398903,-0.006892786994398903,-0.47715140140643164,-0.47715140140643164,,
1603147654.2229233,-0.07167630640218033,,-0.5788510952361332,,-0.007656229236649194,,-0.4721577051366813,,0.9383614413717432,0.9383614413717432
1603147654.2384717,-0.07260246815455813,-0.07260246815455813,-0.5756982181924678,-0.5756982181924678,-0.008411681564867884,-0.008411681564867884,-0.46719320038474604,-0.46719320038474604,,
1603147654.2540934,-0.07346601548184684,,-0.5727058617087167,,-0.009112471365445003,,-0.4624941506590665,,0.9519584322844832,0.9519584322844832
1603147654.269745,-0.07438234486058078,-0.07438234486058078,-0.5695184975963629,-0.5695184975963629,-0.009852462006499509,-0.009852462006499509,-0.45750899227801434,-0.45750899227801434,,
1603147654.285367,-0.07529357445673496,,-0.5662974245609739,,-0.01058447639414433,,-0.4524870678967509,,0.9639518563215432,0.9639518563215432
1603147654.3080413,-0.07614302059357642,-0.07614302059357642,-0.5632815384176536,-0.5632815384176536,-0.011263206995989457,-0.011263206995989457,-0.44780206913508674,-0.44780206913508674,,
1603147654.3311822,-0.07788919336267114,,-0.5569975680321089,,-0.012651393410308225,,-0.4381050472855748,,0.9749038828775252,0.9749038828775252
1603147654.3467724,-0.07878038947152251,-0.07878038947152251,-0.553758532611222,-0.553758532611222,-0.013352361485965145,-0.013352361485965145,-0.4331243205753044,-0.4331243205753044,,
1603147654.362438,-0.07966640312370046,,-0.5504724041013903,,-0.014045360398885633,,-0.42808637455255766,,0.9910181420281265,0.9910181420281265
1603147654.378052,-0.08049211172985254,-0.08049211172985254,-0.5473953763568732,-0.5473953763568732,-0.01468748996071447,-0.01468748996071447,-0.42338320910557947,-0.42338320910557947,,
1603147654.4077265,-0.08224377693419455,,-0.5407942358741149,,-0.016042316229852326,,-0.41336061776738675,,0.9994009917892903,0.9994009917892903
1603147654.4233422,-0.08305496828800572,-0.08305496828800572,-0.5377035404408913,-0.5377035404408913,-0.016662357156503407,-0.016662357156503407,-0.40868245295111455,-0.40868245295111455,,
1603147654.4389632,-0.08391529395271115,,-0.5343716335451674,,-0.01731624908122519,,-0.4036539422749808,,1.0116988609042696,1.0116988609042696
1603147654.454554,-0.0847168514030289,-0.0847168514030289,-0.5312514920369587,-0.5312514920369587,-0.01792172999463766,-0.01792172999463766,-0.3989581260336978,-0.3989581260336978,,
1603147654.4702098,-0.08556685379028803,,-0.5279082369227003,,-0.01856006299629158,,-0.39394197819182264,,1.017671700753949,1.017671700753949
1603147654.485827,-0.08641150696936435,-0.08641150696936435,-0.5245688628311568,-0.5245688628311568,-0.019190370161398497,-0.019190370161398497,-0.3889481474760515,-0.3889481474760515,,
1603147654.5079896,-0.08719836026361108,,-0.5214258361316323,,-0.019773792382612575,,-0.38426051534184036,,1.022942606483591,1.022942606483591
1603147654.5236096,-0.08803264160142169,-0.08803264160142169,-0.5180770589676964,-0.5180770589676964,-0.02038860920715952,-0.02038860920715952,-0.3792825109220303,-0.3792825109220303,,
1603147654.5392003,-0.08886156489577,,-0.5147186352657153,,-0.02099546122463477,,-0.37430408761927747,,1.0271499560355881,1.0271499560355881
1603147654.554829,-0.08963364284866858,-0.08963364284866858,-0.5115733552006975,-0.5115733552006975,-0.021556917356063684,-0.021556917356063684,-0.36965602942970954,-0.36965602942970954,,
1603147654.5704472,-0.0904521602169897,,-0.5082112778087925,,-0.022148367003151218,,-0.36470172908539084,,1.0305312014536163,1.0305312014536163
1603147654.5861838,-0.09121447713370288,-0.09121447713370288,-0.5050625002017078,-0.5050625002017078,-0.022695419596779304,-0.022695419596779304,-0.36007529693720125,-0.36007529693720125,,
1603147654.6078827,-0.09202257713402562,,-0.5016991126197488,,-0.023271540071878826,,-0.3551480105021433,,1.033122026711423,1.033122026711423
1603147654.6235003,-0.09282529571421722,-0.09282529571421722,-0.4983392409738419,-0.4983392409738419,-0.023839776888682256,-0.023839776888682256,-0.35024087139336707,-0.35024087139336707,,
1603147654.6391222,-0.09357280457567797,,-0.4951867019930709,,-0.024365138195772306,,-0.34564906860532674,,1.0350336996357008,1.0350336996357008
1603147654.6547444,-0.09436510329886688,-0.09436510329886688,-0.49182741501424454,-0.49182741501424454,-0.024918176705540827,-0.024918176705540827,-0.3407710982923372,-0.3407710982923372,,
1603147654.6704512,-0.09515202716288967,,-0.48846809423465554,,-0.025463410462808568,,-0.33590692109252124,,1.036105990592496,1.036105990592496
1603147654.6871138,-0.09588472930424166,-0.09588472930424166,-0.4853216553094972,-0.4853216553094972,-0.02596727084444735,-0.02596727084444735,-0.3313640592207422,-0.3313640592207422,,
1603147654.7023206,-0.09666124395273686,,-0.48196760918126746,,-0.026497453339200536,,-0.32653562366726824,,1.0364610623963646,1.0364610623963646
1603147654.7224464,-0.09815534354119879,-0.09815534354119879,-0.4754812736460033,-0.4754812736460033,-0.02750971377256907,-0.02750971377256907,-0.31725083571136287,-0.31725083571136287,,
1603147654.742531,-0.09891611357903239,,-0.47213593415325733,,-0.02801731510970725,,-0.3124754782805255,,1.0366879227902484,1.0366879227902484
1603147654.7681684,-0.10037973497490749,-0.10037973497490749,-0.46566594310637516,-0.46566594310637516,-0.02898598909237688,-0.02898598909237688,-0.30329396177446355,-0.30329396177446355,,
1603147654.7837863,-0.10112480048387769,,-0.4623339158962628,,-0.02947125943121602,,-0.29857623717392195,,1.0353476281314826,1.0353476281314826
1603147654.7994359,-0.10181830135772209,-0.10181830135772209,-0.4592127305163416,-0.4592127305163416,-0.029919123786976903,-0.029919123786976903,-0.2941721480515977,-0.2941721480515977,,
1603147654.815062,-0.10255304172654824,,-0.45589396727162623,,-0.030389799223859457,,-0.28950229144896944,,1.0329711269710575,1.0329711269710575
1603147654.8306503,-0.10323688267745568,-0.10323688267745568,-0.45278516127063473,-0.45278516127063473,-0.03082405266103291,-0.03082405266103291,-0.28513900668735426,-0.28513900668735426,,
1603147654.846292,-0.10396133893548869,,-0.44948126983468156,,-0.03128027507173268,,-0.28051706026640116,,1.0300384732579886,1.0300384732579886
1603147654.8684893,-0.10468050896722418,-0.10468050896722418,-0.4461801758411438,-0.4461801758411438,-0.03172910236815892,-0.03172910236815892,-0.27591099387588025,-0.27591099387588025,,
1603147654.8840754,-0.1053497792309859,,-0.4430984713211232,,-0.03214296885897274,,-0.27162460054543436,,1.0264667367247178,1.0264667367247178
1603147654.899696,-0.1060587367850997,-0.1060587367850997,-0.43981402817003656,-0.43981402817003656,-0.032577568219845435,-0.032577568219845435,-0.26706817391728954,-0.26706817391728954,,
1603147654.915317,-0.10676243923017176,,-0.4365450418990441,,-0.0330048772981131,,-0.2625479437009619,,1.0224463542741358,1.0224463542741358
1603147654.9309437,-0.10741725679302032,-0.10741725679302032,-0.4334826698833855,-0.4334826698833855,-0.03339869921366454,-0.03339869921366454,-0.2583238502726778,-0.2583238502726778,,
1603147654.9465594,-0.10811082906483374,,-0.4302331498689766,,-0.033812017374100826,,-0.25385682254107517,,1.0179102880907518,1.0179102880907518
1603147654.9687197,-0.10944455182942757,-0.10944455182942757,-0.4239466858242107,-0.4239466858242107,-0.03459897352397816,-0.03459897352397816,-0.2452566672842077,-0.2452566672842077,,
1603147654.9843113,-0.11012286652674631,,-0.4207270690150001,,-0.03499138419163289,,-0.24086873799576186,,1.0108238390147566,1.0108238390147566
1603147654.9999325,-0.11075395713026881,-0.11075395713026881,-0.4177107954926138,-0.4177107954926138,-0.035352687298626534,-0.035352687298626534,-0.2367691128637626,-0.2367691128637626,,
1603147655.0155537,-0.111422294403057,,-0.4145140326981112,,-0.03573151787920856,,-0.23243793356004447,,1.0050958850409852,1.0050958850409852
1603147655.0311747,-0.11208551685537398,-0.11208551685537398,-0.4113195927524715,-0.4113195927524715,-0.03610341857290463,-0.03610341857290463,-0.2281205087341153,-0.2281205087341153,,
1603147655.0467958,-0.11270249624450268,,-0.408345869444849,,-0.0364455993360058,,-0.2241161648767776,,0.9987057730882434,0.9987057730882434
1603147655.068927,-0.11335584963561444,-0.11335584963561444,-0.40517613947800685,-0.40517613947800685,-0.036804185199808645,-0.036804185199808645,-0.21985785221376697,-0.21985785221376697,,
1603147655.0845478,-0.11396361384483146,,-0.40222612095627996,,-0.037133971978129295,,-0.21590891788212188,,0.9921109778479629,0.9921109778479629
1603147655.1001692,-0.11460717563836151,-0.11460717563836151,-0.39908159418236266,-0.39908159418236266,-0.03747942624674069,-0.03747942624674069,-0.21170961036906794,-0.21170961036906794,,
1603147655.1157906,-0.11524570618905329,,-0.3959614133880976,,-0.037818161623331195,,-0.2075587259092308,,0.9851242083890579,0.9851242083890579
1603147655.1314123,-0.11583964830913544,-0.11583964830913544,-0.393038070588,-0.393038070588,-0.03812949971219504,-0.03812949971219504,-0.2036781043389335,-0.2036781043389335,,
1603147655.1470647,-0.11646850922207624,,-0.38994527350752456,,-0.03845538467913734,,-0.1995890165939929,,0.9777697312635816,0.9777697312635816
1603147655.169257,-0.11709242165968828,-0.11709242165968828,-0.38685447486779817,-0.38685447486779817,-0.038774727105687724,-0.038774727105687724,-0.19551121298894084,-0.19551121298894084,,
1603147655.184848,-0.11767270337198997,,-0.3839822521573963,,-0.039067993925171136,,-0.19173739553494806,,0.9698298529346925,0.9698298529346925
1603147655.2005022,-0.1182870749754418,-0.1182870749754418,-0.38092046824192793,-0.38092046824192793,-0.03937477375802705,-0.03937477375802705,-0.18772310936776307,-0.18772310936776307,,
1603147655.2160912,-0.11885845567780469,,-0.3780756467798135,,-0.039656358422078694,,-0.18400833945825937,,0.9617998380888118,0.9617998380888118
1603147655.2317352,-0.11946337671265239,-0.11946337671265239,-0.37504301391108436,-0.37504301391108436,-0.03995077176521191,-0.03995077176521191,-0.18005696527557766,-0.18005696527557766,,
1603147655.2473385,-0.12006344553491012,,-0.3720387242123542,,-0.04023886290965283,,-0.17615926042564253,,0.9534568373601928,0.9534568373601928
1603147655.2695045,-0.12121676557996842,-0.12121676557996842,-0.366224514390254,-0.366224514390254,-0.040784956616972325,-0.040784956616972325,-0.16864626247695033,-0.16864626247695033,,
1603147655.2850952,-0.12180272480299283,,-0.36326593043466676,,-0.04105479063693544,,-0.16484423043387644,,0.9406925746603516,0.9406925746603516
1603147655.3007157,-0.12234762369864483,-0.12234762369864483,-0.3604937195200957,-0.3604937195200957,-0.04130205698258626,-0.04130205698258626,-0.16129026639614907,-0.16129026639614907,,
1603147655.3163376,-0.12292441364987698,,-0.35756707906198765,,-0.041560121408820094,,-0.15755407064834862,,0.9316479573920287,0.9316479573920287
1603147655.3319585,-0.12346076426846997,-0.12346076426846997,-0.3548247419649518,-0.3548247419649518,-0.041796452514792616,-0.041796452514792616,-0.15405964626646304,-0.15405964626646304,,
1603147655.3475804,-0.1240284838556139,,-0.3519307942157511,,-0.04204294794881896,,-0.15039035369458054,,0.9223213987829677,0.9223213987829677
1603147655.3697476,-0.1245915731263591,-0.1245915731263591,-0.3490383528250391,-0.3490383528250391,-0.042283572514730285,-0.042283572514730285,-0.14672941422559482,-0.14672941422559482,,
1603147655.3853633,-0.12511513065559665,,-0.3463573070644464,,-0.04250366663606868,,-0.14335318353916238,,0.9124877785546133,0.9124877785546133
1603147655.4009538,-0.12566930234689977,-0.12566930234689977,-0.34349896195659435,-0.34349896195659435,-0.04273303172973134,-0.04273303172973134,-0.1397601860019342,-0.1397601860019342,,
1603147655.4166129,-0.1262189006860303,,-0.3406730078191145,,-0.04295664802733444,,-0.13622589999375886,,0.9027446289662784,0.9027446289662784
1603147655.4322014,-0.12672991019775898,-0.12672991019775898,-0.33802487699564654,-0.33802487699564654,-0.04316098687732508,-0.04316098687732508,-0.13291971722010062,-0.13291971722010062,,
1603147655.4478226,-0.127270750000952,,-0.33523317066904984,,-0.04337365842487724,,-0.12945278441824581,,0.8927992278966066,0.8927992278966066
1603147655.4699664,-0.12830997283002607,-0.12830997283002607,-0.32982909231440927,-0.32982909231440927,-0.0437749620565738,-0.0437749620565738,-0.1227633374431832,-0.1227633374431832,,
1603147655.4855835,-0.12883769937772913,,-0.3270892849526197,,-0.0439713833964829,,-0.11939652342439012,,0.8776568520971306,0.8776568520971306
1603147655.501205,-0.12932833330515806,-0.12932833330515806,-0.32452177976329505,-0.32452177976329505,-0.04415047818161948,-0.04415047818161948,-0.11624804902203403,-0.11624804902203403,,
1603147655.5168266,-0.1298475681527793,,-0.32181721295249505,,-0.04433647506005474,,-0.11294856599804494,,0.8672984440890197,0.8672984440890197
1603147655.5324476,-0.13036247569350332,-0.13036247569350332,-0.31911377858605494,-0.31911377858605494,-0.04451719276565161,-0.04451719276565161,-0.10965592553205528,-0.10965592553205528,,
1603147655.5480692,-0.1308411463613824,,-0.3166127311502616,,-0.04468167665394969,,-0.10662828166977797,,0.85641421633939,0.85641421633939
1603147655.5702002,-0.1313477267312228,-0.1313477267312228,-0.31394601587648463,-0.31394601587648463,-0.04485228190462134,-0.04485228190462134,-0.10340497426909785,-0.10340497426909785,,
1603147655.5858219,-0.13181864575503752,,-0.3114786312354734,,-0.04500738936602498,,-0.10044025030188941,,0.8457657838996884,0.8457657838996884
1603147655.6014426,-0.13231701156501427,-0.13231701156501427,-0.30884776234716443,-0.30884776234716443,-0.04516809376650801,-0.04516809376650801,-0.09728408317647992,-0.09728408317647992,,
1603147655.617069,-0.13281116798476975,,-0.3062521136276501,,-0.04532374829959038,,-0.09418942626385707,,0.8349980645695734,0.8349980645695734
1603147655.6326847,-0.13327054615521122,-0.13327054615521122,-0.3038195233417283,-0.3038195233417283,-0.04546503243898616,-0.04546503243898616,-0.09129324587684173,-0.09129324587684173,,
1603147655.6483061,-0.133756657392558,,-0.3012602476720532,,-0.04561110163238911,,-0.08826605267889016,,0.8241280554693198,0.8241280554693198
1603147655.6755066,-0.13469056416034136,-0.13469056416034136,-0.29630495846337473,-0.29630495846337473,-0.045884726395693666,-0.045884726395693666,-0.08241963379774285,-0.08241963379774285,,
1603147655.6911285,-0.13516465209388276,,-0.29380070852517653,,-0.046016597809770056,,-0.07949269748732382,,0.8076220403248424,0.8076220403248424
1603147655.706783,-0.13560535315667052,-0.13560535315667052,-0.29145368809361766,-0.29145368809361766,-0.04613583685600104,-0.04613583685600104,-0.07675457616981152,-0.07675457616981152,,
1603147655.7224061,-0.1360716790576203,,-0.28898611171632355,,-0.04625864417787274,,-0.07389411632453059,,0.7965693713898485,0.7965693713898485
1603147655.7380307,-0.1365340568363664,-0.1365340568363664,-0.2865192759338408,-0.2865192759338408,-0.046376874763991986,-0.046376874763991986,-0.07103823394749022,-0.07103823394749022,,
1603147655.7536488,-0.13696383575026716,,-0.28424158561666446,,-0.04648343211491322,,-0.06842117578437308,,0.7850517470025817,0.7850517470025817
1603147655.7703354,-0.13741862228725382,-0.13741862228725382,-0.2818127343406503,-0.2818127343406503,-0.04659290599616822,-0.04659290599616822,-0.06563360803949561,-0.06563360803949561,,
1603147655.7859366,-0.13786952266219887,,-0.2794200803288603,,-0.04669791976903141,,-0.06290791152914572,,0.7738763767598282,0.7738763767598282
1603147655.8015623,-0.13828865278269217,-0.13828865278269217,-0.27717752158659087,-0.27717752158659087,-0.04679228163632513,-0.04679228163632513,-0.06035604366011316,-0.06035604366011316,,
1603147655.8171794,-0.1387321368172307,,-0.2748217438783416,,-0.04688885130618131,,-0.05769613702063091,,0.7626574627867662,0.7626574627867662
1603147655.832801,-0.13914436943304823,-0.13914436943304823,-0.2726137073857739,-0.2726137073857739,-0.04697539551171226,-0.04697539551171226,-0.05520512619592255,-0.05520512619592255,,
1603147655.848422,-0.13958055136486547,,-0.2702947802430659,,-0.04706372371362574,,-0.052610343662779294,,0.7514144508577001,0.7514144508577001
1603147655.8705525,-0.14001302301325438,-0.14001302301325438,-0.2679763766542131,-0.2679763766542131,-0.047147900263486184,-0.047147900263486184,-0.050018237241723204,-0.050018237241723204,,
1603147655.8861992,-0.1404149875782357,,-0.26583796210553673,,-0.04722292761934877,,-0.04764783930588863,,0.739793830060945,0.739793830060945
1603147655.9017954,-0.14084032831760457,-0.14084032831760457,-0.26355746332234875,-0.26355746332234875,-0.04729916416223819,-0.04729916416223819,-0.0451221742782243,-0.0451221742782243,,
1603147655.9174178,-0.14126202025892032,,-0.2613132077992025,,-0.047371359641083355,,-0.04265760231837521,,0.7285390049847482,0.7285390049847482
1603147655.933039,-0.14165399007061913,-0.14165399007061913,-0.25920959417761436,-0.25920959417761436,-0.04743534604456092,-0.04743534604456092,-0.04034950712350629,-0.04034950712350629,,
1603147655.9486594,-0.1420687254213033,,-0.257001950546396,,-0.047499905255958534,,-0.037948670145992604,,0.7172800812094628,0.7172800812094628
1603147655.9707942,-0.14286543146799713,-0.14286543146799713,-0.2527260609521039,-0.2527260609521039,-0.04761754613341111,-0.04761754613341111,-0.03330486425781471,-0.03330486425781471,,
1603147655.986411,-0.1432697931655205,,-0.2505737267402288,,-0.047670833916223614,,-0.03099866231797183,,0.7002214630908394,0.7002214630908394
1603147656.002033,-0.14364565375563085,-0.14364565375563085,-0.24855620088306915,-0.24855620088306915,-0.047717331909700574,-0.047717331909700574,-0.02884000566497573,-0.02884000566497573,,
1603147656.017655,-0.14404334367704374,,-0.24644002708409019,,-0.047763475918764536,,-0.02659554648887647,,0.6890348273491824,0.6890348273491824
1603147656.0334518,-0.1444376477203783,-0.1444376477203783,-0.24432412008435905,-0.24432412008435905,-0.047806028793146736,-0.047806028793146736,-0.024352924231567808,-0.024352924231567808,,
1603147656.0501206,-0.14480413390050484,,-0.2423751548142813,,-0.04784255817949409,,-0.02230864697675892,,0.6774695528348378,0.6774695528348378
1603147656.0707834,-0.1451919341482077,-0.1451919341482077,-0.24029648162810258,-0.24029648162810258,-0.047878252014656904,-0.047878252014656904,-0.020129371533932818,-0.020129371533932818,,
1603147656.086405,-0.14555237887064984,,-0.23838107764292366,,-0.0479084460719578,,-0.018141516321177033,,0.6663417208840876,0.6663417208840876
1603147656.1020267,-0.14593378859487852,-0.14593378859487852,-0.23633816387313497,-0.23633816387313497,-0.04793747249807168,-0.04793747249807168,-0.016022571124911306,-0.016022571124911306,,
1603147656.1176171,-0.14631192965707554,,-0.2343306609824758,,-0.047963108611871544,,-0.013962067484386304,,0.6552566651961538,0.6552566651961538
1603147656.1332755,-0.14666342564854926,-0.14666342564854926,-0.2324487506608378,-0.2324487506608378,-0.04798405171309812,-0.04798405171309812,-0.012031319507183254,-0.012031319507183254,,
1603147656.1488645,-0.1470353436496066,,-0.23047658363622586,,-0.04800330182430961,,-0.010030156368196395,,0.6442251238369838,0.6442251238369838
1603147656.1708484,-0.14740410618342456,-0.14740410618342456,-0.22850451441341457,-0.22850451441341457,-0.04801935007449873,-0.04801935007449873,-0.00802927975611238,-0.00802927975611238,,
1603147656.1864665,-0.1477468629550447,,-0.22668954565238844,,-0.0480313939941329,,-0.006209593614683716,,0.6328971729125978,0.6328971729125978
1603147656.2021787,-0.14810956622808852,-0.14810956622808852,-0.22475364140821164,-0.22475364140821164,-0.048041329343916396,-0.048041329343916396,-0.004268953637292513,-0.004268953637292513,,
1603147656.2176776,-0.14844669669020083,,-0.2229712345608783,,-0.04804773277437233,,-0.0025028477818162765,,0.6220072806097008,0.6220072806097008
1603147656.2332926,-0.14880345066549824,-0.14880345066549824,-0.22107002844723284,-0.22107002844723284,-0.04805173733082324,-0.04805173733082324,-0.0006195304143898203,-0.0006195304143898203,,
1603147656.2485082,-0.1491571627110138,,-0.21920324099583866,,-0.04805272857948627,,0.0012076129667583165,,0.6111858752854094,0.6111858752854094
1603147656.2751212,-0.1498366927581009,-0.1498366927581009,-0.21558630263344533,-0.21558630263344533,-0.04804898497928932,-0.04804898497928932,0.004747463776908339,0.004747463776908339,,
1603147656.2907422,-0.15018163084231442,,-0.21377153012136715,,-0.048041389037246265,,0.006490046521655906,,0.5948057016539483,0.5948057016539483
1603147656.3063672,-0.15050228813749647,-0.15050228813749647,-0.2120701404443306,-0.2120701404443306,-0.04803165396746378,-0.04803165396746378,0.008122000631367742,0.008122000631367742,,
1603147656.3219845,-0.1508416003622074,,-0.21028891152120788,,-0.048018658766453594,,0.009809867974418329,,0.5842158058130504,0.5842158058130504
1603147656.3376055,-0.15115703372948922,-0.15115703372948922,-0.20861892446656877,-0.20861892446656877,-0.048003943964491966,-0.048003943964491966,0.011392505801857918,0.011392505801857918,,
1603147656.3532274,-0.15149082400863573,,-0.2068710055064293,,-0.04798571595520899,,0.013025848525710189,,0.5736788266283064,0.5736788266283064
1603147656.3713636,-0.151821817617446,-0.151821817617446,-0.20512295443643286,-0.20512295443643286,-0.047964874597567854,-0.047964874597567854,0.014660314971207107,0.014660314971207107,,
1603147656.386984,-0.15212950204910067,,-0.20351610866987838,,-0.047942884125111045,,0.016140434077063594,,0.5629195744788511,0.5629195744788511
1603147656.4026108,-0.15245512782297246,-0.15245512782297246,-0.20180197997816615,-0.20180197997816615,-0.047917059430587744,-0.047917059430587744,0.01772016010637275,0.01772016010637275,,
1603147656.4182274,-0.15277801099093752,,-0.20012045037548448,,-0.047888707174417545,,0.019247382321615557,,0.5526132150768976,0.5526132150768976
1603147656.4338481,-0.15307819166650075,-0.15307819166650075,-0.19854384956370646,-0.19854384956370646,-0.047859836100935124,-0.047859836100935124,0.020679857711063093,0.020679857711063093,,
1603147656.4494686,-0.15339586182580267,,-0.19689440599562322,,-0.04782674832859742,,0.022155713309064837,,0.5424038509672577,0.5424038509672577
1603147656.471605,-0.1540062344843891,-0.1540062344843891,-0.19369778525173303,-0.19369778525173303,-0.04775806561733932,-0.04775806561733932,0.0250204137154238,0.0250204137154238,,
1603147656.4872267,-0.15431615094079187,,-0.19209679227274415,,-0.047718032955394646,,0.02642012440843653,,0.5269546341132791,0.5269546341132791
1603147656.5028846,-0.15460429612920099,-0.15460429612920099,-0.1905956447473274,-0.1905956447473274,-0.04767840276878199,-0.04767840276878199,0.027731877774617646,0.027731877774617646,,
1603147656.5188415,-0.1549092491607967,,-0.18902560451974057,,-0.0476340317643426,,0.02908298375943416,,0.5170593716444163,0.5170593716444163
1603147656.5340805,-0.1552116901280283,-0.1552116901280283,-0.18745527711304832,-0.18745527711304832,-0.047587498990327506,-0.047587498990327506,0.030435468204675176,0.030435468204675176,,
1603147656.549524,-0.15549287304369785,,-0.18601309267873894,,-0.047541845788020495,,0.03165495192121954,,0.5069098495881637,0.5069098495881637
1603147656.578019,-0.15606951363100194,-0.15606951363100194,-0.18303140574893922,-0.18303140574893922,-0.047443715437064715,-0.047443715437064715,0.03418204095141162,0.03418204095141162,,
1603147656.5936413,-0.15636236388020025,,-0.18153820232917914,,-0.047389024171542456,,0.03541378535083909,,0.49241961489228814,0.49241961489228814
1603147656.6092575,-0.15665282500392694,-0.15665282500392694,-0.18004466486649773,-0.18004466486649773,-0.04733236211498111,-0.04733236211498111,0.0366451589916916,0.0366451589916916,,
1603147656.624924,-0.1569228920012267,,-0.17867333745626515,,-0.04727739437649357,,0.03775540927283552,,0.48262804521395886,0.48262804521395886
1603147656.6406384,-0.1572087693411567,-0.1572087693411567,-0.17721021859951658,-0.17721021859951658,-0.047216985721657036,-0.047216985721657036,0.03894110783415473,0.03894110783415473,,
1603147656.656658,-0.15749230569091593,,-0.17577652422460835,,-0.04715467994912239,,0.040080389325651895,,0.4732541884389665,0.4732541884389665
1603147656.6724684,-0.15775597047725284,-0.15775597047725284,-0.17443208779341593,-0.17443208779341593,-0.04709455936513391,-0.04709455936513391,0.041150224861431536,0.041150224861431536,,
1603147656.687912,-0.1580350618177223,,-0.1730269789356401,,-0.04702871900535562,,0.04224554018116715,,0.46402135734733996,0.46402135734733996
1603147656.7035654,-0.15829460228612577,-0.15829460228612577,-0.17170931947153992,-0.17170931947153992,-0.04696535069508387,-0.04696535069508387,0.043274819386335935,0.043274819386335935,,
1603147656.7191544,-0.15856933719728022,,-0.1703323392332681,,-0.04689611098406573,,0.044327294360774074,,0.4549189244416354,0.4549189244416354
1603147656.7347755,-0.15884186894005345,-0.15884186894005345,-0.16895491775175583,-0.16895491775175583,-0.04682518731308849,-0.04682518731308849,0.04538269064230085,0.04538269064230085,,
1603147656.7503967,-0.1590953013166811,,-0.1676908169648001,,-0.04675711327712504,,0.0463287955652148,,0.44565361187129504,0.44565361187129504
1603147656.772539,-0.15936360662382476,-0.15936360662382476,-0.1663419845157016,-0.1663419845157016,-0.0466829872042207,-0.0466829872042207,0.04734064531924272,0.04734064531924272,,
1603147656.7881577,-0.1596297537990499,,-0.16502074945146114,,-0.04660724217170991,,0.04830942376470215,,0.43682844008930743,0.43682844008930743
1603147656.8037822,-0.1598772849232271,-0.1598772849232271,-0.16378167235103375,-0.16378167235103375,-0.04653477803606286,-0.04653477803606286,0.0492198283456771,0.0492198283456771,,
1603147656.8194034,-0.16013933559898874,,-0.16248717216010045,,-0.046456026310709775,,0.050148330193010356,,0.42812877906532165,0.42812877906532165
1603147656.8350198,-0.1603830663572289,-0.1603830663572289,-0.16127314016591446,-0.16127314016591446,-0.04638080381542026,-0.04638080381542026,0.05102161965444779,0.05102161965444779,,
1603147656.850648,-0.16064110338149437,,-0.16000490778692103,,-0.04629916922397314,,0.05191096100973847,,0.41956472247427,0.41956472247427
1603147656.8727918,-0.16089711123395345,-0.16089711123395345,-0.15873615980702574,-0.15873615980702574,-0.04621611168635756,-0.04621611168635756,0.05280365803687667,0.05280365803687667,,
1603147656.8884087,-0.161135215473664,,-0.1575722067640186,,-0.04613690619930225,,0.053600347240550864,,0.41085950483423517,0.41085950483423517
1603147656.9040349,-0.16138733100448643,-0.16138733100448643,-0.1563301271068548,-0.1563301271068548,-0.046051145643717366,-0.046051145643717366,0.054453237890592684,0.054453237890592684,,
1603147656.9196897,-0.1616374592078574,,-0.15511383690040628,,-0.04596402046309242,,0.05526631751614048,,0.40258104947305995,0.40258104947305995
