seq,in_size_b,out_size_b,recv_timestamp,process_time,send_timestamp
0.0,122.0,72.0,1603222079.0402815,0.006980180740356445,1603222079.0472617
1.0,122.0,72.0,1603222079.0652137,0.0009987354278564453,1603222079.0662124
2.0,122.0,72.0,1603222079.0961308,0.00099945068359375,1603222079.0971303
3.0,122.0,72.0,1603222079.1260505,0.0009980201721191406,1603222079.1270485
4.0,122.0,72.0,1603222079.1569707,0.000997304916381836,1603222079.157968
5.0,122.0,72.0,1603222079.1873944,0.0019953250885009766,1603222079.1893897
6.0,122.0,72.0,1603222079.2183135,0.0009958744049072266,1603222079.2193093
7.0,122.0,72.0,1603222079.2473383,0.0018913745880126953,1603222079.2492297
8.0,122.0,72.0,1603222079.27915,0.0010025501251220703,1603222079.2801526
9.0,122.0,72.0,1603222079.309069,0.001995563507080078,1603222079.3110645
10.0,122.0,72.0,1603222079.339986,0.0019965171813964844,1603222079.3419826
11.0,122.0,72.0,1603222079.3699062,0.0009980201721191406,1603222079.3709042
12.0,122.0,72.0,1603222079.3999972,0.0009682178497314453,1603222079.4009655
13.0,122.0,72.0,1603222079.4314003,0.0009982585906982422,1603222079.4323986
14.0,122.0,72.0,1603222079.4633148,0.0009984970092773438,1603222079.4643133
15.0,122.0,72.0,1603222079.4940813,0.0009887218475341797,1603222079.49507
16.0,122.0,72.0,1603222079.5240571,0.0009560585021972656,1603222079.5250132
17.0,122.0,72.0,1603222079.5550637,0.0010154247283935547,1603222079.5560791
18.0,122.0,72.0,1603222079.586005,0.0009987354278564453,1603222079.5870037
19.0,122.0,72.0,1603222079.6179297,0.00099945068359375,1603222079.6189291
20.0,122.0,72.0,1603222079.6492045,0.0009996891021728516,1603222079.6502042
21.0,122.0,72.0,1603222079.6803648,0.000997304916381836,1603222079.6813622
22.0,122.0,72.0,1603222079.7119877,0.00096893310546875,1603222079.7129567
23.0,122.0,72.0,1603222079.7429068,0.0016207695007324219,1603222079.7445276
24.0,122.0,72.0,1603222079.7734454,0.0009982585906982422,1603222079.7744436
25.0,122.0,72.0,1603222079.8039134,0.0009603500366210938,1603222079.8048737
26.0,122.0,72.0,1603222079.8353076,0.0009968280792236328,1603222079.8363044
27.0,122.0,72.0,1603222079.8672209,0.0009968280792236328,1603222079.8682177
28.0,122.0,72.0,1603222079.8971395,0.0009984970092773438,1603222079.898138
29.0,122.0,72.0,1603222079.9280567,0.0009982585906982422,1603222079.929055
30.0,122.0,72.0,1603222079.9609704,0.00099945068359375,1603222079.9619699
31.0,122.0,72.0,1603222079.9908905,0.0009987354278564453,1603222079.9918892
32.0,122.0,72.0,1603222080.0223174,0.0009982585906982422,1603222080.0233157
33.0,122.0,72.0,1603222080.0532408,0.0009987354278564453,1603222080.0542395
34.0,122.0,72.0,1603222080.0861535,0.001995086669921875,1603222080.0881486
35.0,122.0,72.0,1603222080.1170695,0.0019960403442382812,1603222080.1190655
36.0,122.0,72.0,1603222080.1490102,0.0009953975677490234,1603222080.1500056
37.0,122.0,72.0,1603222080.1799364,0.0009970664978027344,1603222080.1809335
38.0,122.0,72.0,1603222080.2103577,0.001997232437133789,1603222080.212355
39.0,122.0,72.0,1603222080.2432723,0.000995635986328125,1603222080.244268
40.0,122.0,72.0,1603222080.2732198,0.0019958019256591797,1603222080.2752156
41.0,122.0,72.0,1603222080.3051348,0.0009958744049072266,1603222080.3061306
42.0,122.0,72.0,1603222080.3360522,0.000995635986328125,1603222080.3370478
43.0,122.0,72.0,1603222080.3660367,0.0019636154174804688,1603222080.3680003
44.0,122.0,72.0,1603222080.3989184,0.0,1603222080.3989184
45.0,122.0,72.0,1603222080.430342,0.0,1603222080.430342
46.0,122.0,72.0,1603222080.4592967,0.0019636154174804688,1603222080.4612603
47.0,122.0,72.0,1603222080.4911802,0.001993894577026367,1603222080.493174
48.0,122.0,72.0,1603222080.524092,0.000997304916381836,1603222080.5250893
49.0,122.0,72.0,1603222080.5550115,0.0009949207305908203,1603222080.5560064
50.0,122.0,72.0,1603222080.5839307,0.000997304916381836,1603222080.584928
51.0,122.0,72.0,1603222080.6143785,0.001975536346435547,1603222080.616354
52.0,122.0,72.0,1603222080.6462736,0.0020775794982910156,1603222080.6483512
53.0,122.0,72.0,1603222080.6782691,0.0010294914245605469,1603222080.6792986
54.0,122.0,72.0,1603222080.7092183,0.0019648075103759766,1603222080.711183
55.0,122.0,72.0,1603222080.742099,0.0009970664978027344,1603222080.743096
56.0,122.0,72.0,1603222080.772931,0.0009963512420654297,1603222080.7739275
57.0,122.0,72.0,1603222080.804363,0.000997304916381836,1603222080.8053603
58.0,122.0,72.0,1603222080.8332849,0.0019948482513427734,1603222080.8352797
59.0,122.0,72.0,1603222080.8642323,0.0009982585906982422,1603222080.8652306
60.0,122.0,72.0,1603222080.8961475,0.0009992122650146484,1603222080.8971467
61.0,122.0,72.0,1603222080.9270625,0.0009980201721191406,1603222080.9280605
62.0,122.0,72.0,1603222080.957981,0.0009992122650146484,1603222080.9589803
63.0,122.0,72.0,1603222080.9879382,0.000997781753540039,1603222080.988936
64.0,122.0,72.0,1603222081.0203888,0.0020952224731445312,1603222081.022484
65.0,122.0,72.0,1603222081.050979,0.0015485286712646484,1603222081.0525274
66.0,122.0,72.0,1603222081.0828347,0.0020799636840820312,1603222081.0849147
67.0,122.0,72.0,1603222081.1145294,0.0020966529846191406,1603222081.116626
68.0,122.0,72.0,1603222081.144555,0.0031604766845703125,1603222081.1477156
69.0,122.0,72.0,1603222081.1745114,0.0020859241485595703,1603222081.1765974
70.0,122.0,72.0,1603222081.2071233,0.0021619796752929688,1603222081.2092853
71.0,122.0,72.0,1603222081.234313,0.0037162303924560547,1603222081.2380292
72.0,122.0,72.0,1603222081.2502322,0.002112150192260742,1603222081.2523444
73.0,122.0,72.0,1603222081.2789924,0.0005097389221191406,1603222081.2795022
74.0,122.0,72.0,1603222081.309355,0.001995563507080078,1603222081.3113506
75.0,122.0,72.0,1603222081.3412719,0.0009953975677490234,1603222081.3422673
76.0,122.0,72.0,1603222081.3712096,0.0009980201721191406,1603222081.3722076
77.0,122.0,72.0,1603222081.4021266,0.0009984970092773438,1603222081.403125
78.0,122.0,72.0,1603222081.4330442,0.0009980201721191406,1603222081.4340422
79.0,122.0,72.0,1603222081.4649582,0.0015141963958740234,1603222081.4664724
80.0,122.0,72.0,1603222081.4954033,0.0009975433349609375,1603222081.4964008
81.0,122.0,72.0,1603222081.5283184,0.000995635986328125,1603222081.529314
82.0,122.0,72.0,1603222081.5602317,0.0009980201721191406,1603222081.5612297
83.0,122.0,72.0,1603222081.5911486,0.0,1603222081.5911486
84.0,122.0,72.0,1603222081.623063,0.0009982585906982422,1603222081.6240613
85.0,122.0,72.0,1603222081.6529899,0.000997304916381836,1603222081.6539872
86.0,122.0,72.0,1603222081.685914,0.001997709274291992,1603222081.6879117
87.0,122.0,72.0,1603222081.7163427,0.000997781753540039,1603222081.7173405
88.0,122.0,72.0,1603222081.748258,0.000997781753540039,1603222081.749256
89.0,122.0,72.0,1603222081.7771802,0.000997781753540039,1603222081.778178
90.0,122.0,72.0,1603222081.8080971,0.0009982585906982422,1603222081.8090954
91.0,122.0,72.0,1603222081.839015,0.0009965896606445312,1603222081.8400116
92.0,122.0,72.0,1603222081.8679354,0.0009980201721191406,1603222081.8689334
93.0,122.0,72.0,1603222081.8993602,0.0019943714141845703,1603222081.9013546
94.0,122.0,72.0,1603222081.9302762,0.0019979476928710938,1603222081.932274
95.0,122.0,72.0,1603222081.962193,0.000997781753540039,1603222081.9631908
96.0,122.0,72.0,1603222081.994106,0.0009975433349609375,1603222081.9951036
97.0,122.0,72.0,1603222082.026022,0.0009958744049072266,1603222082.0270178
98.0,122.0,72.0,1603222082.0569582,0.000993490219116211,1603222082.0579517
99.0,122.0,72.0,1603222082.089375,0.0009989738464355469,1603222082.090374
100.0,122.0,72.0,1603222082.1212952,0.000993967056274414,1603222082.1222892
101.0,122.0,72.0,1603222082.1532102,0.0009937286376953125,1603222082.154204
102.0,122.0,72.0,1603222082.1821275,0.0009980201721191406,1603222082.1831255
103.0,122.0,72.0,1603222082.2130444,0.0009989738464355469,1603222082.2140434
104.0,122.0,72.0,1603222082.244961,0.0009953975677490234,1603222082.2459564
105.0,122.0,72.0,1603222082.2763858,0.0009982585906982422,1603222082.277384
106.0,122.0,72.0,1603222082.306306,0.000997781753540039,1603222082.3073037
107.0,122.0,72.0,1603222082.337262,0.0009608268737792969,1603222082.3382227
108.0,122.0,72.0,1603222082.369141,0.0009968280792236328,1603222082.370138
109.0,122.0,72.0,1603222082.4010549,0.000997304916381836,1603222082.4020522
110.0,122.0,72.0,1603222082.4309745,0.0019953250885009766,1603222082.4329698
111.0,122.0,72.0,1603222082.461944,0.0009925365447998047,1603222082.4629366
112.0,122.0,72.0,1603222082.4923725,0.0009961128234863281,1603222082.4933686
113.0,122.0,72.0,1603222082.5232866,0.0009968280792236328,1603222082.5242834
114.0,122.0,72.0,1603222082.5532122,0.0009932518005371094,1603222082.5542054
115.0,122.0,72.0,1603222082.5831265,0.0,1603222082.5831265
116.0,122.0,72.0,1603222082.6140444,0.0009961128234863281,1603222082.6150405
117.0,122.0,72.0,1603222082.6449616,0.0009975433349609375,1603222082.6459591
118.0,122.0,72.0,1603222082.676394,0.0009975433349609375,1603222082.6773915
119.0,122.0,72.0,1603222082.7073157,0.0009953975677490234,1603222082.708311
120.0,122.0,72.0,1603222082.7382307,0.000997304916381836,1603222082.739228
121.0,122.0,72.0,1603222082.771144,0.001993417739868164,1603222082.7731373
122.0,122.0,72.0,1603222082.8010664,0.0009925365447998047,1603222082.802059
123.0,122.0,72.0,1603222082.8329828,0.001988649368286133,1603222082.8349714
124.0,122.0,72.0,1603222082.8644032,0.0009970664978027344,1603222082.8654003
125.0,122.0,72.0,1603222082.8943243,0.0019931793212890625,1603222082.8963175
126.0,122.0,72.0,1603222082.9232454,0.0009975433349609375,1603222082.924243
127.0,122.0,72.0,1603222082.9552023,0.0009582042694091797,1603222082.9561605
128.0,123.0,73.0,1603222082.9870796,0.0009975433349609375,1603222082.9880772
129.0,123.0,73.0,1603222083.0189936,0.0009982585906982422,1603222083.0199919
130.0,123.0,73.0,1603222083.0500026,0.0009975433349609375,1603222083.051
131.0,123.0,73.0,1603222083.0824316,0.0009958744049072266,1603222083.0834274
132.0,123.0,73.0,1603222083.1123502,0.0009984970092773438,1603222083.1133487
133.0,123.0,73.0,1603222083.1452632,0.0,1603222083.1452632
134.0,123.0,73.0,1603222083.1764219,0.0009906291961669922,1603222083.1774125
135.0,123.0,73.0,1603222083.2078478,0.00048160552978515625,1603222083.2083294
136.0,123.0,73.0,1603222083.2392025,0.0009987354278564453,1603222083.2402012
137.0,123.0,73.0,1603222083.2701256,0.0009984970092773438,1603222083.2711241
138.0,123.0,73.0,1603222083.3010468,0.000993490219116211,1603222083.3020403
139.0,123.0,73.0,1603222083.3329604,0.0009965896606445312,1603222083.333957
140.0,123.0,73.0,1603222083.3648849,0.0009968280792236328,1603222083.3658817
141.0,123.0,73.0,1603222083.3953128,0.0009980201721191406,1603222083.3963108
142.0,123.0,73.0,1603222083.427263,0.0009615421295166016,1603222083.4282246
143.0,123.0,73.0,1603222083.4591415,0.001996755599975586,1603222083.4611382
144.0,123.0,73.0,1603222083.4900594,0.0009980201721191406,1603222083.4910574
145.0,123.0,73.0,1603222083.5199785,0.0009970664978027344,1603222083.5209756
146.0,123.0,73.0,1603222083.5498996,0.0009965896606445312,1603222083.5508962
147.0,123.0,73.0,1603222083.581328,0.001994609832763672,1603222083.5833225
148.0,123.0,73.0,1603222083.6132445,0.000997781753540039,1603222083.6142423
149.0,123.0,73.0,1603222083.6441617,0.0009984970092773438,1603222083.6451602
150.0,123.0,73.0,1603222083.6751385,0.0009980201721191406,1603222083.6761365
151.0,123.0,73.0,1603222083.7070684,0.0009617805480957031,1603222083.7080302
152.0,123.0,73.0,1603222083.7379496,0.000997781753540039,1603222083.7389474
153.0,123.0,73.0,1603222083.768405,0.0019953250885009766,1603222083.7704003
154.0,123.0,73.0,1603222083.80032,0.0009980201721191406,1603222083.801318
155.0,123.0,73.0,1603222083.8312395,0.0009963512420654297,1603222083.8322358
156.0,123.0,73.0,1603222083.8606558,0.0009982585906982422,1603222083.861654
157.0,123.0,73.0,1603222083.8920808,0.0019965171813964844,1603222083.8940773
158.0,123.0,73.0,1603222083.9239979,0.0,1603222083.9239979
159.0,123.0,73.0,1603222083.9539356,0.002040386199951172,1603222083.955976
160.0,123.0,73.0,1603222083.986388,0.0,1603222083.986388
161.0,123.0,73.0,1603222084.01531,0.000997781753540039,1603222084.0163078
162.0,123.0,73.0,1603222084.0452316,0.0009958744049072266,1603222084.0462275
163.0,123.0,73.0,1603222084.0771468,0.000997304916381836,1603222084.078144
164.0,123.0,73.0,1603222084.1080658,0.0009942054748535156,1603222084.10906
165.0,123.0,73.0,1603222084.1399786,0.0009975433349609375,1603222084.1409762
166.0,123.0,73.0,1603222084.1709633,0.000997304916381836,1603222084.1719606
167.0,123.0,73.0,1603222084.2033863,0.0,1603222084.2033863
168.0,123.0,73.0,1603222084.2343054,0.0009949207305908203,1603222084.2353003
169.0,123.0,73.0,1603222084.265221,0.0009968280792236328,1603222084.266218
170.0,123.0,73.0,1603222084.2951396,0.000997304916381836,1603222084.2961369
171.0,123.0,73.0,1603222084.328053,0.0009961128234863281,1603222084.329049
172.0,123.0,73.0,1603222084.358044,0.0009951591491699219,1603222084.359039
173.0,123.0,73.0,1603222084.3889682,0.001994609832763672,1603222084.3909628
174.0,123.0,73.0,1603222084.4193969,0.000997304916381836,1603222084.4203942
175.0,123.0,73.0,1603222084.4503155,0.0009961128234863281,1603222084.4513116
176.0,123.0,73.0,1603222084.4822288,0.000997304916381836,1603222084.483226
177.0,123.0,73.0,1603222084.5133724,0.0009958744049072266,1603222084.5143683
178.0,123.0,73.0,1603222084.5442882,0.0009982585906982422,1603222084.5452864
179.0,123.0,73.0,1603222084.5752058,0.0009975433349609375,1603222084.5762033
180.0,123.0,73.0,1603222084.6071198,0.0009984970092773438,1603222084.6081183
181.0,123.0,73.0,1603222084.6390362,0.0009963512420654297,1603222084.6400325
182.0,123.0,73.0,1603222084.6709838,0.000997781753540039,1603222084.6719816
183.0,123.0,73.0,1603222084.702726,0.000995635986328125,1603222084.7037215
184.0,123.0,73.0,1603222084.733508,0.000997781753540039,1603222084.734506
185.0,123.0,73.0,1603222084.765992,0.0009970664978027344,1603222084.766989
186.0,123.0,73.0,1603222084.7964306,0.0009922981262207031,1603222084.797423
187.0,123.0,73.0,1603222084.8274298,0.0009961128234863281,1603222084.828426
188.0,123.0,73.0,1603222084.858347,0.0009968280792236328,1603222084.8593438
189.0,123.0,73.0,1603222084.8902626,0.0009951591491699219,1603222084.8912578
190.0,123.0,73.0,1603222084.921178,0.000997304916381836,1603222084.9221754
191.0,123.0,73.0,1603222084.953093,0.000997304916381836,1603222084.9540904
192.0,123.0,73.0,1603222084.9840105,0.0009980201721191406,1603222084.9850085
193.0,123.0,73.0,1603222085.0159261,0.0009975433349609375,1603222085.0169237
194.0,123.0,73.0,1603222085.048732,0.0009968280792236328,1603222085.0497289
195.0,123.0,73.0,1603222085.0800464,0.0009982585906982422,1603222085.0810447
196.0,123.0,73.0,1603222085.1104298,0.001995086669921875,1603222085.1124249
197.0,123.0,73.0,1603222085.141347,0.000997304916381836,1603222085.1423442
198.0,123.0,73.0,1603222085.174259,0.0009968280792236328,1603222085.1752558
199.0,123.0,73.0,1603222085.205176,0.000997304916381836,1603222085.2061734
200.0,123.0,73.0,1603222085.2360973,0.000997304916381836,1603222085.2370946
201.0,123.0,73.0,1603222085.2680118,0.0009975433349609375,1603222085.2690094
202.0,123.0,73.0,1603222085.2999258,0.0009975433349609375,1603222085.3009233
203.0,123.0,73.0,1603222085.331357,0.0009963512420654297,1603222085.3323534
204.0,123.0,73.0,1603222085.3622727,0.0009970664978027344,1603222085.3632698
205.0,123.0,73.0,1603222085.394188,0.0,1603222085.394188
206.0,123.0,73.0,1603222085.4241087,0.0009968280792236328,1603222085.4251056
207.0,123.0,73.0,1603222085.4574244,0.0009968280792236328,1603222085.4584212
208.0,123.0,73.0,1603222085.4863465,0.0009970664978027344,1603222085.4873435
209.0,123.0,73.0,1603222085.517264,0.0009975433349609375,1603222085.5182614
210.0,123.0,73.0,1603222085.5481815,0.0009975433349609375,1603222085.549179
211.0,123.0,73.0,1603222085.5810933,0.000997781753540039,1603222085.582091
212.0,123.0,73.0,1603222085.61201,0.001996278762817383,1603222085.6140063
213.0,123.0,73.0,1603222085.6435053,0.001992940902709961,1603222085.6454983
214.0,123.0,73.0,1603222085.6749656,0.0009937286376953125,1603222085.6759593
215.0,123.0,73.0,1603222085.706901,0.0009970664978027344,1603222085.7078981
216.0,123.0,73.0,1603222085.7388155,0.0009970664978027344,1603222085.7398126
217.0,123.0,73.0,1603222085.7701235,0.0009968280792236328,1603222085.7711203
218.0,123.0,73.0,1603222085.8030899,0.0009975433349609375,1603222085.8040874
219.0,123.0,73.0,1603222085.8329675,0.0009942054748535156,1603222085.8339617
220.0,123.0,73.0,1603222085.863392,0.0019953250885009766,1603222085.8653874
221.0,123.0,73.0,1603222085.895307,0.000997304916381836,1603222085.8963044
222.0,123.0,73.0,1603222085.9269485,0.000989675521850586,1603222085.9279382
223.0,123.0,73.0,1603222085.957952,0.000997781753540039,1603222085.9589498
224.0,123.0,73.0,1603222085.9883783,0.000997304916381836,1603222085.9893756
225.0,123.0,73.0,1603222086.0202935,0.0009965896606445312,1603222086.02129
226.0,123.0,73.0,1603222086.052853,0.0009968280792236328,1603222086.05385
227.0,123.0,73.0,1603222086.0832758,0.0019927024841308594,1603222086.0852685
228.0,123.0,73.0,1603222086.1131918,0.001995563507080078,1603222086.1151874
229.0,123.0,73.0,1603222086.1452055,0.0009970664978027344,1603222086.1462026
230.0,123.0,73.0,1603222086.1772134,0.0009984970092773438,1603222086.178212
231.0,123.0,73.0,1603222086.208334,0.0009963512420654297,1603222086.2093303
232.0,123.0,73.0,1603222086.2392638,0.0009889602661132812,1603222086.2402527
233.0,123.0,73.0,1603222086.2711692,0.0009984970092773438,1603222086.2721677
234.0,123.0,73.0,1603222086.302159,0.0009970664978027344,1603222086.3031561
235.0,123.0,73.0,1603222086.3334687,0.0009965896606445312,1603222086.3344653
236.0,123.0,73.0,1603222086.3623905,0.0009982585906982422,1603222086.3633888
237.0,123.0,73.0,1603222086.394307,0.0009953975677490234,1603222086.3953023
238.0,123.0,73.0,1603222086.424225,0.0019948482513427734,1603222086.42622
239.0,123.0,73.0,1603222086.4572768,0.0009927749633789062,1603222086.4582696
240.0,123.0,73.0,1603222086.4882162,0.001973390579223633,1603222086.4901896
241.0,123.0,73.0,1603222086.5191085,0.0009965896606445312,1603222086.5201051
242.0,123.0,73.0,1603222086.550025,0.0009968280792236328,1603222086.5510218
243.0,123.0,73.0,1603222086.5800514,0.0,1603222086.5800514
244.0,123.0,73.0,1603222086.6099713,0.000997304916381836,1603222086.6109686
245.0,123.0,73.0,1603222086.6408873,0.001995563507080078,1603222086.6428828
246.0,123.0,73.0,1603222086.6733127,0.0009961128234863281,1603222086.6743088
247.0,123.0,73.0,1603222086.7033963,0.000997304916381836,1603222086.7043936
248.0,123.0,73.0,1603222086.735312,0.0009965896606445312,1603222086.7363086
249.0,123.0,73.0,1603222086.7672262,0.0009980201721191406,1603222086.7682242
250.0,123.0,73.0,1603222086.7971458,0.0009975433349609375,1603222086.7981434
251.0,123.0,73.0,1603222086.8281307,0.0009925365447998047,1603222086.8291233
252.0,123.0,73.0,1603222086.8590417,0.000997304916381836,1603222086.860039
253.0,123.0,73.0,1603222086.891954,0.0,1603222086.891954
254.0,123.0,73.0,1603222086.923873,0.001001119613647461,1603222086.924874
255.0,123.0,73.0,1603222086.9538233,0.0009984970092773438,1603222086.9548218
256.0,124.0,74.0,1603222086.9862468,0.0009951591491699219,1603222086.987242
257.0,124.0,74.0,1603222087.0161645,0.000997781753540039,1603222087.0171623
258.0,124.0,74.0,1603222087.04808,0.0009968280792236328,1603222087.0490768
259.0,124.0,74.0,1603222087.0779996,0.000997304916381836,1603222087.078997
260.0,124.0,74.0,1603222087.1079197,0.000997304916381836,1603222087.108917
261.0,124.0,74.0,1603222087.1383462,0.0009968280792236328,1603222087.139343
262.0,124.0,74.0,1603222087.1694076,0.0009965896606445312,1603222087.1704042
263.0,124.0,74.0,1603222087.1993258,0.000997304916381836,1603222087.200323
264.0,124.0,74.0,1603222087.2312415,0.0009975433349609375,1603222087.232239
265.0,124.0,74.0,1603222087.2642212,0.0,1603222087.2642212
266.0,124.0,74.0,1603222087.2950628,0.0009968280792236328,1603222087.2960596
267.0,124.0,74.0,1603222087.327972,0.0009968280792236328,1603222087.3289688
268.0,124.0,74.0,1603222087.3574047,0.0009961128234863281,1603222087.3584008
269.0,124.0,74.0,1603222087.3893178,0.0009975433349609375,1603222087.3903153
270.0,124.0,74.0,1603222087.4202352,0.000997781753540039,1603222087.421233
271.0,124.0,74.0,1603222087.4531481,0.0009970664978027344,1603222087.4541452
272.0,124.0,74.0,1603222087.484097,0.0009646415710449219,1603222087.4850616
273.0,124.0,74.0,1603222087.515431,0.0009961128234863281,1603222087.516427
274.0,124.0,74.0,1603222087.5454304,0.000993967056274414,1603222087.5464244
275.0,124.0,74.0,1603222087.5763435,0.001995086669921875,1603222087.5783386
276.0,124.0,74.0,1603222087.6072617,0.0009980201721191406,1603222087.6082597
277.0,124.0,74.0,1603222087.6371818,0.000997304916381836,1603222087.638179
278.0,124.0,74.0,1603222087.66848,0.0,1603222087.66848
279.0,124.0,74.0,1603222087.6991053,0.0009965896606445312,1603222087.7001019
280.0,124.0,74.0,1603222087.730052,0.001962900161743164,1603222087.732015
281.0,124.0,74.0,1603222087.7609384,0.0009963512420654297,1603222087.7619348
282.0,124.0,74.0,1603222087.7923646,0.001995563507080078,1603222087.7943602
283.0,124.0,74.0,1603222087.8242817,0.0009968280792236328,1603222087.8252785
284.0,124.0,74.0,1603222087.8551962,0.000997304916381836,1603222087.8561935
285.0,124.0,74.0,1603222087.886115,0.0019936561584472656,1603222087.8881087
286.0,124.0,74.0,1603222087.9170692,0.0009598731994628906,1603222087.918029
287.0,124.0,74.0,1603222087.9485273,0.001001596450805664,1603222087.949529
288.0,124.0,74.0,1603222087.9793851,0.0009992122650146484,1603222087.9803843
289.0,124.0,74.0,1603222088.0112996,0.0009982585906982422,1603222088.0122979
290.0,124.0,74.0,1603222088.044213,0.0009980201721191406,1603222088.045211
291.0,124.0,74.0,1603222088.0761273,0.0,1603222088.0761273
292.0,124.0,74.0,1603222088.107349,0.000997304916381836,1603222088.1083462
293.0,124.0,74.0,1603222088.1372714,0.0009951591491699219,1603222088.1382666
294.0,124.0,74.0,1603222088.168188,0.0,1603222088.168188
295.0,124.0,74.0,1603222088.1982074,0.0009982585906982422,1603222088.1992056
296.0,124.0,74.0,1603222088.2291787,0.0009953975677490234,1603222088.230174
297.0,124.0,74.0,1603222088.2600946,0.001995086669921875,1603222088.2620897
298.0,124.0,74.0,1603222088.2900147,0.0009965896606445312,1603222088.2910113
299.0,124.0,74.0,1603222088.322993,0.0,1603222088.322993
300.0,124.0,74.0,1603222088.3535528,0.0009987354278564453,1603222088.3545516
301.0,124.0,74.0,1603222088.3844671,0.000997304916381836,1603222088.3854644
302.0,124.0,74.0,1603222088.4154165,0.0019631385803222656,1603222088.4173796
303.0,124.0,74.0,1603222088.4473042,0.0009982585906982422,1603222088.4483025
304.0,124.0,74.0,1603222088.4782221,0.0009970664978027344,1603222088.4792192
305.0,124.0,74.0,1603222088.5111344,0.0009965896606445312,1603222088.512131
306.0,124.0,74.0,1603222088.5420527,0.0009970664978027344,1603222088.5430498
307.0,124.0,74.0,1603222088.572474,0.0009989738464355469,1603222088.573473
308.0,124.0,74.0,1603222088.6043901,0.0009961128234863281,1603222088.6053863
309.0,124.0,74.0,1603222088.6353123,0.0009965896606445312,1603222088.636309
310.0,124.0,74.0,1603222088.6662245,0.0009987354278564453,1603222088.6672232
311.0,124.0,74.0,1603222088.6971433,0.0009951591491699219,1603222088.6981385
312.0,124.0,74.0,1603222088.7260642,0.0009984970092773438,1603222088.7270627
313.0,124.0,74.0,1603222088.7578495,0.0,1603222088.7578495
314.0,124.0,74.0,1603222088.788324,0.0009763240814208984,1603222088.7893004
315.0,124.0,74.0,1603222088.8202178,0.0009970664978027344,1603222088.821215
316.0,124.0,74.0,1603222088.851139,0.0009949207305908203,1603222088.852134
317.0,124.0,74.0,1603222088.8825102,0.0,1603222088.8825102
318.0,124.0,74.0,1603222088.9134297,0.0009953975677490234,1603222088.9144251
319.0,124.0,74.0,1603222088.9443452,0.000997781753540039,1603222088.945343
320.0,124.0,74.0,1603222088.97626,0.0009975433349609375,1603222088.9772575
321.0,124.0,74.0,1603222089.0074832,0.0009953975677490234,1603222089.0084786
322.0,124.0,74.0,1603222089.0394852,0.0010004043579101562,1603222089.0404856
323.0,124.0,74.0,1603222089.0704026,0.0009975433349609375,1603222089.0714002
324.0,124.0,74.0,1603222089.100324,0.0009982585906982422,1603222089.1013222
325.0,124.0,74.0,1603222089.1322415,0.0009949207305908203,1603222089.1332364
326.0,124.0,74.0,1603222089.163444,0.001993894577026367,1603222089.165438
327.0,124.0,74.0,1603222089.1943605,0.000995635986328125,1603222089.1953561
328.0,124.0,74.0,1603222089.2242806,0.0009970664978027344,1603222089.2252777
329.0,124.0,74.0,1603222089.2562706,0.0009961128234863281,1603222089.2572668
330.0,124.0,74.0,1603222089.2875142,0.000997304916381836,1603222089.2885115
331.0,124.0,74.0,1603222089.3184307,0.0009968280792236328,1603222089.3194275
332.0,124.0,74.0,1603222089.3493474,0.000997781753540039,1603222089.3503451
333.0,124.0,74.0,1603222089.3802648,0.000997781753540039,1603222089.3812625
334.0,124.0,74.0,1603222089.4121792,0.0009982585906982422,1603222089.4131775
335.0,124.0,74.0,1603222089.4421005,0.0019941329956054688,1603222089.4440947
336.0,124.0,74.0,1603222089.474015,0.000997304916381836,1603222089.4750123
337.0,124.0,74.0,1603222089.5039399,0.0009970664978027344,1603222089.504937
338.0,124.0,74.0,1603222089.5353918,0.000997781753540039,1603222089.5363896
339.0,124.0,74.0,1603222089.5693038,0.000995635986328125,1603222089.5702994
340.0,124.0,74.0,1603222089.5992246,0.0009949207305908203,1603222089.6002195
341.0,124.0,74.0,1603222089.6291473,0.0009920597076416016,1603222089.6301394
342.0,124.0,74.0,1603222089.659382,0.000997304916381836,1603222089.6603794
343.0,124.0,74.0,1603222089.6913679,0.000993490219116211,1603222089.6923614
344.0,124.0,74.0,1603222089.723278,0.0009970664978027344,1603222089.724275
345.0,124.0,74.0,1603222089.7551942,0.0009961128234863281,1603222089.7561903
346.0,124.0,74.0,1603222089.787142,0.0,1603222089.787142
347.0,124.0,74.0,1603222089.8164308,0.000993490219116211,1603222089.8174243
348.0,124.0,74.0,1603222089.848342,0.0009975433349609375,1603222089.8493395
349.0,124.0,74.0,1603222089.8792593,0.0009982585906982422,1603222089.8802576
350.0,124.0,74.0,1603222089.9088674,0.0009922981262207031,1603222089.9098597
351.0,124.0,74.0,1603222089.940224,0.0009932518005371094,1603222089.9412172
352.0,124.0,74.0,1603222089.971137,0.0009975433349609375,1603222089.9721346
353.0,124.0,74.0,1603222090.0040493,0.0009968280792236328,1603222090.0050461
354.0,124.0,74.0,1603222090.0330055,0.000997781753540039,1603222090.0340033
355.0,124.0,74.0,1603222090.0639427,0.0009987354278564453,1603222090.0649414
356.0,124.0,74.0,1603222090.0958574,0.0009982585906982422,1603222090.0968556
357.0,124.0,74.0,1603222090.1272824,0.0009963512420654297,1603222090.1282787
358.0,124.0,74.0,1603222090.1583657,0.000997304916381836,1603222090.159363
359.0,124.0,74.0,1603222090.189376,0.0009801387786865234,1603222090.1903563
360.0,124.0,74.0,1603222090.2212737,0.0,1603222090.2212737
361.0,124.0,74.0,1603222090.2521918,0.001993417739868164,1603222090.2541852
362.0,124.0,74.0,1603222090.2841094,0.0009982585906982422,1603222090.2851076
363.0,124.0,74.0,1603222090.3164277,0.0,1603222090.3164277
364.0,124.0,74.0,1603222090.347345,0.0009968280792236328,1603222090.348342
365.0,124.0,74.0,1603222090.3792648,0.0,1603222090.3792648
366.0,124.0,74.0,1603222090.4081864,0.000997304916381836,1603222090.4091837
367.0,124.0,74.0,1603222090.440165,0.000997304916381836,1603222090.4411623
368.0,124.0,74.0,1603222090.4695938,0.0009970664978027344,1603222090.4705908
369.0,124.0,74.0,1603222090.5020177,0.0019915103912353516,1603222090.5040092
370.0,124.0,74.0,1603222090.5329418,0.000997781753540039,1603222090.5339396
371.0,124.0,74.0,1603222090.5649605,0.0009775161743164062,1603222090.565938
372.0,124.0,74.0,1603222090.5963893,0.0009748935699462891,1603222090.5973642
373.0,124.0,74.0,1603222090.6282814,0.0009975433349609375,1603222090.629279
374.0,124.0,74.0,1603222090.6601956,0.000997781753540039,1603222090.6611934
375.0,124.0,74.0,1603222090.6901548,0.0009601116180419922,1603222090.691115
376.0,124.0,74.0,1603222090.7210364,0.0,1603222090.7210364
377.0,124.0,74.0,1603222090.7509727,0.0009944438934326172,1603222090.7519672
378.0,124.0,74.0,1603222090.7823906,0.0009963512420654297,1603222090.783387
379.0,124.0,74.0,1603222090.814325,0.0009968280792236328,1603222090.815322
380.0,124.0,74.0,1603222090.8462431,0.0009949207305908203,1603222090.847238
381.0,124.0,74.0,1603222090.8781576,0.0009958744049072266,1603222090.8791535
382.0,124.0,74.0,1603222090.9080951,0.0009980201721191406,1603222090.9090931
383.0,124.0,74.0,1603222090.939011,0.0009980201721191406,1603222090.940009
384.0,124.0,74.0,1603222090.9699845,0.0009694099426269531,1603222090.970954
385.0,124.0,74.0,1603222091.000977,0.0009694099426269531,1603222091.0019464
386.0,124.0,74.0,1603222091.0329556,0.0009944438934326172,1603222091.03395
387.0,124.0,74.0,1603222091.0628712,0.001995086669921875,1603222091.0648663
388.0,124.0,74.0,1603222091.0948575,0.0015132427215576172,1603222091.0963707
389.0,124.0,74.0,1603222091.1252897,0.00099945068359375,1603222091.1262891
390.0,124.0,74.0,1603222091.156265,0.0019941329956054688,1603222091.1582592
391.0,124.0,74.0,1603222091.1891847,0.0,1603222091.1891847
392.0,124.0,74.0,1603222091.220132,0.000965118408203125,1603222091.2210972
393.0,124.0,74.0,1603222091.25002,0.000997304916381836,1603222091.2510173
394.0,124.0,74.0,1603222091.279871,0.0009920597076416016,1603222091.280863
395.0,124.0,74.0,1603222091.3113225,0.0009975433349609375,1603222091.31232
396.0,124.0,74.0,1603222091.3412747,0.000997781753540039,1603222091.3422725
397.0,124.0,74.0,1603222091.3741877,0.000997781753540039,1603222091.3751855
398.0,124.0,74.0,1603222091.4062629,0.0,1603222091.4062629
399.0,124.0,74.0,1603222091.4371314,0.000995635986328125,1603222091.438127
400.0,124.0,74.0,1603222091.4670482,0.0009984970092773438,1603222091.4680467
401.0,124.0,74.0,1603222091.498963,0.0010187625885009766,1603222091.4999819
402.0,124.0,74.0,1603222091.52885,0.0009982585906982422,1603222091.5298483
403.0,124.0,74.0,1603222091.5605307,0.0009968280792236328,1603222091.5615275
404.0,124.0,74.0,1603222091.590959,0.0009980201721191406,1603222091.591957
405.0,124.0,74.0,1603222091.6208932,0.0009980201721191406,1603222091.6218913
406.0,124.0,74.0,1603222091.6528986,0.0009975433349609375,1603222091.653896
407.0,124.0,74.0,1603222091.6848288,0.000997304916381836,1603222091.685826
408.0,124.0,74.0,1603222091.7152562,0.0009982585906982422,1603222091.7162545
409.0,124.0,74.0,1603222091.7471716,0.0009968280792236328,1603222091.7481685
410.0,124.0,74.0,1603222091.7800837,0.0,1603222091.7800837
411.0,124.0,74.0,1603222091.8095174,0.001995086669921875,1603222091.8115125
412.0,124.0,74.0,1603222091.8409395,0.0019941329956054688,1603222091.8429337
413.0,124.0,74.0,1603222091.8733633,0.0009958744049072266,1603222091.8743591
414.0,124.0,74.0,1603222091.9042833,0.0009930133819580078,1603222091.9052763
415.0,124.0,74.0,1603222091.9359229,0.0,1603222091.9359229
416.0,124.0,74.0,1603222091.9677582,0.0009970664978027344,1603222091.9687552
417.0,124.0,74.0,1603222091.9981914,0.0009963512420654297,1603222091.9991877
418.0,124.0,74.0,1603222092.030105,0.000997304916381836,1603222092.0311024
419.0,124.0,74.0,1603222092.0624366,0.0,1603222092.0624366
420.0,124.0,74.0,1603222092.09295,0.0019948482513427734,1603222092.094945
421.0,124.0,74.0,1603222092.1248727,0.0,1603222092.1248727
422.0,124.0,74.0,1603222092.154793,0.0009961128234863281,1603222092.1557891
423.0,124.0,74.0,1603222092.1854215,0.000997781753540039,1603222092.1864192
424.0,124.0,74.0,1603222092.2183352,0.0009987354278564453,1603222092.219334
425.0,124.0,74.0,1603222092.247257,0.001995563507080078,1603222092.2492526
426.0,124.0,74.0,1603222092.2781749,0.0009963512420654297,1603222092.2791712
427.0,124.0,74.0,1603222092.3082721,0.0009984970092773438,1603222092.3092706
428.0,124.0,74.0,1603222092.3391888,0.0009996891021728516,1603222092.3401885
429.0,124.0,74.0,1603222092.3711045,0.0,1603222092.3711045
430.0,124.0,74.0,1603222092.4010258,0.0009982585906982422,1603222092.402024
431.0,124.0,74.0,1603222092.430943,0.000997781753540039,1603222092.4319408
432.0,124.0,74.0,1603222092.4623678,0.0009963512420654297,1603222092.4633641
433.0,124.0,74.0,1603222092.495279,0.0009963512420654297,1603222092.4962754
434.0,124.0,74.0,1603222092.527195,0.000997304916381836,1603222092.5281923
435.0,124.0,74.0,1603222092.558112,0.0009975433349609375,1603222092.5591094
436.0,124.0,74.0,1603222092.5892718,0.0009949207305908203,1603222092.5902667
437.0,124.0,74.0,1603222092.621216,0.0009653568267822266,1603222092.6221814
438.0,124.0,74.0,1603222092.6530967,0.0009975433349609375,1603222092.6540942
439.0,124.0,74.0,1603222092.6861005,0.0009996891021728516,1603222092.6871002
440.0,124.0,74.0,1603222092.7170208,0.0009982585906982422,1603222092.718019
441.0,124.0,74.0,1603222092.7474556,0.000997304916381836,1603222092.748453
442.0,124.0,74.0,1603222092.778944,0.000997781753540039,1603222092.7799418
443.0,124.0,74.0,1603222092.8093705,0.0009980201721191406,1603222092.8103685
444.0,124.0,74.0,1603222092.842289,0.0009930133819580078,1603222092.843282
445.0,124.0,74.0,1603222092.8742003,0.000997781753540039,1603222092.8751981
446.0,124.0,74.0,1603222092.9041207,0.0009965896606445312,1603222092.9051173
447.0,124.0,74.0,1603222092.9350352,0.0009980201721191406,1603222092.9360332
448.0,124.0,74.0,1603222092.9665165,0.0,1603222092.9665165
449.0,124.0,74.0,1603222092.9979634,0.0,1603222092.9979634
450.0,124.0,74.0,1603222093.0289285,0.002000570297241211,1603222093.030929
451.0,124.0,74.0,1603222093.0593536,0.000997781753540039,1603222093.0603514
452.0,124.0,74.0,1603222093.0912702,0.0009980201721191406,1603222093.0922682
453.0,124.0,74.0,1603222093.1221879,0.0009963512420654297,1603222093.1231842
454.0,124.0,74.0,1603222093.1531055,0.0009989738464355469,1603222093.1541045
455.0,124.0,74.0,1603222093.1840286,0.0009984970092773438,1603222093.1850271
456.0,124.0,74.0,1603222093.2149599,0.0012829303741455078,1603222093.2162428
457.0,124.0,74.0,1603222093.246158,0.0009980201721191406,1603222093.247156
458.0,124.0,74.0,1603222093.2781603,0.0009887218475341797,1603222093.279149
459.0,124.0,74.0,1603222093.3091333,0.0009980201721191406,1603222093.3101313
460.0,124.0,74.0,1603222093.3405035,0.0015442371368408203,1603222093.3420477
461.0,124.0,74.0,1603222093.3720107,0.0009992122650146484,1603222093.37301
462.0,124.0,74.0,1603222093.403892,0.000997781753540039,1603222093.4048898
463.0,124.0,74.0,1603222093.4351408,0.0019943714141845703,1603222093.4371352
464.0,124.0,74.0,1603222093.4630628,0.001995086669921875,1603222093.4650578
465.0,124.0,74.0,1603222093.4929945,0.0009975433349609375,1603222093.493992
466.0,124.0,74.0,1603222093.5229137,0.0009989738464355469,1603222093.5239127
467.0,124.0,74.0,1603222093.5554907,0.000997781753540039,1603222093.5564885
468.0,124.0,74.0,1603222093.586051,0.000997781753540039,1603222093.5870488
469.0,124.0,74.0,1603222093.6179667,0.0009970664978027344,1603222093.6189637
470.0,124.0,74.0,1603222093.6493535,0.0,1603222093.6493535
471.0,124.0,74.0,1603222093.6799839,0.0009932518005371094,1603222093.680977
472.0,124.0,74.0,1603222093.7118948,0.0019953250885009766,1603222093.71389
473.0,124.0,74.0,1603222093.7423217,0.0009982585906982422,1603222093.74332
474.0,124.0,74.0,1603222093.7732399,0.0009968280792236328,1603222093.7742367
475.0,124.0,74.0,1603222093.805188,0.0009942054748535156,1603222093.8061821
476.0,124.0,74.0,1603222093.8361032,0.0009958744049072266,1603222093.837099
477.0,124.0,74.0,1603222093.8670201,0.001993417739868164,1603222093.8690135
478.0,124.0,74.0,1603222093.9000914,0.0009963512420654297,1603222093.9010878
479.0,124.0,74.0,1603222093.9290123,0.0009965896606445312,1603222093.930009
480.0,124.0,74.0,1603222093.9589326,0.0009965896606445312,1603222093.9599292
481.0,124.0,74.0,1603222093.9908469,0.0009970664978027344,1603222093.991844
482.0,124.0,74.0,1603222094.022762,0.0009975433349609375,1603222094.0237596
483.0,124.0,74.0,1603222094.0526812,0.0009982585906982422,1603222094.0536795
484.0,124.0,74.0,1603222094.0855958,0.0009961128234863281,1603222094.086592
485.0,124.0,74.0,1603222094.1165116,0.0019936561584472656,1603222094.1185052
486.0,124.0,74.0,1603222094.1484258,0.0,1603222094.1484258
487.0,124.0,74.0,1603222094.1793425,0.0009980201721191406,1603222094.1803405
488.0,124.0,74.0,1603222094.2112582,0.000997304916381836,1603222094.2122555
489.0,124.0,74.0,1603222094.242176,0.001993417739868164,1603222094.2441695
490.0,124.0,74.0,1603222094.2730968,0.0009927749633789062,1603222094.2740896
491.0,124.0,74.0,1603222094.3040123,0.0019922256469726562,1603222094.3060045
492.0,124.0,74.0,1603222094.3359246,0.0019979476928710938,1603222094.3379226
493.0,124.0,74.0,1603222094.368836,0.0009975433349609375,1603222094.3698335
494.0,124.0,74.0,1603222094.3992004,0.0009980201721191406,1603222094.4001985
495.0,124.0,74.0,1603222094.4311156,0.0009984970092773438,1603222094.4321141
496.0,124.0,74.0,1603222094.4620335,0.000997304916381836,1603222094.4630308
497.0,124.0,74.0,1603222094.4934592,0.0010004043579101562,1603222094.4944596
498.0,124.0,74.0,1603222094.522382,0.0019943714141845703,1603222094.5243764
499.0,124.0,74.0,1603222094.553299,0.0009984970092773438,1603222094.5542974
500.0,124.0,74.0,1603222094.5832193,0.0,1603222094.5832193
501.0,124.0,74.0,1603222094.61314,0.001007080078125,1603222094.6141472
502.0,124.0,74.0,1603222094.6435683,0.000997304916381836,1603222094.6445656
503.0,124.0,74.0,1603222094.6742618,0.0009713172912597656,1603222094.6752331
504.0,124.0,74.0,1603222094.7061503,0.0009980201721191406,1603222094.7071483
505.0,124.0,74.0,1603222094.737228,0.000993490219116211,1603222094.7382214
506.0,124.0,74.0,1603222094.7694314,0.0,1603222094.7694314
507.0,124.0,74.0,1603222094.800351,0.0019953250885009766,1603222094.8023462
508.0,124.0,74.0,1603222094.8322673,0.0019969940185546875,1603222094.8342643
509.0,124.0,74.0,1603222094.8642259,0.0009970664978027344,1603222094.865223
510.0,124.0,74.0,1603222094.8962016,0.001998424530029297,1603222094.8982
511.0,124.0,74.0,1603222094.9266598,0.0009672641754150391,1603222094.927627
512.0,124.0,74.0,1603222094.9585445,0.0009980201721191406,1603222094.9595425
513.0,124.0,74.0,1603222094.9904873,0.001001119613647461,1603222094.9914885
514.0,124.0,74.0,1603222095.0218332,0.0,1603222095.0218332
515.0,124.0,74.0,1603222095.0512614,0.001995086669921875,1603222095.0532565
516.0,124.0,74.0,1603222095.0822148,0.0009624958038330078,1603222095.0831773
517.0,124.0,74.0,1603222095.1126041,0.00099945068359375,1603222095.1136036
518.0,124.0,74.0,1603222095.1431444,0.0009987354278564453,1603222095.144143
519.0,124.0,74.0,1603222095.174147,0.0009965896606445312,1603222095.1751435
520.0,124.0,74.0,1603222095.2055738,0.001993417739868164,1603222095.2075672
521.0,124.0,74.0,1603222095.2365265,0.0009593963623046875,1603222095.237486
522.0,124.0,74.0,1603222095.2694545,0.0,1603222095.2694545
523.0,124.0,74.0,1603222095.3004053,0.0,1603222095.3004053
524.0,124.0,74.0,1603222095.330322,0.0009975433349609375,1603222095.3313196
525.0,124.0,74.0,1603222095.3622384,0.000997781753540039,1603222095.3632362
526.0,124.0,74.0,1603222095.3934526,0.0010013580322265625,1603222095.394454
527.0,124.0,74.0,1603222095.4255738,0.0,1603222095.4255738
528.0,124.0,74.0,1603222095.4554954,0.001992940902709961,1603222095.4574883
529.0,124.0,74.0,1603222095.4874094,0.000997781753540039,1603222095.4884071
530.0,124.0,74.0,1603222095.5193565,0.0009930133819580078,1603222095.5203495
531.0,124.0,74.0,1603222095.5494468,0.001995563507080078,1603222095.5514424
532.0,124.0,74.0,1603222095.5823605,0.000997781753540039,1603222095.5833583
533.0,124.0,74.0,1603222095.6132767,0.00099945068359375,1603222095.6142762
534.0,124.0,74.0,1603222095.644437,0.0009942054748535156,1603222095.6454313
535.0,124.0,74.0,1603222095.6755724,0.0009961128234863281,1603222095.6765685
536.0,124.0,74.0,1603222095.7064865,0.0009975433349609375,1603222095.707484
537.0,124.0,74.0,1603222095.7384005,0.0009980201721191406,1603222095.7393985
538.0,124.0,74.0,1603222095.7693362,0.000997304916381836,1603222095.7703335
539.0,124.0,74.0,1603222095.8004787,0.0009996891021728516,1603222095.8014784
540.0,124.0,74.0,1603222095.8323994,0.0009958744049072266,1603222095.8333952
541.0,124.0,74.0,1603222095.8633459,0.0009639263153076172,1603222095.8643098
542.0,124.0,74.0,1603222095.8958857,0.0009982585906982422,1603222095.896884
543.0,124.0,74.0,1603222095.9268956,0.0009963512420654297,1603222095.927892
544.0,124.0,74.0,1603222095.95832,0.0009965896606445312,1603222095.9593165
545.0,124.0,74.0,1603222095.9888043,0.0009975433349609375,1603222095.989802
546.0,124.0,74.0,1603222096.0202336,0.0009925365447998047,1603222096.0212262
547.0,124.0,74.0,1603222096.05141,0.0019371509552001953,1603222096.053347
548.0,124.0,74.0,1603222096.0827975,0.0009968280792236328,1603222096.0837944
549.0,124.0,74.0,1603222096.1142218,0.0009982585906982422,1603222096.11522
550.0,124.0,74.0,1603222096.144145,0.0009953975677490234,1603222096.1451404
551.0,124.0,74.0,1603222096.1743543,0.0019884109497070312,1603222096.1763427
552.0,124.0,74.0,1603222096.2062614,0.000997781753540039,1603222096.2072592
553.0,124.0,74.0,1603222096.2381997,0.0009944438934326172,1603222096.2391942
554.0,124.0,74.0,1603222096.2686226,0.000995635986328125,1603222096.2696183
555.0,124.0,74.0,1603222096.300113,0.0009961128234863281,1603222096.301109
556.0,124.0,74.0,1603222096.331542,0.000997781753540039,1603222096.3325398
557.0,124.0,74.0,1603222096.3644536,0.0009982585906982422,1603222096.3654518
558.0,124.0,74.0,1603222096.3953698,0.0009980201721191406,1603222096.3963678
559.0,124.0,74.0,1603222096.4282866,0.0,1603222096.4282866
560.0,124.0,74.0,1603222096.457206,0.0009970664978027344,1603222096.458203
561.0,124.0,74.0,1603222096.4901257,0.0009963512420654297,1603222096.491122
562.0,124.0,74.0,1603222096.5205636,0.0009984970092773438,1603222096.521562
563.0,124.0,74.0,1603222096.5524774,0.0009980201721191406,1603222096.5534754
564.0,124.0,74.0,1603222096.582397,0.000997781753540039,1603222096.5833948
565.0,124.0,74.0,1603222096.6143117,0.0009996891021728516,1603222096.6153114
566.0,124.0,74.0,1603222096.6472247,0.0009980201721191406,1603222096.6482227
567.0,124.0,74.0,1603222096.6767058,0.0009756088256835938,1603222096.6776814
568.0,124.0,74.0,1603222096.7061138,0.000997304916381836,1603222096.7071111
569.0,124.0,74.0,1603222096.7365394,0.000997304916381836,1603222096.7375367
570.0,124.0,74.0,1603222096.7694552,0.0009975433349609375,1603222096.7704527
571.0,124.0,74.0,1603222096.8013875,0.0009903907775878906,1603222096.802378
572.0,124.0,74.0,1603222096.8322997,0.0009951591491699219,1603222096.8332949
573.0,124.0,74.0,1603222096.862225,0.0009908676147460938,1603222096.863216
574.0,124.0,74.0,1603222096.8931396,0.0009980201721191406,1603222096.8941376
575.0,124.0,74.0,1603222096.9250796,0.0011761188507080078,1603222096.9262557
576.0,124.0,74.0,1603222096.9551725,0.0009982585906982422,1603222096.9561708
577.0,124.0,74.0,1603222096.9866035,0.0009906291961669922,1603222096.9875941
578.0,124.0,74.0,1603222097.0175142,0.000997781753540039,1603222097.018512
579.0,124.0,74.0,1603222097.0494287,0.0009980201721191406,1603222097.0504267
580.0,124.0,74.0,1603222097.0803483,0.0009984970092773438,1603222097.0813468
581.0,124.0,74.0,1603222097.1112652,0.0009980201721191406,1603222097.1122632
582.0,124.0,74.0,1603222097.1442473,0.0009965896606445312,1603222097.145244
583.0,124.0,74.0,1603222097.1751893,0.0009975433349609375,1603222097.1761868
584.0,124.0,74.0,1603222097.208109,0.000997781753540039,1603222097.2091067
585.0,124.0,74.0,1603222097.2371368,0.0009663105010986328,1603222097.2381032
586.0,124.0,74.0,1603222097.2675667,0.0009975433349609375,1603222097.2685642
587.0,124.0,74.0,1603222097.2991524,0.0010225772857666016,1603222097.300175
588.0,124.0,74.0,1603222097.3305774,0.0,1603222097.3305774
589.0,124.0,74.0,1603222097.361492,0.0009982585906982422,1603222097.3624902
590.0,124.0,74.0,1603222097.3936014,0.0010023117065429688,1603222097.3946037
591.0,124.0,74.0,1603222097.4244618,0.0009980201721191406,1603222097.4254599
592.0,124.0,74.0,1603222097.4563758,0.000997304916381836,1603222097.4573731
593.0,124.0,74.0,1603222097.4882908,0.0009968280792236328,1603222097.4892876
594.0,124.0,74.0,1603222097.5202057,0.0009992122650146484,1603222097.521205
595.0,124.0,74.0,1603222097.5504909,0.0010001659393310547,1603222097.551491
596.0,124.0,74.0,1603222097.582414,0.0009961128234863281,1603222097.58341
597.0,124.0,74.0,1603222097.6133249,0.0019958019256591797,1603222097.6153207
598.0,124.0,74.0,1603222097.6462379,0.0,1603222097.6462379
599.0,124.0,74.0,1603222097.6772382,0.0009980201721191406,1603222097.6782362
600.0,124.0,74.0,1603222097.7092175,0.000997781753540039,1603222097.7102153
601.0,124.0,74.0,1603222097.7401335,0.000997781753540039,1603222097.7411313
602.0,124.0,74.0,1603222097.7730455,0.0009975433349609375,1603222097.774043
603.0,124.0,74.0,1603222097.8035,0.0009975433349609375,1603222097.8044975
604.0,124.0,74.0,1603222097.8364341,0.0009982585906982422,1603222097.8374324
605.0,124.0,74.0,1603222097.868348,0.0,1603222097.868348
606.0,124.0,74.0,1603222097.8982685,0.0009975433349609375,1603222097.899266
607.0,124.0,74.0,1603222097.9302473,0.000997304916381836,1603222097.9312446
608.0,124.0,74.0,1603222097.9591703,0.0009970664978027344,1603222097.9601674
609.0,124.0,74.0,1603222097.9900877,0.0009975433349609375,1603222097.9910853
610.0,124.0,74.0,1603222098.022393,0.0009975433349609375,1603222098.0233905
611.0,124.0,74.0,1603222098.0534284,0.001039743423461914,1603222098.0544682
612.0,124.0,74.0,1603222098.0839522,0.001995086669921875,1603222098.0859473
613.0,124.0,74.0,1603222098.1153767,0.0009975433349609375,1603222098.1163743
614.0,124.0,74.0,1603222098.1472945,0.0009958744049072266,1603222098.1482904
615.0,124.0,74.0,1603222098.1782572,0.0009987354278564453,1603222098.179256
616.0,124.0,74.0,1603222098.2092607,0.0,1603222098.2092607
617.0,124.0,74.0,1603222098.2401774,0.0009961128234863281,1603222098.2411735
618.0,124.0,74.0,1603222098.271093,0.0009980201721191406,1603222098.272091
619.0,124.0,74.0,1603222098.3040814,0.0009944438934326172,1603222098.305076
620.0,124.0,74.0,1603222098.333269,0.0009980201721191406,1603222098.334267
621.0,124.0,74.0,1603222098.3661811,0.0009992122650146484,1603222098.3671803
622.0,124.0,74.0,1603222098.397099,0.0019941329956054688,1603222098.3990932
623.0,124.0,74.0,1603222098.429015,0.0,1603222098.429015
624.0,124.0,74.0,1603222098.4584777,0.0009970664978027344,1603222098.4594748
625.0,124.0,74.0,1603222098.4903927,0.0009987354278564453,1603222098.4913914
626.0,124.0,74.0,1603222098.5213091,0.0019953250885009766,1603222098.5233045
627.0,124.0,74.0,1603222098.5532267,0.0009953975677490234,1603222098.554222
628.0,124.0,74.0,1603222098.583253,0.0,1603222098.583253
629.0,124.0,74.0,1603222098.6141698,0.0009984970092773438,1603222098.6151683
630.0,124.0,74.0,1603222098.6440887,0.001996278762817383,1603222098.646085
631.0,124.0,74.0,1603222098.6760087,0.0009918212890625,1603222098.6770005
632.0,124.0,74.0,1603222098.7082748,0.0009984970092773438,1603222098.7092733
633.0,124.0,74.0,1603222098.7391903,0.000997781753540039,1603222098.7401881
634.0,124.0,74.0,1603222098.7721024,0.000997304916381836,1603222098.7730997
635.0,124.0,74.0,1603222098.8020227,0.0009968280792236328,1603222098.8030195
636.0,124.0,74.0,1603222098.833189,0.0019736289978027344,1603222098.8351626
637.0,124.0,74.0,1603222098.8651154,0.000965118408203125,1603222098.8660805
638.0,124.0,74.0,1603222098.8950045,0.0009968280792236328,1603222098.8960013
639.0,124.0,74.0,1603222098.9264355,0.0009980201721191406,1603222098.9274335
640.0,124.0,74.0,1603222098.9574807,0.0009999275207519531,1603222098.9584806
641.0,124.0,74.0,1603222098.988398,0.0009970664978027344,1603222098.9893951
642.0,124.0,74.0,1603222099.0193162,0.001996278762817383,1603222099.0213125
643.0,124.0,74.0,1603222099.0502331,0.000997781753540039,1603222099.051231
644.0,124.0,74.0,1603222099.0817373,0.0,1603222099.0817373
645.0,124.0,74.0,1603222099.1131628,0.0,1603222099.1131628
646.0,124.0,74.0,1603222099.1440792,0.0009980201721191406,1603222099.1450772
647.0,124.0,74.0,1603222099.1760375,0.0009965896606445312,1603222099.1770341
648.0,124.0,74.0,1603222099.206464,0.0009965896606445312,1603222099.2074606
649.0,124.0,74.0,1603222099.2384145,0.0019948482513427734,1603222099.2404094
650.0,124.0,74.0,1603222099.2683346,0.0029931068420410156,1603222099.2713277
651.0,124.0,74.0,1603222099.3005385,0.0009951591491699219,1603222099.3015337
652.0,124.0,74.0,1603222099.3334486,0.0,1603222099.3334486
653.0,124.0,74.0,1603222099.3633683,0.0009975433349609375,1603222099.3643658
654.0,124.0,74.0,1603222099.3952827,0.0009975433349609375,1603222099.3962803
655.0,124.0,74.0,1603222099.427243,0.0009970664978027344,1603222099.42824
656.0,124.0,74.0,1603222099.460314,0.0,1603222099.460314
657.0,124.0,74.0,1603222099.4902415,0.0009975433349609375,1603222099.491239
658.0,124.0,74.0,1603222099.5211954,0.0009598731994628906,1603222099.5221553
659.0,124.0,74.0,1603222099.551115,0.0009942054748535156,1603222099.5521092
660.0,124.0,74.0,1603222099.5825331,0.0009975433349609375,1603222099.5835307
661.0,124.0,74.0,1603222099.6144516,0.0019931793212890625,1603222099.6164448
662.0,124.0,74.0,1603222099.6453683,0.0020041465759277344,1603222099.6473725
663.0,124.0,74.0,1603222099.6783092,0.0009987354278564453,1603222099.679308
664.0,124.0,74.0,1603222099.7102253,0.0009992122650146484,1603222099.7112246
665.0,124.0,74.0,1603222099.741142,0.001001596450805664,1603222099.7421436
666.0,124.0,74.0,1603222099.7720904,0.0019638538360595703,1603222099.7740543
667.0,124.0,74.0,1603222099.8035464,0.0009975433349609375,1603222099.804544
668.0,124.0,74.0,1603222099.8364453,0.000997781753540039,1603222099.837443
669.0,124.0,74.0,1603222099.8673615,0.0019960403442382812,1603222099.8693576
670.0,124.0,74.0,1603222099.8985107,0.000997304916381836,1603222099.899508
671.0,124.0,74.0,1603222099.9284294,0.0009982585906982422,1603222099.9294276
672.0,124.0,74.0,1603222099.9604726,0.0,1603222099.9604726
673.0,124.0,74.0,1603222099.9913886,0.000997781753540039,1603222099.9923863
674.0,124.0,74.0,1603222100.0233037,0.0009970664978027344,1603222100.0243008
675.0,124.0,74.0,1603222100.0532458,0.0009763240814208984,1603222100.054222
676.0,124.0,74.0,1603222100.0842235,0.0009975433349609375,1603222100.085221
677.0,124.0,74.0,1603222100.1161625,0.0019927024841308594,1603222100.1181552
678.0,124.0,74.0,1603222100.1465933,0.0009925365447998047,1603222100.1475859
679.0,124.0,74.0,1603222100.1785052,0.000995635986328125,1603222100.1795008
680.0,124.0,74.0,1603222100.2083766,0.0009915828704833984,1603222100.2093682
681.0,124.0,74.0,1603222100.2392879,0.0009975433349609375,1603222100.2402854
682.0,124.0,74.0,1603222100.2712233,0.0009763240814208984,1603222100.2721996
683.0,124.0,74.0,1603222100.3031287,0.000997781753540039,1603222100.3041265
684.0,124.0,74.0,1603222100.334487,0.0009968280792236328,1603222100.3354838
685.0,124.0,74.0,1603222100.3672009,0.0009953975677490234,1603222100.3681962
686.0,124.0,74.0,1603222100.3961213,0.001994609832763672,1603222100.3981159
687.0,124.0,74.0,1603222100.4260414,0.0009970664978027344,1603222100.4270384
688.0,124.0,74.0,1603222100.456606,0.000993490219116211,1603222100.4575994
689.0,124.0,74.0,1603222100.4881132,0.0,1603222100.4881132
690.0,124.0,74.0,1603222100.517581,0.0019953250885009766,1603222100.5195763
691.0,124.0,74.0,1603222100.5504973,0.0009961128234863281,1603222100.5514934
692.0,124.0,74.0,1603222100.5824633,0.0009987354278564453,1603222100.583462
693.0,124.0,74.0,1603222100.613013,0.0009980201721191406,1603222100.614011
694.0,124.0,74.0,1603222100.6444426,0.0009968280792236328,1603222100.6454394
695.0,124.0,74.0,1603222100.675361,0.0019941329956054688,1603222100.677355
696.0,124.0,74.0,1603222100.707281,0.0009999275207519531,1603222100.708281
697.0,124.0,74.0,1603222100.737447,0.0009953975677490234,1603222100.7384424
698.0,124.0,74.0,1603222100.7693608,0.0009968280792236328,1603222100.7703576
699.0,124.0,74.0,1603222100.8002775,0.000997304916381836,1603222100.8012748
700.0,124.0,74.0,1603222100.8322177,0.0009970664978027344,1603222100.8332148
701.0,124.0,74.0,1603222100.8630998,0.0019960403442382812,1603222100.8650959
702.0,124.0,74.0,1603222100.8945682,0.0009989738464355469,1603222100.8955672
703.0,124.0,74.0,1603222100.9254832,0.0009982585906982422,1603222100.9264815
704.0,124.0,74.0,1603222100.957399,0.0009980201721191406,1603222100.958397
705.0,124.0,74.0,1603222100.9884963,0.0009930133819580078,1603222100.9894893
706.0,124.0,74.0,1603222101.020456,0.0009961128234863281,1603222101.0214522
707.0,124.0,74.0,1603222101.0523694,0.0019948482513427734,1603222101.0543642
708.0,124.0,74.0,1603222101.084284,0.0019953250885009766,1603222101.0862794
709.0,124.0,74.0,1603222101.1152382,0.0009927749633789062,1603222101.116231
710.0,124.0,74.0,1603222101.1462011,0.0009970664978027344,1603222101.1471982
711.0,124.0,74.0,1603222101.1781156,0.0009980201721191406,1603222101.1791136
712.0,124.0,74.0,1603222101.2070398,0.0009970664978027344,1603222101.208037
713.0,124.0,74.0,1603222101.2373781,0.0009932518005371094,1603222101.2383714
714.0,124.0,74.0,1603222101.2693133,0.000997304916381836,1603222101.2703106
715.0,124.0,74.0,1603222101.302227,0.0009968280792236328,1603222101.3032238
716.0,124.0,74.0,1603222101.3321457,0.000997781753540039,1603222101.3331435
717.0,124.0,74.0,1603222101.3630633,0.0009968280792236328,1603222101.3640602
718.0,124.0,74.0,1603222101.394005,0.0,1603222101.394005
719.0,124.0,74.0,1603222101.4249213,0.0009984970092773438,1603222101.4259198
720.0,124.0,74.0,1603222101.4573429,0.0,1603222101.4573429
721.0,124.0,74.0,1603222101.4882607,0.0009968280792236328,1603222101.4892576
722.0,124.0,74.0,1603222101.520278,0.0,1603222101.520278
723.0,124.0,74.0,1603222101.5511947,0.0019965171813964844,1603222101.5531912
724.0,124.0,74.0,1603222101.5821133,0.0009982585906982422,1603222101.5831115
725.0,124.0,74.0,1603222101.6120315,0.0009980201721191406,1603222101.6130295
726.0,124.0,74.0,1603222101.6424603,0.000997781753540039,1603222101.6434581
727.0,124.0,74.0,1603222101.6723802,0.0009984970092773438,1603222101.6733787
728.0,124.0,74.0,1603222101.703298,0.00099945068359375,1603222101.7042975
729.0,124.0,74.0,1603222101.7352276,0.000997781753540039,1603222101.7362254
730.0,124.0,74.0,1603222101.767173,0.0009682178497314453,1603222101.7681413
731.0,124.0,74.0,1603222101.7970636,0.000997781753540039,1603222101.7980614
732.0,124.0,74.0,1603222101.827498,0.0009975433349609375,1603222101.8284955
733.0,124.0,74.0,1603222101.8574214,0.000993967056274414,1603222101.8584154
734.0,124.0,74.0,1603222101.8893318,0.0009980201721191406,1603222101.8903298
735.0,124.0,74.0,1603222101.9212484,0.0009968280792236328,1603222101.9222453
736.0,124.0,74.0,1603222101.953206,0.0009970664978027344,1603222101.9542031
737.0,124.0,74.0,1603222101.9841223,0.0010116100311279297,1603222101.985134
738.0,124.0,74.0,1603222102.0160375,0.0,1603222102.0160375
739.0,124.0,74.0,1603222102.0479527,0.000997304916381836,1603222102.04895
740.0,124.0,74.0,1603222102.078381,0.0009963512420654297,1603222102.0793774
741.0,124.0,74.0,1603222102.1102934,0.0009984970092773438,1603222102.111292
742.0,124.0,74.0,1603222102.1402142,0.0019960403442382812,1603222102.1422102
743.0,124.0,74.0,1603222102.1721284,0.0009975433349609375,1603222102.173126
744.0,124.0,74.0,1603222102.2030725,0.0009965896606445312,1603222102.2040691
745.0,124.0,74.0,1603222102.2344906,0.0010006427764892578,1603222102.2354913
746.0,124.0,74.0,1603222102.265408,0.000997304916381836,1603222102.2664053
747.0,124.0,74.0,1603222102.296334,0.0009975433349609375,1603222102.2973316
748.0,124.0,74.0,1603222102.3282526,0.0009922981262207031,1603222102.3292449
749.0,124.0,74.0,1603222102.3608809,0.0009987354278564453,1603222102.3618796
750.0,124.0,74.0,1603222102.391123,0.0019969940185546875,1603222102.39312
751.0,124.0,74.0,1603222102.421045,0.000997781753540039,1603222102.4220428
752.0,124.0,74.0,1603222102.4534671,0.0,1603222102.4534671
753.0,124.0,74.0,1603222102.4842367,0.0009989738464355469,1603222102.4852357
754.0,124.0,74.0,1603222102.5151834,0.0009965896606445312,1603222102.51618
755.0,124.0,74.0,1603222102.5470994,0.0009965896606445312,1603222102.548096
756.0,124.0,74.0,1603222102.579012,0.0009980201721191406,1603222102.58001
757.0,124.0,74.0,1603222102.6084023,0.0009930133819580078,1603222102.6093953
758.0,124.0,74.0,1603222102.641311,0.0,1603222102.641311
759.0,124.0,74.0,1603222102.672227,0.001995086669921875,1603222102.674222
760.0,124.0,74.0,1603222102.7041433,0.000997781753540039,1603222102.705141
761.0,124.0,74.0,1603222102.7354882,0.001993894577026367,1603222102.737482
762.0,124.0,74.0,1603222102.7673216,0.0009911060333251953,1603222102.7683127
763.0,124.0,74.0,1603222102.7972422,0.000997781753540039,1603222102.79824
764.0,124.0,74.0,1603222102.8291903,0.0009949207305908203,1603222102.8301852
765.0,124.0,74.0,1603222102.8597867,0.0010008811950683594,1603222102.8607876
766.0,124.0,74.0,1603222102.8912258,0.0009942054748535156,1603222102.89222
767.0,124.0,74.0,1603222102.9231005,0.0009980201721191406,1603222102.9240985
768.0,124.0,74.0,1603222102.9550154,0.000997304916381836,1603222102.9560127
769.0,124.0,74.0,1603222102.9869921,0.0,1603222102.9869921
770.0,124.0,74.0,1603222103.0170166,0.0019931793212890625,1603222103.0190098
771.0,124.0,74.0,1603222103.0479312,0.000997304916381836,1603222103.0489285
772.0,124.0,74.0,1603222103.0783575,0.0009970664978027344,1603222103.0793545
773.0,124.0,74.0,1603222103.108867,0.000997781753540039,1603222103.1098647
774.0,124.0,74.0,1603222103.1418047,0.0009975433349609375,1603222103.1428022
775.0,124.0,74.0,1603222103.1712444,0.0009953975677490234,1603222103.1722398
776.0,124.0,74.0,1603222103.2031631,0.000997304916381836,1603222103.2041605
777.0,124.0,74.0,1603222103.2349515,0.000997781753540039,1603222103.2359493
778.0,124.0,74.0,1603222103.2669175,0.0009975433349609375,1603222103.267915
779.0,124.0,74.0,1603222103.2994547,0.0009937286376953125,1603222103.3004484
780.0,124.0,74.0,1603222103.3283746,0.000997304916381836,1603222103.329372
781.0,124.0,74.0,1603222103.3602896,0.000997781753540039,1603222103.3612874
782.0,124.0,74.0,1603222103.3922672,0.0009903907775878906,1603222103.3932576
783.0,124.0,74.0,1603222103.4233713,0.000997304916381836,1603222103.4243686
784.0,124.0,74.0,1603222103.4552836,0.0009975433349609375,1603222103.4562812
785.0,124.0,74.0,1603222103.4872057,0.000997304916381836,1603222103.488203
786.0,124.0,74.0,1603222103.518257,0.0010290145874023438,1603222103.519286
787.0,124.0,74.0,1603222103.5491753,0.0,1603222103.5491753
788.0,124.0,74.0,1603222103.5800908,0.000997781753540039,1603222103.5810885
789.0,124.0,74.0,1603222103.611016,0.000997304916381836,1603222103.6120133
790.0,124.0,74.0,1603222103.6419435,0.0009918212890625,1603222103.6429353
791.0,124.0,74.0,1603222103.6728787,0.0009968280792236328,1603222103.6738756
792.0,124.0,74.0,1603222103.7043092,0.0009975433349609375,1603222103.7053068
793.0,124.0,74.0,1603222103.7342353,0.0009911060333251953,1603222103.7352264
794.0,124.0,74.0,1603222103.7651455,0.0,1603222103.7651455
795.0,124.0,74.0,1603222103.796146,0.000993490219116211,1603222103.7971394
796.0,124.0,74.0,1603222103.8280623,0.0,1603222103.8280623
797.0,124.0,74.0,1603222103.8582413,0.0009968280792236328,1603222103.8592381
798.0,124.0,74.0,1603222103.8881602,0.0009982585906982422,1603222103.8891585
799.0,124.0,74.0,1603222103.9181356,0.0010249614715576172,1603222103.9191606
800.0,124.0,74.0,1603222103.9485517,0.0009937286376953125,1603222103.9495454
801.0,124.0,74.0,1603222103.9809718,0.0009961128234863281,1603222103.981968
802.0,124.0,74.0,1603222104.0126994,0.0015456676483154297,1603222104.014245
803.0,124.0,74.0,1603222104.042352,0.0009975433349609375,1603222104.0433495
804.0,124.0,74.0,1603222104.0739617,0.0009937286376953125,1603222104.0749555
805.0,124.0,74.0,1603222104.1048758,0.0009970664978027344,1603222104.1058729
806.0,124.0,74.0,1603222104.1343246,0.0009770393371582031,1603222104.1353016
807.0,124.0,74.0,1603222104.1652222,0.001993894577026367,1603222104.167216
808.0,124.0,74.0,1603222104.1971369,0.000997304916381836,1603222104.1981342
809.0,124.0,74.0,1603222104.2290516,0.000997781753540039,1603222104.2300494
810.0,124.0,74.0,1603222104.259968,0.0009982585906982422,1603222104.2609663
811.0,124.0,74.0,1603222104.2928815,0.0,1603222104.2928815
812.0,124.0,74.0,1603222104.3223193,0.0009975433349609375,1603222104.3233168
813.0,124.0,74.0,1603222104.3542335,0.0009965896606445312,1603222104.35523
814.0,124.0,74.0,1603222104.386152,0.0009944438934326172,1603222104.3871465
815.0,124.0,74.0,1603222104.4180627,0.0009980201721191406,1603222104.4190607
816.0,124.0,74.0,1603222104.448928,0.0009970664978027344,1603222104.4499252
817.0,124.0,74.0,1603222104.4809577,0.0019960403442382812,1603222104.4829538
818.0,124.0,74.0,1603222104.5128746,0.000997304916381836,1603222104.513872
819.0,124.0,74.0,1603222104.5447881,0.0009970664978027344,1603222104.5457852
820.0,124.0,74.0,1603222104.5769486,0.0009946823120117188,1603222104.5779433
821.0,124.0,74.0,1603222104.6062586,0.0009970664978027344,1603222104.6072557
822.0,124.0,74.0,1603222104.6381733,0.001995086669921875,1603222104.6401684
823.0,124.0,74.0,1603222104.6690907,0.0009982585906982422,1603222104.670089
824.0,124.0,74.0,1603222104.7010045,0.0009992122650146484,1603222104.7020037
825.0,124.0,74.0,1603222104.7309566,0.0009927749633789062,1603222104.7319493
826.0,124.0,74.0,1603222104.7618964,0.0019974708557128906,1603222104.7638938
827.0,124.0,74.0,1603222104.7928123,0.0009963512420654297,1603222104.7938087
828.0,124.0,74.0,1603222104.8232393,0.0009970664978027344,1603222104.8242364
829.0,124.0,74.0,1603222104.8546653,0.0,1603222104.8546653
830.0,124.0,74.0,1603222104.8864079,0.0,1603222104.8864079
831.0,124.0,74.0,1603222104.9163282,0.000997781753540039,1603222104.917326
832.0,124.0,74.0,1603222104.9462476,0.0009968280792236328,1603222104.9472444
833.0,124.0,74.0,1603222104.9774144,0.0009958744049072266,1603222104.9784102
834.0,124.0,74.0,1603222105.0083811,0.000997781753540039,1603222105.009379
835.0,124.0,74.0,1603222105.0383008,0.0009980201721191406,1603222105.0392988
836.0,124.0,74.0,1603222105.0682204,0.000997781753540039,1603222105.0692182
837.0,124.0,74.0,1603222105.100242,0.0009903907775878906,1603222105.1012323
838.0,124.0,74.0,1603222105.1313975,0.0009970664978027344,1603222105.1323946
839.0,124.0,74.0,1603222105.163316,0.0009944438934326172,1603222105.1643105
840.0,124.0,74.0,1603222105.1942294,0.0,1603222105.1942294
841.0,124.0,74.0,1603222105.2251465,0.0019948482513427734,1603222105.2271414
842.0,124.0,74.0,1603222105.2564354,0.0009970664978027344,1603222105.2574325
843.0,124.0,74.0,1603222105.2868633,0.0009980201721191406,1603222105.2878613
844.0,124.0,74.0,1603222105.3182917,0.0009963512420654297,1603222105.319288
845.0,124.0,74.0,1603222105.3502061,0.0009968280792236328,1603222105.351203
846.0,124.0,74.0,1603222105.3822696,0.0009975433349609375,1603222105.3832672
847.0,124.0,74.0,1603222105.4141867,0.0009992122650146484,1603222105.415186
848.0,124.0,74.0,1603222105.4461014,0.0009953975677490234,1603222105.4470968
849.0,124.0,74.0,1603222105.4764879,0.0005280971527099609,1603222105.477016
850.0,124.0,74.0,1603222105.5069358,0.0009982585906982422,1603222105.507934
851.0,124.0,74.0,1603222105.5373645,0.0009982585906982422,1603222105.5383627
852.0,124.0,74.0,1603222105.5692782,0.0009987354278564453,1603222105.570277
853.0,124.0,74.0,1603222105.600196,0.000997304916381836,1603222105.6011932
854.0,124.0,74.0,1603222105.6331096,0.0,1603222105.6331096
855.0,124.0,74.0,1603222105.6640255,0.0009982585906982422,1603222105.6650238
856.0,124.0,74.0,1603222105.6949468,0.0009965896606445312,1603222105.6959434
857.0,124.0,74.0,1603222105.7263699,0.0009980201721191406,1603222105.7273679
858.0,124.0,74.0,1603222105.7582855,0.0,1603222105.7582855
859.0,124.0,74.0,1603222105.7882056,0.0009975433349609375,1603222105.7892032
860.0,124.0,74.0,1603222105.820145,0.0009984970092773438,1603222105.8211434
861.0,124.0,74.0,1603222105.8500652,0.0009975433349609375,1603222105.8510628
862.0,124.0,74.0,1603222105.8809865,0.0019958019256591797,1603222105.8829823
863.0,124.0,74.0,1603222105.9124422,0.0009975433349609375,1603222105.9134398
864.0,124.0,74.0,1603222105.943359,0.0009984970092773438,1603222105.9443574
865.0,124.0,74.0,1603222105.9752734,0.001995086669921875,1603222105.9772685
866.0,124.0,74.0,1603222106.0061917,0.002991914749145508,1603222106.0091836
867.0,124.0,74.0,1603222106.0371084,0.0009982585906982422,1603222106.0381067
868.0,124.0,74.0,1603222106.0690243,0.0,1603222106.0690243
869.0,124.0,74.0,1603222106.0999405,0.0009984970092773438,1603222106.100939
870.0,124.0,74.0,1603222106.1298614,0.000997304916381836,1603222106.1308587
871.0,124.0,74.0,1603222106.1602936,0.000997781753540039,1603222106.1612914
872.0,124.0,74.0,1603222106.1922083,0.0009970664978027344,1603222106.1932054
873.0,124.0,74.0,1603222106.2241683,0.0009963512420654297,1603222106.2251647
874.0,124.0,74.0,1603222106.256081,0.0009987354278564453,1603222106.2570798
875.0,124.0,74.0,1603222106.2850132,0.0009961128234863281,1603222106.2860093
876.0,124.0,74.0,1603222106.3159297,0.0005137920379638672,1603222106.3164434
877.0,124.0,74.0,1603222106.346358,0.0019953250885009766,1603222106.3483534
878.0,124.0,74.0,1603222106.379288,0.0009975433349609375,1603222106.3802855
879.0,124.0,74.0,1603222106.4092078,0.0009980201721191406,1603222106.4102058
880.0,124.0,74.0,1603222106.4411535,0.000997304916381836,1603222106.4421508
881.0,124.0,74.0,1603222106.4730678,0.0009970664978027344,1603222106.4740648
882.0,124.0,74.0,1603222106.504254,0.0009984970092773438,1603222106.5052526
883.0,124.0,74.0,1603222106.5361693,0.0009965896606445312,1603222106.5371659
884.0,124.0,74.0,1603222106.568084,0.0009975433349609375,1603222106.5690815
885.0,124.0,74.0,1603222106.599998,0.0009980201721191406,1603222106.600996
886.0,124.0,74.0,1603222106.6313636,0.0009968280792236328,1603222106.6323605
887.0,124.0,74.0,1603222106.663278,0.000997781753540039,1603222106.664276
888.0,124.0,74.0,1603222106.6941953,0.0009975433349609375,1603222106.6951928
889.0,124.0,74.0,1603222106.7253652,0.0009965896606445312,1603222106.7263618
890.0,124.0,74.0,1603222106.7552862,0.0009970664978027344,1603222106.7562833
891.0,124.0,74.0,1603222106.7871993,0.000997304916381836,1603222106.7881966
892.0,124.0,74.0,1603222106.8191156,0.0009989738464355469,1603222106.8201146
893.0,124.0,74.0,1603222106.850033,0.000997781753540039,1603222106.8510308
894.0,124.0,74.0,1603222106.879953,0.0009965896606445312,1603222106.8809495
895.0,124.0,74.0,1603222106.909888,0.0009970664978027344,1603222106.910885
896.0,124.0,74.0,1603222106.939322,0.0009980201721191406,1603222106.94032
897.0,124.0,74.0,1603222106.971237,0.0009984970092773438,1603222106.9722354
898.0,124.0,74.0,1603222107.0021546,0.0009968280792236328,1603222107.0031514
899.0,124.0,74.0,1603222107.0331264,0.0019979476928710938,1603222107.0351243
900.0,124.0,74.0,1603222107.0640445,0.0009975433349609375,1603222107.065042
901.0,124.0,74.0,1603222107.0959592,0.000997781753540039,1603222107.096957
902.0,124.0,74.0,1603222107.127058,0.0,1603222107.127058
903.0,124.0,74.0,1603222107.1589217,0.0009942054748535156,1603222107.159916
904.0,124.0,74.0,1603222107.189347,0.0009951591491699219,1603222107.1903422
905.0,124.0,74.0,1603222107.2202635,0.0009970664978027344,1603222107.2212605
906.0,124.0,74.0,1603222107.2529693,0.0009965896606445312,1603222107.2539659
907.0,124.0,74.0,1603222107.2829137,0.0009982585906982422,1603222107.283912
908.0,124.0,74.0,1603222107.3138301,0.0009968280792236328,1603222107.314827
909.0,124.0,74.0,1603222107.344747,0.000997781753540039,1603222107.3457448
910.0,124.0,74.0,1603222107.377682,0.0009961128234863281,1603222107.378678
911.0,124.0,74.0,1603222107.4085982,0.0019974708557128906,1603222107.4105957
912.0,124.0,74.0,1603222107.4405136,0.0009963512420654297,1603222107.44151
913.0,124.0,74.0,1603222107.473425,0.0010383129119873047,1603222107.4744632
914.0,124.0,74.0,1603222107.5039527,0.0,1603222107.5039527
915.0,124.0,74.0,1603222107.533942,0.0009965896606445312,1603222107.5349386
916.0,124.0,74.0,1603222107.5638633,0.0009965896606445312,1603222107.5648599
917.0,124.0,74.0,1603222107.5957773,0.0009982585906982422,1603222107.5967755
918.0,124.0,74.0,1603222107.6286905,0.0,1603222107.6286905
919.0,124.0,74.0,1603222107.658506,0.000997304916381836,1603222107.6595032
920.0,124.0,74.0,1603222107.6899135,0.0009992122650146484,1603222107.6909127
921.0,124.0,74.0,1603222107.7208297,0.0009989738464355469,1603222107.7218287
922.0,124.0,74.0,1603222107.750753,0.0010020732879638672,1603222107.751755
923.0,124.0,74.0,1603222107.7799616,0.0009951591491699219,1603222107.7809567
924.0,124.0,74.0,1603222107.811894,0.0,1603222107.811894
925.0,124.0,74.0,1603222107.8423352,0.0009963512420654297,1603222107.8433316
926.0,124.0,74.0,1603222107.873287,0.0009632110595703125,1603222107.8742502
927.0,124.0,74.0,1603222107.9049652,0.0010173320770263672,1603222107.9059825
928.0,124.0,74.0,1603222107.936159,0.0009682178497314453,1603222107.937127
929.0,124.0,74.0,1603222107.9674308,0.0009982585906982422,1603222107.968429
930.0,124.0,74.0,1603222107.9993474,0.0009965896606445312,1603222108.000344
931.0,124.0,74.0,1603222108.0292666,0.0009975433349609375,1603222108.0302641
932.0,124.0,74.0,1603222108.0609365,0.0,1603222108.0609365
933.0,124.0,74.0,1603222108.091879,0.000997304916381836,1603222108.0928762
934.0,124.0,74.0,1603222108.124304,0.0,1603222108.124304
935.0,124.0,74.0,1603222108.1562188,0.0,1603222108.1562188
936.0,124.0,74.0,1603222108.186933,0.0009937286376953125,1603222108.1879268
937.0,124.0,74.0,1603222108.2189138,0.0009949207305908203,1603222108.2199087
938.0,124.0,74.0,1603222108.249343,0.0,1603222108.249343
939.0,124.0,74.0,1603222108.2792645,0.0009970664978027344,1603222108.2802615
940.0,124.0,74.0,1603222108.310181,0.0009975433349609375,1603222108.3111784
941.0,124.0,74.0,1603222108.3401003,0.0009982585906982422,1603222108.3410985
942.0,124.0,74.0,1603222108.3710167,0.000997781753540039,1603222108.3720145
943.0,124.0,74.0,1603222108.402932,0.0009970664978027344,1603222108.403929
944.0,124.0,74.0,1603222108.4338624,0.0009970664978027344,1603222108.4348595
945.0,124.0,74.0,1603222108.4647925,0.0009980201721191406,1603222108.4657905
946.0,124.0,74.0,1603222108.4972413,0.00099945068359375,1603222108.4982407
947.0,124.0,74.0,1603222108.52816,0.000997781753540039,1603222108.5291579
948.0,124.0,74.0,1603222108.5591059,0.0009980201721191406,1603222108.560104
949.0,124.0,74.0,1603222108.5898623,0.000989675521850586,1603222108.590852
950.0,124.0,74.0,1603222108.6205812,0.0019969940185546875,1603222108.6225781
951.0,124.0,74.0,1603222108.6530054,0.0009949207305908203,1603222108.6540003
952.0,124.0,74.0,1603222108.6829283,0.0009963512420654297,1603222108.6839247
953.0,124.0,74.0,1603222108.714457,0.0009968280792236328,1603222108.7154539
954.0,124.0,74.0,1603222108.7459683,0.0009932518005371094,1603222108.7469616
955.0,124.0,74.0,1603222108.7773933,0.0009968280792236328,1603222108.7783902
956.0,124.0,74.0,1603222108.8073478,0.0009636878967285156,1603222108.8083115
957.0,124.0,74.0,1603222108.8384776,0.0009968280792236328,1603222108.8394744
958.0,124.0,74.0,1603222108.869223,0.0,1603222108.869223
959.0,124.0,74.0,1603222108.9001412,0.0,1603222108.9001412
960.0,124.0,74.0,1603222108.930739,0.0009963512420654297,1603222108.9317353
961.0,124.0,74.0,1603222108.9621632,0.0009963512420654297,1603222108.9631596
962.0,124.0,74.0,1603222108.991947,0.0010008811950683594,1603222108.9929478
963.0,124.0,74.0,1603222109.0246882,0.0025157928466796875,1603222109.027204
964.0,124.0,74.0,1603222109.056126,0.0,1603222109.056126
965.0,124.0,74.0,1603222109.08807,0.0,1603222109.08807
966.0,124.0,74.0,1603222109.1185312,0.0009963512420654297,1603222109.1195276
967.0,124.0,74.0,1603222109.149174,0.0009937286376953125,1603222109.1501677
968.0,124.0,74.0,1603222109.180085,0.000997781753540039,1603222109.1810827
969.0,124.0,74.0,1603222109.2114937,0.0009984970092773438,1603222109.2124922
970.0,124.0,74.0,1603222109.244446,0.0009968280792236328,1603222109.2454429
971.0,124.0,74.0,1603222109.2765021,0.0009980201721191406,1603222109.2775002
972.0,124.0,74.0,1603222109.3054235,0.0009980201721191406,1603222109.3064215
973.0,124.0,74.0,1603222109.336341,0.0009982585906982422,1603222109.3373392
974.0,124.0,74.0,1603222109.365287,0.0029921531677246094,1603222109.3682792
975.0,124.0,74.0,1603222109.396204,0.0009982585906982422,1603222109.3972023
976.0,124.0,74.0,1603222109.429122,0.0,1603222109.429122
977.0,124.0,74.0,1603222109.459047,0.0009925365447998047,1603222109.4600396
978.0,124.0,74.0,1603222109.4901266,0.0,1603222109.4901266
979.0,124.0,74.0,1603222109.5215604,0.0009889602661132812,1603222109.5225494
980.0,124.0,74.0,1603222109.5534656,0.00099945068359375,1603222109.554465
981.0,124.0,74.0,1603222109.5823896,0.000997304916381836,1603222109.583387
982.0,124.0,74.0,1603222109.6133747,0.0,1603222109.6133747
983.0,124.0,74.0,1603222109.6429107,0.0009970664978027344,1603222109.6439078
984.0,124.0,74.0,1603222109.6742344,0.00099945068359375,1603222109.6752338
985.0,124.0,74.0,1603222109.7041535,0.0010001659393310547,1603222109.7051537
986.0,124.0,74.0,1603222109.7361379,0.0,1603222109.7361379
987.0,124.0,74.0,1603222109.7680767,0.0,1603222109.7680767
988.0,124.0,74.0,1603222109.7985017,0.000997781753540039,1603222109.7994995
989.0,124.0,74.0,1603222109.8292973,0.000997781753540039,1603222109.830295
990.0,124.0,74.0,1603222109.8612835,0.0009942054748535156,1603222109.8622777
991.0,124.0,74.0,1603222109.8932688,0.0010294914245605469,1603222109.8942983
992.0,124.0,74.0,1603222109.9241886,0.0010242462158203125,1603222109.9252129
993.0,124.0,74.0,1603222109.9551046,0.0009961128234863281,1603222109.9561007
994.0,124.0,74.0,1603222109.9855354,0.000997304916381836,1603222109.9865327
995.0,124.0,74.0,1603222110.0175087,0.0009951591491699219,1603222110.018504
996.0,124.0,74.0,1603222110.0485394,0.0009970664978027344,1603222110.0495365
997.0,124.0,74.0,1603222110.081479,0.0009963512420654297,1603222110.0824754
998.0,124.0,74.0,1603222110.1121824,0.0009942054748535156,1603222110.1131766
999.0,124.0,74.0,1603222110.144241,0.0009968280792236328,1603222110.145238
1000.0,124.0,74.0,1603222110.1742482,0.0010058879852294922,1603222110.175254
1001.0,124.0,74.0,1603222110.2064798,0.0009951591491699219,1603222110.207475
1002.0,124.0,74.0,1603222110.236399,0.000997304916381836,1603222110.2373962
1003.0,124.0,74.0,1603222110.2683134,0.000997304916381836,1603222110.2693107
1004.0,124.0,74.0,1603222110.2992296,0.0009975433349609375,1603222110.3002272
1005.0,124.0,74.0,1603222110.3291492,0.0019948482513427734,1603222110.331144
1006.0,124.0,74.0,1603222110.3611083,0.0009975433349609375,1603222110.3621058
1007.0,124.0,74.0,1603222110.3935318,0.0009949207305908203,1603222110.3945267
1008.0,124.0,74.0,1603222110.4234493,0.000997781753540039,1603222110.424447
1009.0,124.0,74.0,1603222110.4543676,0.0019943714141845703,1603222110.456362
1010.0,124.0,74.0,1603222110.4842865,0.0019953250885009766,1603222110.4862819
1011.0,124.0,74.0,1603222110.5152054,0.0009970664978027344,1603222110.5162024
1012.0,124.0,74.0,1603222110.5451243,0.0009968280792236328,1603222110.5461211
1013.0,124.0,74.0,1603222110.577039,0.0019948482513427734,1603222110.5790339
1014.0,124.0,74.0,1603222110.6089938,0.0009932518005371094,1603222110.609987
1015.0,124.0,74.0,1603222110.6409037,0.0009989738464355469,1603222110.6419027
1016.0,124.0,74.0,1603222110.672328,0.001994609832763672,1603222110.6743226
1017.0,124.0,74.0,1603222110.704244,0.0009968280792236328,1603222110.7052407
1018.0,124.0,74.0,1603222110.73516,0.0009975433349609375,1603222110.7361577
1019.0,124.0,74.0,1603222110.767075,0.0,1603222110.767075
1020.0,124.0,74.0,1603222110.7959976,0.0009975433349609375,1603222110.7969952
1021.0,124.0,74.0,1603222110.8274238,0.0009965896606445312,1603222110.8284204
1022.0,124.0,74.0,1603222110.8583403,0.0009965896606445312,1603222110.8593369
1023.0,124.0,74.0,1603222110.8902547,0.0009987354278564453,1603222110.8912535
1024.0,124.0,74.0,1603222110.9201746,0.0009975433349609375,1603222110.9211721
1025.0,124.0,74.0,1603222110.9511614,0.000997781753540039,1603222110.9521592
1026.0,124.0,74.0,1603222110.9820805,0.0009970664978027344,1603222110.9830775
1027.0,124.0,74.0,1603222111.0139933,0.00099945068359375,1603222111.0149927
1028.0,124.0,74.0,1603222111.0464346,0.0009827613830566406,1603222111.0474174
1029.0,124.0,74.0,1603222111.0763464,0.0009920597076416016,1603222111.0773385
1030.0,124.0,74.0,1603222111.1072578,0.0009963512420654297,1603222111.1082542
1031.0,124.0,74.0,1603222111.1391757,0.000997304916381836,1603222111.140173
1032.0,124.0,74.0,1603222111.1680963,0.001994609832763672,1603222111.170091
1033.0,124.0,74.0,1603222111.1990132,0.000997781753540039,1603222111.200011
1034.0,124.0,74.0,1603222111.2284443,0.0009975433349609375,1603222111.229442
1035.0,124.0,74.0,1603222111.2603576,0.0009982585906982422,1603222111.2613559
1036.0,124.0,74.0,1603222111.2923353,0.001997232437133789,1603222111.2943325
1037.0,124.0,74.0,1603222111.3232734,0.0011096000671386719,1603222111.324383
1038.0,124.0,74.0,1603222111.3532975,0.0009982585906982422,1603222111.3542957
1039.0,124.0,74.0,1603222111.3842146,0.0009980201721191406,1603222111.3852127
1040.0,124.0,74.0,1603222111.4161322,0.0009953975677490234,1603222111.4171276
1041.0,124.0,74.0,1603222111.4490414,0.0009984970092773438,1603222111.4500399
1042.0,124.0,74.0,1603222111.4789608,0.00099945068359375,1603222111.4799602
1043.0,124.0,74.0,1603222111.5109308,0.0009965896606445312,1603222111.5119274
1044.0,124.0,74.0,1603222111.541357,0.0009982585906982422,1603222111.5423553
1045.0,124.0,74.0,1603222111.5732713,0.0009992122650146484,1603222111.5742705
1046.0,124.0,74.0,1603222111.604188,0.0009980201721191406,1603222111.605186
1047.0,124.0,74.0,1603222111.6361034,0.0009982585906982422,1603222111.6371017
1048.0,124.0,74.0,1603222111.6680179,0.0009980201721191406,1603222111.669016
1049.0,124.0,74.0,1603222111.6999326,0.0,1603222111.6999326
1050.0,124.0,74.0,1603222111.730365,0.0009944438934326172,1603222111.7313595
1051.0,124.0,74.0,1603222111.7610652,0.0009980201721191406,1603222111.7620633
1052.0,124.0,74.0,1603222111.7937653,0.000997304916381836,1603222111.7947626
1053.0,124.0,74.0,1603222111.8250198,0.0009987354278564453,1603222111.8260186
1054.0,124.0,74.0,1603222111.8549442,0.0009975433349609375,1603222111.8559418
1055.0,124.0,74.0,1603222111.8868587,0.0009965896606445312,1603222111.8878553
1056.0,124.0,74.0,1603222111.9178228,0.001993894577026367,1603222111.9198167
1057.0,124.0,74.0,1603222111.9497867,0.0009968280792236328,1603222111.9507835
1058.0,124.0,74.0,1603222111.9797275,0.0009975433349609375,1603222111.980725
1059.0,124.0,74.0,1603222112.012663,0.0009975433349609375,1603222112.0136604
1060.0,124.0,74.0,1603222112.0426042,0.0009987354278564453,1603222112.043603
1061.0,124.0,74.0,1603222112.0716517,0.001994609832763672,1603222112.0736463
1062.0,124.0,74.0,1603222112.103567,0.0009975433349609375,1603222112.1045644
1063.0,124.0,74.0,1603222112.133521,0.0009617805480957031,1603222112.1344829
1064.0,124.0,74.0,1603222112.1644027,0.0009975433349609375,1603222112.1654003
1065.0,124.0,74.0,1603222112.1964867,0.0009937286376953125,1603222112.1974804
1066.0,124.0,74.0,1603222112.2293959,0.0,1603222112.2293959
1067.0,124.0,74.0,1603222112.2603126,0.0,1603222112.2603126
1068.0,124.0,74.0,1603222112.2914016,0.0009970664978027344,1603222112.2923987
1069.0,124.0,74.0,1603222112.3223176,0.000997304916381836,1603222112.323315
1070.0,124.0,74.0,1603222112.354233,0.0009984970092773438,1603222112.3552315
1071.0,124.0,74.0,1603222112.384184,0.0009660720825195312,1603222112.38515
1072.0,124.0,74.0,1603222112.4144733,0.0009965896606445312,1603222112.41547
1073.0,124.0,74.0,1603222112.4463885,0.0019941329956054688,1603222112.4483826
1074.0,124.0,74.0,1603222112.4793,0.000997304916381836,1603222112.4802973
1075.0,124.0,74.0,1603222112.5092196,0.000997304916381836,1603222112.510217
1076.0,124.0,74.0,1603222112.5404766,0.0,1603222112.5404766
1077.0,124.0,74.0,1603222112.571395,0.002991914749145508,1603222112.5743868
1078.0,124.0,74.0,1603222112.6023142,0.0019941329956054688,1603222112.6043084
1079.0,124.0,74.0,1603222112.6322317,0.0009980201721191406,1603222112.6332297
1080.0,124.0,74.0,1603222112.6621535,0.0009965896606445312,1603222112.66315
1081.0,124.0,74.0,1603222112.6920722,0.000997304916381836,1603222112.6930695
1082.0,124.0,74.0,1603222112.72345,0.0039899349212646484,1603222112.7274399
1083.0,124.0,74.0,1603222112.754409,0.0009968280792236328,1603222112.755406
1084.0,124.0,74.0,1603222112.7853248,0.0009975433349609375,1603222112.7863224
1085.0,124.0,74.0,1603222112.818237,0.0010008811950683594,1603222112.819238
1086.0,124.0,74.0,1603222112.8481941,0.000997304916381836,1603222112.8491914
1087.0,124.0,74.0,1603222112.88011,0.0009980201721191406,1603222112.881108
1088.0,124.0,74.0,1603222112.9110265,0.0009965896606445312,1603222112.912023
1089.0,124.0,74.0,1603222112.9429414,0.0009968280792236328,1603222112.9439383
1090.0,124.0,74.0,1603222112.9745011,0.000997781753540039,1603222112.975499
1091.0,124.0,74.0,1603222113.0054197,0.0009961128234863281,1603222113.0064158
1092.0,124.0,74.0,1603222113.03833,0.0009968280792236328,1603222113.039327
1093.0,124.0,74.0,1603222113.0682504,0.000997781753540039,1603222113.0692482
1094.0,124.0,74.0,1603222113.1001694,0.000997781753540039,1603222113.1011672
1095.0,124.0,74.0,1603222113.1330872,0.0009987354278564453,1603222113.134086
1096.0,124.0,74.0,1603222113.1643903,0.0009975433349609375,1603222113.1653879
1097.0,124.0,74.0,1603222113.1943128,0.0009953975677490234,1603222113.1953082
1098.0,124.0,74.0,1603222113.2242315,0.001994609832763672,1603222113.226226
1099.0,124.0,74.0,1603222113.2554898,0.001990795135498047,1603222113.2574806
1100.0,124.0,74.0,1603222113.2871373,0.0009982585906982422,1603222113.2881355
1101.0,124.0,74.0,1603222113.3175662,0.0019948482513427734,1603222113.319561
1102.0,124.0,74.0,1603222113.3494806,0.0019941329956054688,1603222113.3514748
1103.0,124.0,74.0,1603222113.381396,0.0009975433349609375,1603222113.3823936
1104.0,124.0,74.0,1603222113.414311,0.0009942054748535156,1603222113.4153051
1105.0,124.0,74.0,1603222113.4442272,0.0009968280792236328,1603222113.445224
1106.0,124.0,74.0,1603222113.4742393,0.0029909610748291016,1603222113.4772303
1107.0,124.0,74.0,1603222113.504159,0.0009975433349609375,1603222113.5051565
1108.0,124.0,74.0,1603222113.5330899,0.0019958019256591797,1603222113.5350857
1109.0,124.0,74.0,1603222113.5630069,0.001993894577026367,1603222113.5650008
1110.0,124.0,74.0,1603222113.5949204,0.0015120506286621094,1603222113.5964324
1111.0,124.0,74.0,1603222113.626345,0.0,1603222113.626345
1112.0,124.0,74.0,1603222113.656557,0.000997781753540039,1603222113.6575549
1113.0,124.0,74.0,1603222113.6874745,0.000997304916381836,1603222113.6884718
1114.0,124.0,74.0,1603222113.7203867,0.0009975433349609375,1603222113.7213843
1115.0,124.0,74.0,1603222113.749728,0.000997304916381836,1603222113.7507253
1116.0,124.0,74.0,1603222113.78215,0.0,1603222113.78215
1117.0,124.0,74.0,1603222113.8150618,0.0009965896606445312,1603222113.8160584
1118.0,124.0,74.0,1603222113.8444965,0.001993417739868164,1603222113.84649
1119.0,124.0,74.0,1603222113.8764136,0.0009951591491699219,1603222113.8774087
1120.0,124.0,74.0,1603222113.9043353,0.0009975433349609375,1603222113.9053328
1121.0,124.0,74.0,1603222113.9362512,0.0,1603222113.9362512
1122.0,124.0,74.0,1603222113.96617,0.0009980201721191406,1603222113.967168
1123.0,124.0,74.0,1603222113.9980903,0.001994609832763672,1603222114.0000849
1124.0,124.0,74.0,1603222114.0289695,0.0005445480346679688,1603222114.029514
1125.0,124.0,74.0,1603222114.058453,0.0009975433349609375,1603222114.0594506
1126.0,124.0,74.0,1603222114.090369,0.0009968280792236328,1603222114.0913658
1127.0,124.0,74.0,1603222114.1212852,0.0010433197021484375,1603222114.1223285
1128.0,124.0,74.0,1603222114.1532001,0.0009970664978027344,1603222114.1541972
1129.0,124.0,74.0,1603222114.185166,0.0009794235229492188,1603222114.1861453
1130.0,124.0,74.0,1603222114.2190552,0.000997304916381836,1603222114.2200525
1131.0,124.0,74.0,1603222114.2494853,0.000995635986328125,1603222114.250481
1132.0,124.0,74.0,1603222114.2794347,0.0010004043579101562,1603222114.280435
1133.0,124.0,74.0,1603222114.310891,0.0012760162353515625,1603222114.312167
1134.0,124.0,74.0,1603222114.3430877,0.0009980201721191406,1603222114.3440857
1135.0,124.0,74.0,1603222114.373035,0.0009970664978027344,1603222114.374032
