seq,send_timestamp,out_size_b,recv_timestamp,in_size_b
0.0,1603142183.5066571,122.0,1603142183.5165982,72.0
1.0,1603142183.5267026,122.0,1603142183.5267026,72.0
2.0,1603142183.566293,122.0,1603142183.566293,72.0
3.0,1603142183.606555,122.0,1603142183.606555,72.0
4.0,1603142183.646659,122.0,1603142183.646659,72.0
5.0,1603142183.6864645,122.0,1603142183.6864645,72.0
6.0,1603142183.7262802,122.0,1603142183.7262802,72.0
7.0,1603142183.7664728,122.0,1603142183.7664728,72.0
8.0,1603142183.8064423,122.0,1603142183.8064423,72.0
9.0,1603142183.8462517,122.0,1603142183.8462517,72.0
10.0,1603142183.8867738,122.0,1603142183.8877888,72.0
11.0,1603142183.9264464,122.0,1603142183.9264464,72.0
12.0,1603142183.961619,122.0,1603142183.961619,72.0
13.0,1603142184.006676,122.0,1603142184.006676,72.0
14.0,1603142184.046384,122.0,1603142184.046384,72.0
15.0,1603142184.0863194,122.0,1603142184.0863194,72.0
16.0,1603142184.126525,122.0,1603142184.127536,72.0
17.0,1603142184.1666613,122.0,1603142184.1666613,72.0
18.0,1603142184.2066503,122.0,1603142184.2066503,72.0
19.0,1603142184.246661,122.0,1603142184.246661,72.0
20.0,1603142184.2866387,122.0,1603142184.2866387,72.0
21.0,1603142184.3266103,122.0,1603142184.3266103,72.0
22.0,1603142184.3666358,122.0,1603142184.3666358,72.0
23.0,1603142184.4065804,122.0,1603142184.4065804,72.0
24.0,1603142184.4463882,122.0,1603142184.4463882,72.0
25.0,1603142184.4863832,122.0,1603142184.4863832,72.0
26.0,1603142184.5264661,122.0,1603142184.5264661,72.0
27.0,1603142184.5665662,122.0,1603142184.5665662,72.0
28.0,1603142184.6067424,122.0,1603142184.6067424,72.0
29.0,1603142184.6466763,122.0,1603142184.6466763,72.0
30.0,1603142184.6862605,122.0,1603142184.6862605,72.0
31.0,1603142184.726204,122.0,1603142184.726204,72.0
32.0,1603142184.7620726,122.0,1603142184.76307,72.0
33.0,1603142184.8065245,122.0,1603142184.8065245,72.0
34.0,1603142184.846333,122.0,1603142184.846333,72.0
35.0,1603142184.8865192,122.0,1603142184.8865192,72.0
36.0,1603142184.9266255,122.0,1603142184.9266255,72.0
37.0,1603142184.9667046,122.0,1603142184.9667046,72.0
38.0,1603142185.0068154,122.0,1603142185.0088134,72.0
39.0,1603142185.0465164,122.0,1603142185.0465164,72.0
40.0,1603142185.0864017,122.0,1603142185.0864017,72.0
41.0,1603142185.1266606,122.0,1603142185.1266606,72.0
42.0,1603142185.1663835,122.0,1603142185.1663835,72.0
43.0,1603142185.2062259,122.0,1603142185.2062259,72.0
44.0,1603142185.2466836,122.0,1603142185.2466836,72.0
45.0,1603142185.2865582,122.0,1603142185.2865582,72.0
46.0,1603142185.3262453,122.0,1603142185.3262453,72.0
47.0,1603142185.3664842,122.0,1603142185.3664842,72.0
48.0,1603142185.4063208,122.0,1603142185.4063208,72.0
49.0,1603142185.4465365,122.0,1603142185.4465365,72.0
50.0,1603142185.486642,122.0,1603142185.486642,72.0
51.0,1603142185.5267532,122.0,1603142185.5267532,72.0
52.0,1603142185.566304,122.0,1603142185.566304,72.0
53.0,1603142185.6066744,122.0,1603142185.6066744,72.0
54.0,1603142185.6462665,122.0,1603142185.6462665,72.0
55.0,1603142185.6864557,122.0,1603142185.6864557,72.0
56.0,1603142185.7266855,122.0,1603142185.7266855,72.0
57.0,1603142185.7664402,122.0,1603142185.7664402,72.0
58.0,1603142185.806489,122.0,1603142185.806489,72.0
59.0,1603142185.846407,122.0,1603142185.846407,72.0
60.0,1603142185.8865705,122.0,1603142185.8865705,72.0
61.0,1603142185.9262848,122.0,1603142185.9262848,72.0
62.0,1603142185.9663634,122.0,1603142185.9663634,72.0
63.0,1603142186.0062242,122.0,1603142186.0062242,72.0
64.0,1603142186.0464382,122.0,1603142186.0464382,72.0
65.0,1603142186.0864122,122.0,1603142186.0864122,72.0
66.0,1603142186.1216497,122.0,1603142186.1216497,72.0
67.0,1603142186.156327,122.0,1603142186.156327,72.0
68.0,1603142186.1916544,122.0,1603142186.1916544,72.0
69.0,1603142186.2365434,122.0,1603142186.2380598,72.0
70.0,1603142186.2765582,122.0,1603142186.2765582,72.0
71.0,1603142186.3166838,122.0,1603142186.3166838,72.0
72.0,1603142186.3566072,122.0,1603142186.3566072,72.0
73.0,1603142186.396334,122.0,1603142186.396334,72.0
74.0,1603142186.4365532,122.0,1603142186.4380665,72.0
75.0,1603142186.4766018,122.0,1603142186.4766018,72.0
76.0,1603142186.5166464,122.0,1603142186.5166464,72.0
77.0,1603142186.5516427,122.0,1603142186.5516427,72.0
78.0,1603142186.5915914,122.0,1603142186.5915914,72.0
79.0,1603142186.6362724,122.0,1603142186.6362724,72.0
80.0,1603142186.6767216,122.0,1603142186.6767216,72.0
81.0,1603142186.716724,122.0,1603142186.716724,72.0
82.0,1603142186.7515478,122.0,1603142186.7515478,72.0
83.0,1603142186.7866693,122.0,1603142186.7866693,72.0
84.0,1603142186.8265398,122.0,1603142186.8265398,72.0
85.0,1603142186.866433,122.0,1603142186.866433,72.0
86.0,1603142186.906254,122.0,1603142186.906254,72.0
87.0,1603142186.946517,122.0,1603142186.946517,72.0
88.0,1603142186.986552,122.0,1603142186.986552,72.0
89.0,1603142187.027105,122.0,1603142187.0281186,72.0
90.0,1603142187.066682,122.0,1603142187.066682,72.0
91.0,1603142187.106444,122.0,1603142187.106444,72.0
92.0,1603142187.1465108,122.0,1603142187.1465108,72.0
93.0,1603142187.1814582,122.0,1603142187.1814582,72.0
94.0,1603142187.2163568,122.0,1603142187.2163568,72.0
95.0,1603142187.2566772,122.0,1603142187.2566772,72.0
96.0,1603142187.2913392,122.0,1603142187.2913392,72.0
97.0,1603142187.3263416,122.0,1603142187.3263416,72.0
98.0,1603142187.3664691,122.0,1603142187.3664691,72.0
99.0,1603142187.4066918,122.0,1603142187.4066918,72.0
100.0,1603142187.4466286,122.0,1603142187.4466286,72.0
101.0,1603142187.4865115,122.0,1603142187.4865115,72.0
102.0,1603142187.5265937,122.0,1603142187.5265937,72.0
103.0,1603142187.5663912,122.0,1603142187.5663912,72.0
104.0,1603142187.6062312,122.0,1603142187.6062312,72.0
105.0,1603142187.6467228,122.0,1603142187.6467228,72.0
106.0,1603142187.6862824,122.0,1603142187.6862824,72.0
107.0,1603142187.72627,122.0,1603142187.72627,72.0
108.0,1603142187.7663643,122.0,1603142187.7663643,72.0
109.0,1603142187.8063934,122.0,1603142187.8063934,72.0
110.0,1603142187.8466132,122.0,1603142187.8466132,72.0
111.0,1603142187.8864424,122.0,1603142187.8864424,72.0
112.0,1603142187.926681,122.0,1603142187.926681,72.0
113.0,1603142187.9665263,122.0,1603142187.967536,72.0
114.0,1603142188.006598,122.0,1603142188.006598,72.0
115.0,1603142188.0467763,122.0,1603142188.0467763,72.0
116.0,1603142188.0864668,122.0,1603142188.0864668,72.0
117.0,1603142188.1262925,122.0,1603142188.127302,72.0
118.0,1603142188.166333,122.0,1603142188.166333,72.0
119.0,1603142188.2067401,122.0,1603142188.2077672,72.0
120.0,1603142188.2466085,122.0,1603142188.2466085,72.0
121.0,1603142188.28672,122.0,1603142188.28672,72.0
122.0,1603142188.3262641,122.0,1603142188.3262641,72.0
123.0,1603142188.366651,122.0,1603142188.366651,72.0
124.0,1603142188.406361,122.0,1603142188.406361,72.0
125.0,1603142188.4462435,122.0,1603142188.4462435,72.0
126.0,1603142188.4864743,122.0,1603142188.4864743,72.0
127.0,1603142188.5265024,122.0,1603142188.5265024,72.0
128.0,1603142188.5665405,123.0,1603142188.5665405,73.0
129.0,1603142188.6066184,123.0,1603142188.6066184,73.0
130.0,1603142188.6466827,123.0,1603142188.6466827,73.0
131.0,1603142188.6862803,123.0,1603142188.6862803,73.0
132.0,1603142188.72624,123.0,1603142188.72624,73.0
133.0,1603142188.766632,123.0,1603142188.766632,73.0
134.0,1603142188.806585,123.0,1603142188.806585,73.0
135.0,1603142188.846682,123.0,1603142188.846682,73.0
136.0,1603142188.886431,123.0,1603142188.886431,73.0
137.0,1603142188.9262578,123.0,1603142188.9262578,73.0
138.0,1603142188.9666378,123.0,1603142188.9666378,73.0
139.0,1603142189.0065563,123.0,1603142189.0065563,73.0
140.0,1603142189.0467732,123.0,1603142189.0467732,73.0
141.0,1603142189.0862856,123.0,1603142189.0862856,73.0
142.0,1603142189.1262808,123.0,1603142189.1262808,73.0
143.0,1603142189.1665354,123.0,1603142189.1665354,73.0
144.0,1603142189.2067184,123.0,1603142189.2067184,73.0
145.0,1603142189.246283,123.0,1603142189.246283,73.0
146.0,1603142189.2865396,123.0,1603142189.2865396,73.0
147.0,1603142189.3266485,123.0,1603142189.3276572,73.0
148.0,1603142189.3664773,123.0,1603142189.3664773,73.0
149.0,1603142189.4066103,123.0,1603142189.4066103,73.0
150.0,1603142189.4465692,123.0,1603142189.4465692,73.0
151.0,1603142189.4866967,123.0,1603142189.4866967,73.0
152.0,1603142189.526211,123.0,1603142189.526211,73.0
153.0,1603142189.5664499,123.0,1603142189.5664499,73.0
154.0,1603142189.606609,123.0,1603142189.606609,73.0
155.0,1603142189.6465926,123.0,1603142189.6465926,73.0
156.0,1603142189.686386,123.0,1603142189.686386,73.0
157.0,1603142189.7262244,123.0,1603142189.7262244,73.0
158.0,1603142189.7666085,123.0,1603142189.7666085,73.0
159.0,1603142189.806506,123.0,1603142189.806506,73.0
160.0,1603142189.8464868,123.0,1603142189.8464868,73.0
161.0,1603142189.8863592,123.0,1603142189.8863592,73.0
162.0,1603142189.9262145,123.0,1603142189.9262145,73.0
163.0,1603142189.9664333,123.0,1603142189.9664333,73.0
164.0,1603142190.006468,123.0,1603142190.006468,73.0
165.0,1603142190.0468209,123.0,1603142190.0468209,73.0
166.0,1603142190.0864952,123.0,1603142190.0864952,73.0
167.0,1603142190.1264362,123.0,1603142190.1264362,73.0
168.0,1603142190.166701,123.0,1603142190.166701,73.0
169.0,1603142190.2064013,123.0,1603142190.2064013,73.0
170.0,1603142190.246655,123.0,1603142190.246655,73.0
171.0,1603142190.2865188,123.0,1603142190.2865188,73.0
172.0,1603142190.3265133,123.0,1603142190.3265133,73.0
173.0,1603142190.3664448,123.0,1603142190.3664448,73.0
174.0,1603142190.406217,123.0,1603142190.406217,73.0
175.0,1603142190.446652,123.0,1603142190.446652,73.0
176.0,1603142190.4864104,123.0,1603142190.4864104,73.0
177.0,1603142190.5262094,123.0,1603142190.5262094,73.0
178.0,1603142190.5663054,123.0,1603142190.5663054,73.0
179.0,1603142190.606406,123.0,1603142190.606406,73.0
180.0,1603142190.6465743,123.0,1603142190.6465743,73.0
181.0,1603142190.68635,123.0,1603142190.6878667,73.0
182.0,1603142190.7262483,123.0,1603142190.7262483,73.0
183.0,1603142190.7665539,123.0,1603142190.7665539,73.0
184.0,1603142190.8065512,123.0,1603142190.8065512,73.0
185.0,1603142190.8467016,123.0,1603142190.8467016,73.0
186.0,1603142190.8864355,123.0,1603142190.8864355,73.0
187.0,1603142190.926431,123.0,1603142190.926431,73.0
188.0,1603142190.966465,123.0,1603142190.966465,73.0
189.0,1603142191.0062752,123.0,1603142191.0062752,73.0
190.0,1603142191.0465326,123.0,1603142191.0465326,73.0
191.0,1603142191.0865872,123.0,1603142191.0865872,73.0
192.0,1603142191.1263359,123.0,1603142191.1263359,73.0
193.0,1603142191.1665242,123.0,1603142191.1665242,73.0
194.0,1603142191.2066646,123.0,1603142191.2066646,73.0
195.0,1603142191.2467108,123.0,1603142191.2477446,73.0
196.0,1603142191.2863798,123.0,1603142191.2863798,73.0
197.0,1603142191.326473,123.0,1603142191.326473,73.0
198.0,1603142191.3665738,123.0,1603142191.3665738,73.0
199.0,1603142191.4062784,123.0,1603142191.4062784,73.0
200.0,1603142191.4465618,123.0,1603142191.4465618,73.0
201.0,1603142191.4862883,123.0,1603142191.4862883,73.0
202.0,1603142191.5264783,123.0,1603142191.5264783,73.0
203.0,1603142191.5667112,123.0,1603142191.5678267,73.0
204.0,1603142191.6062312,123.0,1603142191.6062312,73.0
205.0,1603142191.6417916,123.0,1603142191.6417916,73.0
206.0,1603142191.6863961,123.0,1603142191.6863961,73.0
207.0,1603142191.726334,123.0,1603142191.726334,73.0
208.0,1603142191.7665727,123.0,1603142191.7665727,73.0
209.0,1603142191.8067021,123.0,1603142191.8067021,73.0
210.0,1603142191.841783,123.0,1603142191.841783,73.0
211.0,1603142191.8862634,123.0,1603142191.8862634,73.0
212.0,1603142191.9262614,123.0,1603142191.9262614,73.0
213.0,1603142191.96635,123.0,1603142191.96635,73.0
214.0,1603142192.006605,123.0,1603142192.006605,73.0
215.0,1603142192.0419185,123.0,1603142192.0429316,73.0
216.0,1603142192.086419,123.0,1603142192.086419,73.0
217.0,1603142192.126267,123.0,1603142192.126267,73.0
218.0,1603142192.166388,123.0,1603142192.166388,73.0
219.0,1603142192.2065108,123.0,1603142192.2065108,73.0
220.0,1603142192.242081,123.0,1603142192.242081,73.0
221.0,1603142192.286642,123.0,1603142192.286642,73.0
222.0,1603142192.3265324,123.0,1603142192.3265324,73.0
223.0,1603142192.3664293,123.0,1603142192.3664293,73.0
224.0,1603142192.4065397,123.0,1603142192.4065397,73.0
225.0,1603142192.4419901,123.0,1603142192.4419901,73.0
226.0,1603142192.4866147,123.0,1603142192.4866147,73.0
227.0,1603142192.5262418,123.0,1603142192.5262418,73.0
228.0,1603142192.5667334,123.0,1603142192.5667334,73.0
229.0,1603142192.6065586,123.0,1603142192.6065586,73.0
230.0,1603142192.6420224,123.0,1603142192.6420224,73.0
231.0,1603142192.6863308,123.0,1603142192.6863308,73.0
232.0,1603142192.7265491,123.0,1603142192.7265491,73.0
233.0,1603142192.766242,123.0,1603142192.766242,73.0
234.0,1603142192.8065293,123.0,1603142192.8065293,73.0
235.0,1603142192.8422077,123.0,1603142192.8422077,73.0
236.0,1603142192.8864741,123.0,1603142192.8864741,73.0
237.0,1603142192.9262872,123.0,1603142192.9262872,73.0
238.0,1603142192.966293,123.0,1603142192.9673061,73.0
239.0,1603142193.0065227,123.0,1603142193.0065227,73.0
240.0,1603142193.0425646,123.0,1603142193.0425646,73.0
241.0,1603142193.0863159,123.0,1603142193.0863159,73.0
242.0,1603142193.1262739,123.0,1603142193.1262739,73.0
243.0,1603142193.1664732,123.0,1603142193.1664732,73.0
244.0,1603142193.206409,123.0,1603142193.206409,73.0
245.0,1603142193.2423332,123.0,1603142193.2423332,73.0
246.0,1603142193.2863686,123.0,1603142193.2863686,73.0
247.0,1603142193.326624,123.0,1603142193.326624,73.0
248.0,1603142193.3662217,123.0,1603142193.3662217,73.0
249.0,1603142193.4065843,123.0,1603142193.4075947,73.0
250.0,1603142193.4421005,123.0,1603142193.4421005,73.0
251.0,1603142193.4863024,123.0,1603142193.4863024,73.0
252.0,1603142193.5269506,123.0,1603142193.5279644,73.0
253.0,1603142193.5666275,123.0,1603142193.5666275,73.0
254.0,1603142193.6062667,123.0,1603142193.6062667,73.0
255.0,1603142193.6419663,123.0,1603142193.6419663,73.0
256.0,1603142193.686333,124.0,1603142193.686333,74.0
257.0,1603142193.7261999,124.0,1603142193.7261999,74.0
258.0,1603142193.766586,124.0,1603142193.766586,74.0
259.0,1603142193.8066292,124.0,1603142193.8066292,74.0
260.0,1603142193.8421469,124.0,1603142193.8421469,74.0
261.0,1603142193.8862643,124.0,1603142193.8862643,74.0
262.0,1603142193.9263685,124.0,1603142193.9263685,74.0
263.0,1603142193.9567273,124.0,1603142193.9567273,74.0
264.0,1603142193.99639,124.0,1603142193.99639,74.0
265.0,1603142194.0367658,124.0,1603142194.037777,74.0
266.0,1603142194.0766006,124.0,1603142194.0766006,74.0
267.0,1603142194.1165192,124.0,1603142194.1165192,74.0
268.0,1603142194.15163,124.0,1603142194.15163,74.0
269.0,1603142194.1912649,124.0,1603142194.1912649,74.0
270.0,1603142194.236618,124.0,1603142194.236618,74.0
271.0,1603142194.2766829,124.0,1603142194.2766829,74.0
272.0,1603142194.3163967,124.0,1603142194.3163967,74.0
273.0,1603142194.3566697,124.0,1603142194.3566697,74.0
274.0,1603142194.3964982,124.0,1603142194.3964982,74.0
275.0,1603142194.4364347,124.0,1603142194.4364347,74.0
276.0,1603142194.476267,124.0,1603142194.476267,74.0
277.0,1603142194.5167046,124.0,1603142194.5167046,74.0
278.0,1603142194.5566857,124.0,1603142194.5576997,74.0
279.0,1603142194.5963438,124.0,1603142194.5963438,74.0
280.0,1603142194.6364875,124.0,1603142194.6364875,74.0
281.0,1603142194.676264,124.0,1603142194.676264,74.0
282.0,1603142194.711562,124.0,1603142194.711562,74.0
283.0,1603142194.7565494,124.0,1603142194.7565494,74.0
284.0,1603142194.7965047,124.0,1603142194.7965047,74.0
285.0,1603142194.836431,124.0,1603142194.836431,74.0
286.0,1603142194.876637,124.0,1603142194.876637,74.0
287.0,1603142194.9167376,124.0,1603142194.9167376,74.0
288.0,1603142194.95651,124.0,1603142194.95651,74.0
289.0,1603142194.996397,124.0,1603142194.9977531,74.0
290.0,1603142195.0365524,124.0,1603142195.0375621,74.0
291.0,1603142195.07657,124.0,1603142195.07657,74.0
292.0,1603142195.1163702,124.0,1603142195.1163702,74.0
293.0,1603142195.1566854,124.0,1603142195.1566854,74.0
294.0,1603142195.196262,124.0,1603142195.196262,74.0
295.0,1603142195.2365186,124.0,1603142195.2365186,74.0
296.0,1603142195.2764926,124.0,1603142195.2764926,74.0
297.0,1603142195.3114207,124.0,1603142195.3114207,74.0
298.0,1603142195.3515735,124.0,1603142195.3515735,74.0
299.0,1603142195.3962986,124.0,1603142195.3962986,74.0
300.0,1603142195.43639,124.0,1603142195.43639,74.0
301.0,1603142195.4767168,124.0,1603142195.4767168,74.0
302.0,1603142195.511401,124.0,1603142195.511401,74.0
303.0,1603142195.5424688,124.0,1603142195.5424688,74.0
304.0,1603142195.586554,124.0,1603142195.586554,74.0
305.0,1603142195.6264932,124.0,1603142195.6264932,74.0
306.0,1603142195.666273,124.0,1603142195.666273,74.0
307.0,1603142195.7063675,124.0,1603142195.7063675,74.0
308.0,1603142195.7425501,124.0,1603142195.7425501,74.0
309.0,1603142195.7863889,124.0,1603142195.7863889,74.0
310.0,1603142195.826453,124.0,1603142195.826453,74.0
311.0,1603142195.8666632,124.0,1603142195.8666632,74.0
312.0,1603142195.9066422,124.0,1603142195.9066422,74.0
313.0,1603142195.9424112,124.0,1603142195.9424112,74.0
314.0,1603142195.9865994,124.0,1603142195.9865994,74.0
315.0,1603142196.0264728,124.0,1603142196.0264728,74.0
316.0,1603142196.066255,124.0,1603142196.066255,74.0
317.0,1603142196.106671,124.0,1603142196.106671,74.0
318.0,1603142196.1414373,124.0,1603142196.142959,74.0
319.0,1603142196.1762912,124.0,1603142196.1762912,74.0
320.0,1603142196.2163925,124.0,1603142196.2163925,74.0
321.0,1603142196.2564685,124.0,1603142196.2564685,74.0
322.0,1603142196.2962735,124.0,1603142196.2962735,74.0
323.0,1603142196.3365004,124.0,1603142196.3365004,74.0
324.0,1603142196.3764029,124.0,1603142196.3764029,74.0
325.0,1603142196.4165645,124.0,1603142196.4165645,74.0
326.0,1603142196.4563565,124.0,1603142196.4563565,74.0
327.0,1603142196.4962547,124.0,1603142196.4962547,74.0
328.0,1603142196.5364664,124.0,1603142196.5364664,74.0
329.0,1603142196.5763538,124.0,1603142196.5773687,74.0
330.0,1603142196.6167042,124.0,1603142196.6167042,74.0
331.0,1603142196.6564546,124.0,1603142196.6564546,74.0
332.0,1603142196.6965282,124.0,1603142196.6965282,74.0
333.0,1603142196.7364125,124.0,1603142196.7364125,74.0
334.0,1603142196.776282,124.0,1603142196.776282,74.0
335.0,1603142196.8167458,124.0,1603142196.8167458,74.0
336.0,1603142196.856528,124.0,1603142196.856528,74.0
337.0,1603142196.8963296,124.0,1603142196.8963296,74.0
338.0,1603142196.9365864,124.0,1603142196.9365864,74.0
339.0,1603142196.9764166,124.0,1603142196.9764166,74.0
340.0,1603142197.016737,124.0,1603142197.016737,74.0
341.0,1603142197.056946,124.0,1603142197.059008,74.0
342.0,1603142197.0964162,124.0,1603142197.0964162,74.0
343.0,1603142197.1364226,124.0,1603142197.1364226,74.0
344.0,1603142197.1762898,124.0,1603142197.1762898,74.0
345.0,1603142197.216766,124.0,1603142197.216766,74.0
346.0,1603142197.2563355,124.0,1603142197.2563355,74.0
347.0,1603142197.2963736,124.0,1603142197.2963736,74.0
348.0,1603142197.3364823,124.0,1603142197.3364823,74.0
349.0,1603142197.3763726,124.0,1603142197.3763726,74.0
350.0,1603142197.4164085,124.0,1603142197.4164085,74.0
351.0,1603142197.4564745,124.0,1603142197.4564745,74.0
352.0,1603142197.4965262,124.0,1603142197.4975379,74.0
353.0,1603142197.5365288,124.0,1603142197.5365288,74.0
354.0,1603142197.5764008,124.0,1603142197.5764008,74.0
355.0,1603142197.6113677,124.0,1603142197.6113677,74.0
356.0,1603142197.6565304,124.0,1603142197.6565304,74.0
357.0,1603142197.6963723,124.0,1603142197.6963723,74.0
358.0,1603142197.7365582,124.0,1603142197.7365582,74.0
359.0,1603142197.776473,124.0,1603142197.776473,74.0
360.0,1603142197.8162997,124.0,1603142197.8162997,74.0
361.0,1603142197.8566833,124.0,1603142197.8566833,74.0
362.0,1603142197.8964443,124.0,1603142197.8964443,74.0
363.0,1603142197.9364698,124.0,1603142197.9364698,74.0
364.0,1603142197.9763784,124.0,1603142197.9763784,74.0
365.0,1603142198.0167308,124.0,1603142198.0167308,74.0
366.0,1603142198.056353,124.0,1603142198.056353,74.0
367.0,1603142198.096451,124.0,1603142198.096451,74.0
368.0,1603142198.1365554,124.0,1603142198.1365554,74.0
369.0,1603142198.1765418,124.0,1603142198.1765418,74.0
370.0,1603142198.216392,124.0,1603142198.216392,74.0
371.0,1603142198.256521,124.0,1603142198.256521,74.0
372.0,1603142198.2965646,124.0,1603142198.2965646,74.0
373.0,1603142198.3364697,124.0,1603142198.3364697,74.0
374.0,1603142198.3764057,124.0,1603142198.3764057,74.0
375.0,1603142198.4166236,124.0,1603142198.4166236,74.0
376.0,1603142198.4563787,124.0,1603142198.4563787,74.0
377.0,1603142198.4963512,124.0,1603142198.4963512,74.0
378.0,1603142198.5365357,124.0,1603142198.5365357,74.0
379.0,1603142198.5765274,124.0,1603142198.5775366,74.0
380.0,1603142198.616696,124.0,1603142198.616696,74.0
381.0,1603142198.6564956,124.0,1603142198.6575065,74.0
382.0,1603142198.6963658,124.0,1603142198.6963658,74.0
383.0,1603142198.7364898,124.0,1603142198.7364898,74.0
384.0,1603142198.7767093,124.0,1603142198.7767093,74.0
385.0,1603142198.8163476,124.0,1603142198.8163476,74.0
386.0,1603142198.8564823,124.0,1603142198.8564823,74.0
387.0,1603142198.8966436,124.0,1603142198.8966436,74.0
388.0,1603142198.9363635,124.0,1603142198.9363635,74.0
389.0,1603142198.9714155,124.0,1603142198.9714155,74.0
390.0,1603142199.0063884,124.0,1603142199.0063884,74.0
391.0,1603142199.0437222,124.0,1603142199.044731,74.0
392.0,1603142199.0866652,124.0,1603142199.0866652,74.0
393.0,1603142199.1263056,124.0,1603142199.1263056,74.0
394.0,1603142199.1665814,124.0,1603142199.1665814,74.0
395.0,1603142199.2064378,124.0,1603142199.2064378,74.0
396.0,1603142199.2435925,124.0,1603142199.2435925,74.0
397.0,1603142199.2862377,124.0,1603142199.2862377,74.0
398.0,1603142199.3262193,124.0,1603142199.3262193,74.0
399.0,1603142199.3665748,124.0,1603142199.3665748,74.0
400.0,1603142199.406517,124.0,1603142199.406517,74.0
401.0,1603142199.4438267,124.0,1603142199.4438267,74.0
402.0,1603142199.486629,124.0,1603142199.486629,74.0
403.0,1603142199.526695,124.0,1603142199.526695,74.0
404.0,1603142199.5665753,124.0,1603142199.5665753,74.0
405.0,1603142199.606423,124.0,1603142199.606423,74.0
406.0,1603142199.643927,124.0,1603142199.643927,74.0
407.0,1603142199.6863961,124.0,1603142199.6863961,74.0
408.0,1603142199.7262437,124.0,1603142199.7262437,74.0
409.0,1603142199.7664604,124.0,1603142199.7664604,74.0
410.0,1603142199.806224,124.0,1603142199.806224,74.0
411.0,1603142199.8439295,124.0,1603142199.8439295,74.0
412.0,1603142199.8865378,124.0,1603142199.8865378,74.0
413.0,1603142199.9264154,124.0,1603142199.9264154,74.0
414.0,1603142199.9665744,124.0,1603142199.9665744,74.0
415.0,1603142200.006415,124.0,1603142200.006415,74.0
416.0,1603142200.0443661,124.0,1603142200.0453784,74.0
417.0,1603142200.0863504,124.0,1603142200.0863504,74.0
418.0,1603142200.1262367,124.0,1603142200.1262367,74.0
419.0,1603142200.166484,124.0,1603142200.166484,74.0
420.0,1603142200.206383,124.0,1603142200.206383,74.0
421.0,1603142200.2448316,124.0,1603142200.2465153,74.0
422.0,1603142200.2865958,124.0,1603142200.2865958,74.0
423.0,1603142200.3266785,124.0,1603142200.3266785,74.0
424.0,1603142200.3665574,124.0,1603142200.3665574,74.0
425.0,1603142200.406495,124.0,1603142200.406495,74.0
426.0,1603142200.4445057,124.0,1603142200.4465313,74.0
427.0,1603142200.481376,124.0,1603142200.481376,74.0
428.0,1603142200.5264094,124.0,1603142200.5264094,74.0
429.0,1603142200.5664103,124.0,1603142200.5664103,74.0
430.0,1603142200.606576,124.0,1603142200.606576,74.0
431.0,1603142200.6447203,124.0,1603142200.6462371,74.0
432.0,1603142200.6864467,124.0,1603142200.6864467,74.0
433.0,1603142200.7262192,124.0,1603142200.7262192,74.0
434.0,1603142200.766541,124.0,1603142200.766541,74.0
435.0,1603142200.8065853,124.0,1603142200.8065853,74.0
436.0,1603142200.8447745,124.0,1603142200.8462873,74.0
437.0,1603142200.8862636,124.0,1603142200.8862636,74.0
438.0,1603142200.926565,124.0,1603142200.926565,74.0
439.0,1603142200.9664865,124.0,1603142200.9664865,74.0
440.0,1603142201.0065234,124.0,1603142201.0065234,74.0
441.0,1603142201.0448525,124.0,1603142201.0464041,74.0
442.0,1603142201.0866542,124.0,1603142201.0866542,74.0
443.0,1603142201.126413,124.0,1603142201.126413,74.0
444.0,1603142201.166416,124.0,1603142201.166416,74.0
445.0,1603142201.206488,124.0,1603142201.206488,74.0
446.0,1603142201.244612,124.0,1603142201.244612,74.0
447.0,1603142201.2816536,124.0,1603142201.2816536,74.0
448.0,1603142201.3264577,124.0,1603142201.3264577,74.0
449.0,1603142201.3665457,124.0,1603142201.3675585,74.0
450.0,1603142201.4064403,124.0,1603142201.4064403,74.0
451.0,1603142201.4445083,124.0,1603142201.4445083,74.0
452.0,1603142201.4866438,124.0,1603142201.4866438,74.0
453.0,1603142201.526282,124.0,1603142201.526282,74.0
454.0,1603142201.56672,124.0,1603142201.5677388,74.0
455.0,1603142201.606607,124.0,1603142201.606607,74.0
456.0,1603142201.6445367,124.0,1603142201.6445367,74.0
457.0,1603142201.6864665,124.0,1603142201.6864665,74.0
458.0,1603142201.726212,124.0,1603142201.726212,74.0
459.0,1603142201.7665863,124.0,1603142201.7665863,74.0
460.0,1603142201.8063354,124.0,1603142201.8063354,74.0
461.0,1603142201.844586,124.0,1603142201.844586,74.0
462.0,1603142201.886376,124.0,1603142201.886376,74.0
463.0,1603142201.926209,124.0,1603142201.926209,74.0
464.0,1603142201.9665556,124.0,1603142201.9665556,74.0
465.0,1603142202.0066857,124.0,1603142202.0066857,74.0
466.0,1603142202.044869,124.0,1603142202.0463839,74.0
467.0,1603142202.0865877,124.0,1603142202.0865877,74.0
468.0,1603142202.126722,124.0,1603142202.126722,74.0
469.0,1603142202.1665184,124.0,1603142202.1665184,74.0
470.0,1603142202.2063332,124.0,1603142202.2063332,74.0
471.0,1603142202.2446456,124.0,1603142202.2446456,74.0
472.0,1603142202.286446,124.0,1603142202.286446,74.0
473.0,1603142202.3262255,124.0,1603142202.3262255,74.0
474.0,1603142202.3665664,124.0,1603142202.3665664,74.0
475.0,1603142202.406682,124.0,1603142202.406682,74.0
476.0,1603142202.4449317,124.0,1603142202.4449317,74.0
477.0,1603142202.4865634,124.0,1603142202.4865634,74.0
478.0,1603142202.5262787,124.0,1603142202.5262787,74.0
479.0,1603142202.5664446,124.0,1603142202.5664446,74.0
480.0,1603142202.606556,124.0,1603142202.606556,74.0
481.0,1603142202.6452222,124.0,1603142202.6467369,74.0
482.0,1603142202.6863337,124.0,1603142202.6863337,74.0
483.0,1603142202.7262437,124.0,1603142202.7262437,74.0
484.0,1603142202.7662628,124.0,1603142202.7662628,74.0
485.0,1603142202.8065562,124.0,1603142202.8065562,74.0
486.0,1603142202.8452227,124.0,1603142202.846256,74.0
487.0,1603142202.8863814,124.0,1603142202.8863814,74.0
488.0,1603142202.9262297,124.0,1603142202.9262297,74.0
489.0,1603142202.966623,124.0,1603142202.967633,74.0
490.0,1603142203.0066311,124.0,1603142203.0066311,74.0
491.0,1603142203.0454314,124.0,1603142203.0464542,74.0
492.0,1603142203.0863101,124.0,1603142203.0863101,74.0
493.0,1603142203.126254,124.0,1603142203.126254,74.0
494.0,1603142203.1664782,124.0,1603142203.1664782,74.0
495.0,1603142203.2066345,124.0,1603142203.2066345,74.0
496.0,1603142203.2458162,124.0,1603142203.2463696,74.0
497.0,1603142203.28628,124.0,1603142203.28628,74.0
498.0,1603142203.326565,124.0,1603142203.326565,74.0
499.0,1603142203.3665538,124.0,1603142203.3665538,74.0
500.0,1603142203.4067001,124.0,1603142203.4067001,74.0
501.0,1603142203.4466083,124.0,1603142203.4466083,74.0
502.0,1603142203.4862773,124.0,1603142203.4862773,74.0
503.0,1603142203.5262406,124.0,1603142203.5262406,74.0
504.0,1603142203.5664308,124.0,1603142203.5664308,74.0
505.0,1603142203.6066668,124.0,1603142203.6066668,74.0
506.0,1603142203.6465657,124.0,1603142203.6465657,74.0
507.0,1603142203.6863203,124.0,1603142203.6863203,74.0
508.0,1603142203.7262988,124.0,1603142203.7262988,74.0
509.0,1603142203.7665584,124.0,1603142203.7665584,74.0
510.0,1603142203.8066294,124.0,1603142203.8066294,74.0
511.0,1603142203.8460665,124.0,1603142203.846584,74.0
512.0,1603142203.8864791,124.0,1603142203.887492,74.0
513.0,1603142203.9264054,124.0,1603142203.9264054,74.0
514.0,1603142203.9665205,124.0,1603142203.9665205,74.0
515.0,1603142204.0066156,124.0,1603142204.0066156,74.0
516.0,1603142204.0467935,124.0,1603142204.0467935,74.0
517.0,1603142204.086461,124.0,1603142204.086461,74.0
518.0,1603142204.12646,124.0,1603142204.12646,74.0
519.0,1603142204.1666868,124.0,1603142204.1666868,74.0
520.0,1603142204.2062836,124.0,1603142204.2062836,74.0
521.0,1603142204.2465615,124.0,1603142204.2465699,74.0
522.0,1603142204.28663,124.0,1603142204.28663,74.0
523.0,1603142204.3264792,124.0,1603142204.3274906,74.0
524.0,1603142204.3665426,124.0,1603142204.3665426,74.0
525.0,1603142204.4062426,124.0,1603142204.4062426,74.0
526.0,1603142204.4457974,124.0,1603142204.4463089,74.0
527.0,1603142204.48624,124.0,1603142204.48624,74.0
528.0,1603142204.526336,124.0,1603142204.526336,74.0
529.0,1603142204.5616267,124.0,1603142204.5616267,74.0
530.0,1603142204.6065516,124.0,1603142204.6065516,74.0
531.0,1603142204.645453,124.0,1603142204.6464717,74.0
532.0,1603142204.6863449,124.0,1603142204.6863449,74.0
533.0,1603142204.7267153,124.0,1603142204.7267153,74.0
534.0,1603142204.7666526,124.0,1603142204.7666526,74.0
535.0,1603142204.806497,124.0,1603142204.806497,74.0
536.0,1603142204.8465335,124.0,1603142204.8475451,74.0
537.0,1603142204.8863063,124.0,1603142204.8863063,74.0
538.0,1603142204.9264326,124.0,1603142204.9264326,74.0
539.0,1603142204.9665248,124.0,1603142204.9665248,74.0
540.0,1603142205.0067039,124.0,1603142205.0067039,74.0
541.0,1603142205.0461972,124.0,1603142205.0467064,74.0
542.0,1603142205.0865338,124.0,1603142205.0865338,74.0
543.0,1603142205.126703,124.0,1603142205.126703,74.0
544.0,1603142205.1664424,124.0,1603142205.1664424,74.0
545.0,1603142205.2066371,124.0,1603142205.2066371,74.0
546.0,1603142205.246318,124.0,1603142205.246318,74.0
547.0,1603142205.2867002,124.0,1603142205.2867002,74.0
548.0,1603142205.3265219,124.0,1603142205.3265219,74.0
549.0,1603142205.3665454,124.0,1603142205.3665454,74.0
550.0,1603142205.406374,124.0,1603142205.406374,74.0
551.0,1603142205.4465237,124.0,1603142205.4465237,74.0
552.0,1603142205.4866905,124.0,1603142205.4866905,74.0
553.0,1603142205.5267403,124.0,1603142205.5267403,74.0
554.0,1603142205.5665557,124.0,1603142205.5665557,74.0
555.0,1603142205.606465,124.0,1603142205.606465,74.0
556.0,1603142205.64647,124.0,1603142205.64647,74.0
557.0,1603142205.686308,124.0,1603142205.6873183,74.0
558.0,1603142205.726305,124.0,1603142205.726305,74.0
559.0,1603142205.76656,124.0,1603142205.76656,74.0
560.0,1603142205.806592,124.0,1603142205.806592,74.0
561.0,1603142205.8467312,124.0,1603142205.8467312,74.0
562.0,1603142205.8865025,124.0,1603142205.8865025,74.0
563.0,1603142205.9267147,124.0,1603142205.9267147,74.0
564.0,1603142205.9665718,124.0,1603142205.9665718,74.0
565.0,1603142206.0065784,124.0,1603142206.0065784,74.0
566.0,1603142206.046588,124.0,1603142206.046588,74.0
567.0,1603142206.0863588,124.0,1603142206.0863588,74.0
568.0,1603142206.1266103,124.0,1603142206.1266103,74.0
569.0,1603142206.1664977,124.0,1603142206.1664977,74.0
570.0,1603142206.206538,124.0,1603142206.206538,74.0
571.0,1603142206.2465641,124.0,1603142206.2465641,74.0
572.0,1603142206.2864869,124.0,1603142206.2864869,74.0
573.0,1603142206.326714,124.0,1603142206.326714,74.0
574.0,1603142206.3666832,124.0,1603142206.3666832,74.0
575.0,1603142206.4064512,124.0,1603142206.4064512,74.0
576.0,1603142206.4463453,124.0,1603142206.4468577,74.0
577.0,1603142206.4862053,124.0,1603142206.4862053,74.0
578.0,1603142206.5263321,124.0,1603142206.5263321,74.0
579.0,1603142206.566577,124.0,1603142206.5675895,74.0
580.0,1603142206.60656,124.0,1603142206.60656,74.0
581.0,1603142206.64636,124.0,1603142206.6474,74.0
582.0,1603142206.6863365,124.0,1603142206.6863365,74.0
583.0,1603142206.726241,124.0,1603142206.726241,74.0
584.0,1603142206.7666852,124.0,1603142206.7666852,74.0
585.0,1603142206.8066444,124.0,1603142206.8066444,74.0
586.0,1603142206.846582,124.0,1603142206.847615,74.0
587.0,1603142206.8867123,124.0,1603142206.8867123,74.0
588.0,1603142206.9265783,124.0,1603142206.9265783,74.0
589.0,1603142206.9666789,124.0,1603142206.9666789,74.0
590.0,1603142207.0066295,124.0,1603142207.0066295,74.0
591.0,1603142207.0465958,124.0,1603142207.048114,74.0
592.0,1603142207.0871987,124.0,1603142207.0882962,74.0
593.0,1603142207.12624,124.0,1603142207.12624,74.0
594.0,1603142207.1665454,124.0,1603142207.1665454,74.0
595.0,1603142207.2065628,124.0,1603142207.2065628,74.0
596.0,1603142207.2465057,124.0,1603142207.2480297,74.0
597.0,1603142207.2866862,124.0,1603142207.2866862,74.0
598.0,1603142207.3262453,124.0,1603142207.3262453,74.0
599.0,1603142207.3666112,124.0,1603142207.3666112,74.0
600.0,1603142207.406254,124.0,1603142207.406254,74.0
601.0,1603142207.4466946,124.0,1603142207.4482145,74.0
602.0,1603142207.4863603,124.0,1603142207.4863603,74.0
603.0,1603142207.5261903,124.0,1603142207.5261903,74.0
604.0,1603142207.5665123,124.0,1603142207.5665123,74.0
605.0,1603142207.6062572,124.0,1603142207.6062572,74.0
606.0,1603142207.6464102,124.0,1603142207.6484234,74.0
607.0,1603142207.6866205,124.0,1603142207.6866205,74.0
608.0,1603142207.7263105,124.0,1603142207.7263105,74.0
609.0,1603142207.7664516,124.0,1603142207.7664516,74.0
610.0,1603142207.806621,124.0,1603142207.806621,74.0
611.0,1603142207.8465767,124.0,1603142207.848587,74.0
612.0,1603142207.8865237,124.0,1603142207.8865237,74.0
613.0,1603142207.9264243,124.0,1603142207.9264243,74.0
614.0,1603142207.9663804,124.0,1603142207.9663804,74.0
615.0,1603142208.0066257,124.0,1603142208.0066257,74.0
616.0,1603142208.0465732,124.0,1603142208.0465732,74.0
617.0,1603142208.0867033,124.0,1603142208.0867033,74.0
618.0,1603142208.1266508,124.0,1603142208.1266508,74.0
619.0,1603142208.1664097,124.0,1603142208.1664097,74.0
620.0,1603142208.206366,124.0,1603142208.206366,74.0
621.0,1603142208.2465384,124.0,1603142208.2465384,74.0
622.0,1603142208.2866852,124.0,1603142208.2866852,74.0
623.0,1603142208.326619,124.0,1603142208.326619,74.0
624.0,1603142208.3664439,124.0,1603142208.3664439,74.0
625.0,1603142208.406392,124.0,1603142208.406392,74.0
626.0,1603142208.4463716,124.0,1603142208.4463716,74.0
627.0,1603142208.4825668,124.0,1603142208.4845626,74.0
